"studyid","subjid","deemedimportant","dvdecod","dvterm","dvdtm"
"AA-AA-000-0000","S30541","No","Study Procedures","Inclusion/Exclusion description",2012-01-01
"AA-AA-000-0000","S5140","Yes","Study Procedures","Inclusion/Exclusion description",2012-01-01
"AA-AA-000-0000","S23661","Yes","Inclusion Criteria","Inclusion/Exclusion description",2012-01-01
"AA-AA-000-0000","S2143","Yes","Informed Consent","Inclusion/Exclusion description",2012-01-01
"AA-AA-000-0000","S83282","No","Informed Consent","Inclusion/Exclusion description",2012-01-01
"AA-AA-000-0000","S71069","No","Missing Data","Inclusion/Exclusion description",2012-01-01
"AA-AA-000-0000","S56762","Yes","Inclusion Criteria","Inclusion/Exclusion description",2012-01-01
"AA-AA-000-0000","S95900","Yes","Exclusion Criteria","Inclusion/Exclusion description",2012-01-01
"AA-AA-000-0000","S56565","No","Missing Data","Inclusion/Exclusion description",2012-01-01
"AA-AA-000-0000","S62190","No","Missing Data","Inclusion/Exclusion description",2012-01-01
"AA-AA-000-0000","S58315","Yes","Missing Data","Inclusion/Exclusion description",2012-01-01
"AA-AA-000-0000","S52552","Yes","Informed Consent","Inclusion/Exclusion description",2012-01-01
"AA-AA-000-0000","S79201","Yes","Study Procedures","Inclusion/Exclusion description",2012-01-01
"AA-AA-000-0000","S1663","No","Missing Data","Inclusion/Exclusion description",2012-01-01
"AA-AA-000-0000","S9242","No","Study Procedures","Inclusion/Exclusion description",2012-01-01
"AA-AA-000-0000","S10169","Yes","Study Procedures","Inclusion/Exclusion description",2012-01-01
"AA-AA-000-0000","S85511","Yes","Missing Data","Inclusion/Exclusion description",2012-01-01
"AA-AA-000-0000","S58829","Yes","Study Procedures","Inclusion/Exclusion description",2012-01-01
"AA-AA-000-0000","S41703","No","Inclusion Criteria","Inclusion/Exclusion description",2012-01-01
"AA-AA-000-0000","S95900","No","Study Procedures","Inclusion/Exclusion description",2012-01-01
"AA-AA-000-0000","S79133","No","Informed Consent","Inclusion/Exclusion description",2012-01-01
"AA-AA-000-0000","S70984","Yes","Study Procedures","Inclusion/Exclusion description",2012-01-01
"AA-AA-000-0000","S42745","Yes","Informed Consent","Inclusion/Exclusion description",2012-01-01
"AA-AA-000-0000","S70984","No","Missing Data","Inclusion/Exclusion description",2012-01-01
"AA-AA-000-0000","S30541","No","Informed Consent","Inclusion/Exclusion description",2012-01-01
"AA-AA-000-0000","S61441","Yes","Missing Data","Inclusion/Exclusion description",2012-01-01
"AA-AA-000-0000","S14522","Yes","Study Procedures","Inclusion/Exclusion description",2012-01-01
"AA-AA-000-0000","S74654","Yes","Informed Consent","Inclusion/Exclusion description",2012-01-01
"AA-AA-000-0000","S47665","Yes","Exclusion Criteria","Inclusion/Exclusion description",2012-01-01
"AA-AA-000-0000","S95593","No","Study Procedures","Inclusion/Exclusion description",2012-01-01
"AA-AA-000-0000","S60126","No","Informed Consent","Inclusion/Exclusion description",2012-01-01
"AA-AA-000-0000","S9051","No","Informed Consent","Inclusion/Exclusion description",2012-01-01
"AA-AA-000-0000","S42751","No","Informed Consent","Inclusion/Exclusion description",2012-01-01
"AA-AA-000-0000","S61441","No","Missing Data","Inclusion/Exclusion description",2012-01-01
"AA-AA-000-0000","S76053","Yes","Exclusion Criteria","Inclusion/Exclusion description",2012-01-01
"AA-AA-000-0000","S18875","No","Study Procedures","Inclusion/Exclusion description",2012-01-01
"AA-AA-000-0000","S37519","No","Study Procedures","Inclusion/Exclusion description",2012-01-01
"AA-AA-000-0000","S384","Yes","Missing Data","Inclusion/Exclusion description",2012-01-01
"AA-AA-000-0000","S42450","Yes","Study Procedures","Inclusion/Exclusion description",2012-01-01
"AA-AA-000-0000","S28631","No","Informed Consent","Inclusion/Exclusion description",2012-01-01
"AA-AA-000-0000","S64117","Yes","Study Procedures","Inclusion/Exclusion description",2012-01-01
"AA-AA-000-0000","S14454","No","Missing Data","Inclusion/Exclusion description",2012-01-01
"AA-AA-000-0000","S30683","No","Study Procedures","Inclusion/Exclusion description",2012-01-01
"AA-AA-000-0000","S15521","Yes","Missing Data","Inclusion/Exclusion description",2012-01-01
"AA-AA-000-0000","S80098","Yes","Study Procedures","Inclusion/Exclusion description",2012-01-01
"AA-AA-000-0000","S42412","Yes","Missing Data","Inclusion/Exclusion description",2012-01-01
"AA-AA-000-0000","S52444","Yes","Informed Consent","Inclusion/Exclusion description",2012-01-01
"AA-AA-000-0000","S43101","Yes","Informed Consent","Inclusion/Exclusion description",2012-01-01
"AA-AA-000-0000","S384","No","Missing Data","Inclusion/Exclusion description",2012-01-01
"AA-AA-000-0000","S61441","No","Study Procedures","Inclusion/Exclusion description",2012-01-01
"AA-AA-000-0000","S53524","No","Missing Data","Inclusion/Exclusion description",2012-01-01
"AA-AA-000-0000","S44160","Yes","Missing Data","Inclusion/Exclusion description",2012-01-01
"AA-AA-000-0000","S5140","Yes","Exclusion Criteria","Inclusion/Exclusion description",2012-01-01
"AA-AA-000-0000","S30541","Yes","Missing Data","Inclusion/Exclusion description",2012-01-01
"AA-AA-000-0000","S7395","Yes","Missing Data","Inclusion/Exclusion description",2012-01-01
"AA-AA-000-0000","S50681","No","Missing Data","Inclusion/Exclusion description",2012-01-01
"AA-AA-000-0000","S29898","No","Study Procedures","Inclusion/Exclusion description",2012-01-01
"AA-AA-000-0000","S76871","No","Informed Consent","Inclusion/Exclusion description",2012-01-01
"AA-AA-000-0000","S35306","No","Missing Data","Inclusion/Exclusion description",2012-01-01
"AA-AA-000-0000","S19156","No","Study Procedures","Inclusion/Exclusion description",2012-01-01
"AA-AA-000-0000","S7173","Yes","Study Procedures","Inclusion/Exclusion description",2012-01-01
"AA-AA-000-0000","S15521","No","Informed Consent","Inclusion/Exclusion description",2012-01-01
"AA-AA-000-0000","S28699","No","Study Procedures","Inclusion/Exclusion description",2012-01-01
"AA-AA-000-0000","S95593","No","Informed Consent","Inclusion/Exclusion description",2012-01-01
"AA-AA-000-0000","S70984","No","Study Procedures","Inclusion/Exclusion description",2012-01-01
"AA-AA-000-0000","S84021","Yes","Informed Consent","Inclusion/Exclusion description",2012-01-01
"AA-AA-000-0000","S43843","Yes","Study Procedures","Inclusion/Exclusion description",2012-01-01
"AA-AA-000-0000","S40526","Yes","Informed Consent","Inclusion/Exclusion description",2012-01-01
"AA-AA-000-0000","S80827","Yes","Informed Consent","Inclusion/Exclusion description",2012-01-01
"AA-AA-000-0000","S85279","No","Missing Data","Inclusion/Exclusion description",2012-01-01
"AA-AA-000-0000","S81402","No","Missing Data","Inclusion/Exclusion description",2012-01-01
"AA-AA-000-0000","S74519","No","Exclusion Criteria","Inclusion/Exclusion description",2012-01-01
"AA-AA-000-0000","S79201","No","Informed Consent","Inclusion/Exclusion description",2012-01-01
"AA-AA-000-0000","S5199","Yes","Informed Consent","Inclusion/Exclusion description",2012-01-01
"AA-AA-000-0000","S5199","Yes","Missing Data","Inclusion/Exclusion description",2012-01-01
"AA-AA-000-0000","S28699","No","Informed Consent","Inclusion/Exclusion description",2012-01-01
"AA-AA-000-0000","S10264","No","Study Procedures","Inclusion/Exclusion description",2012-01-01
"AA-AA-000-0000","S2969","Yes","Study Procedures","Inclusion/Exclusion description",2012-01-01
"AA-AA-000-0000","S28631","Yes","Study Procedures","Inclusion/Exclusion description",2012-01-01
"AA-AA-000-0000","S84021","No","Missing Data","Inclusion/Exclusion description",2012-01-01
"AA-AA-000-0000","S2969","No","Study Procedures","Inclusion/Exclusion description",2012-01-01
"AA-AA-000-0000","S61099","No","Inclusion Criteria","Inclusion/Exclusion description",2012-01-01
"AA-AA-000-0000","S47175","Yes","Missing Data","Inclusion/Exclusion description",2012-01-01
"AA-AA-000-0000","S80827","Yes","Missing Data","Inclusion/Exclusion description",2012-01-01
"AA-AA-000-0000","S2143","Yes","Missing Data","Inclusion/Exclusion description",2012-01-01
"AA-AA-000-0000","S70984","Yes","Inclusion Criteria","Inclusion/Exclusion description",2012-01-01
"AA-AA-000-0000","S23519","Yes","Study Procedures","Inclusion/Exclusion description",2012-01-01
"AA-AA-000-0000","S40526","Yes","Study Procedures","Inclusion/Exclusion description",2012-01-01
"AA-AA-000-0000","S92817","Yes","Missing Data","Inclusion/Exclusion description",2012-01-01
"AA-AA-000-0000","S17427","Yes","Missing Data","Inclusion/Exclusion description",2012-01-01
"AA-AA-000-0000","S49825","No","Missing Data","Inclusion/Exclusion description",2012-01-01
"AA-AA-000-0000","S23519","No","Informed Consent","Inclusion/Exclusion description",2012-01-01
"AA-AA-000-0000","S79328","No","Missing Data","Inclusion/Exclusion description",2012-01-01
"AA-AA-000-0000","S80827","No","Missing Data","Inclusion/Exclusion description",2012-01-01
"AA-AA-000-0000","S14454","No","Missing Data","Inclusion/Exclusion description",2012-01-01
"AA-AA-000-0000","S27433","No","Informed Consent","Inclusion/Exclusion description",2012-01-01
"AA-AA-000-0000","S7173","No","Missing Data","Inclusion/Exclusion description",2012-01-01
"AA-AA-000-0000","S13713","Yes","Study Procedures","Inclusion/Exclusion description",2012-01-01
"AA-AA-000-0000","S61441","No","Missing Data","Inclusion/Exclusion description",2012-01-01
"AA-AA-000-0000","S61242","Yes","Exclusion Criteria","Inclusion/Exclusion description",2012-01-01
"AA-AA-000-0000","S91185","Yes","Missing Data","Inclusion/Exclusion description",2012-01-01
"AA-AA-000-0000","S36762","Yes","Informed Consent","Inclusion/Exclusion description",2012-01-01
"AA-AA-000-0000","S14454","No","Missing Data","Inclusion/Exclusion description",2012-01-01
"AA-AA-000-0000","S46976","No","Study Procedures","Inclusion/Exclusion description",2012-01-01
"AA-AA-000-0000","S95593","Yes","Informed Consent","Inclusion/Exclusion description",2012-01-01
"AA-AA-000-0000","S46390","Yes","Study Procedures","Inclusion/Exclusion description",2012-01-01
"AA-AA-000-0000","S69434","No","Missing Data","Inclusion/Exclusion description",2012-01-01
"AA-AA-000-0000","S50653","No","Informed Consent","Inclusion/Exclusion description",2012-01-01
"AA-AA-000-0000","S66721","No","Informed Consent","Inclusion/Exclusion description",2012-01-01
"AA-AA-000-0000","S41703","Yes","Study Procedures","Inclusion/Exclusion description",2012-01-01
"AA-AA-000-0000","S84021","Yes","Informed Consent","Inclusion/Exclusion description",2012-01-01
"AA-AA-000-0000","S66721","No","Informed Consent","Inclusion/Exclusion description",2012-01-01
"AA-AA-000-0000","S35834","Yes","Inclusion Criteria","Inclusion/Exclusion description",2012-01-01
"AA-AA-000-0000","S52444","No","Study Procedures","Inclusion/Exclusion description",2012-01-01
"AA-AA-000-0000","S47153","No","Informed Consent","Inclusion/Exclusion description",2012-01-01
"AA-AA-000-0000","S40526","Yes","Missing Data","Inclusion/Exclusion description",2012-01-01
"AA-AA-000-0000","S2143","Yes","Informed Consent","Inclusion/Exclusion description",2012-01-01
"AA-AA-000-0000","S81289","Yes","Inclusion Criteria","Inclusion/Exclusion description",2012-01-01
"AA-AA-000-0000","S5140","No","Informed Consent","Inclusion/Exclusion description",2012-01-01
"AA-AA-000-0000","S17427","Yes","Informed Consent","Inclusion/Exclusion description",2012-01-01
"AA-AA-000-0000","S20971","No","Study Procedures","Inclusion/Exclusion description",2012-01-01
"AA-AA-000-0000","S21491","No","Exclusion Criteria","Inclusion/Exclusion description",2012-01-01
"AA-AA-000-0000","S56659","No","Informed Consent","Inclusion/Exclusion description",2012-01-01
"AA-AA-000-0000","S59912","Yes","Study Procedures","Inclusion/Exclusion description",2012-01-01
"AA-AA-000-0000","S75468","No","Missing Data","Inclusion/Exclusion description",2012-01-01
"AA-AA-000-0000","S44278","Yes","Missing Data","Inclusion/Exclusion description",2012-01-01
"AA-AA-000-0000","S6557","Yes","Study Procedures","Inclusion/Exclusion description",2012-01-01
"AA-AA-000-0000","S27433","No","Study Procedures","Inclusion/Exclusion description",2012-01-01
"AA-AA-000-0000","S52979","No","Study Procedures","Inclusion/Exclusion description",2012-01-01
"AA-AA-000-0000","S99475","Yes","Informed Consent","Inclusion/Exclusion description",2012-01-01
"AA-AA-000-0000","S31644","Yes","Missing Data","Inclusion/Exclusion description",2012-01-01
"AA-AA-000-0000","S98371","No","Missing Data","Inclusion/Exclusion description",2012-01-01
"AA-AA-000-0000","S2969","No","Missing Data","Inclusion/Exclusion description",2012-01-01
"AA-AA-000-0000","S56762","No","Study Procedures","Inclusion/Exclusion description",2012-01-01
"AA-AA-000-0000","S98820","Yes","Informed Consent","Inclusion/Exclusion description",2012-01-01
"AA-AA-000-0000","S99925","No","Informed Consent","Inclusion/Exclusion description",2012-01-01
"AA-AA-000-0000","S23661","No","Exclusion Criteria","Inclusion/Exclusion description",2012-01-01
"AA-AA-000-0000","S64268","Yes","Study Procedures","Inclusion/Exclusion description",2012-01-01
"AA-AA-000-0000","S64117","No","Study Procedures","Inclusion/Exclusion description",2012-01-01
"AA-AA-000-0000","S79133","Yes","Informed Consent","Inclusion/Exclusion description",2012-01-01
"AA-AA-000-0000","S98653","No","Informed Consent","Inclusion/Exclusion description",2012-01-01
"AA-AA-000-0000","S1663","Yes","Missing Data","Inclusion/Exclusion description",2012-01-01
"AA-AA-000-0000","S42751","No","Informed Consent","Inclusion/Exclusion description",2012-01-01
"AA-AA-000-0000","S70984","Yes","Informed Consent","Inclusion/Exclusion description",2012-01-01
"AA-AA-000-0000","S64268","Yes","Inclusion Criteria","Inclusion/Exclusion description",2012-01-01
"AA-AA-000-0000","S50779","Yes","Missing Data","Inclusion/Exclusion description",2012-01-01
"AA-AA-000-0000","S95593","Yes","Study Procedures","Inclusion/Exclusion description",2012-01-01
"AA-AA-000-0000","S80098","No","Missing Data","Inclusion/Exclusion description",2012-01-01
"AA-AA-000-0000","S69485","No","Study Procedures","Inclusion/Exclusion description",2012-01-01
"AA-AA-000-0000","S44278","Yes","Study Procedures","Inclusion/Exclusion description",2012-01-01
"AA-AA-000-0000","S42441","No","Exclusion Criteria","Inclusion/Exclusion description",2012-01-01
"AA-AA-000-0000","S76017","No","Informed Consent","Inclusion/Exclusion description",2012-01-01
"AA-AA-000-0000","S75468","No","Informed Consent","Inclusion/Exclusion description",2012-01-01
"AA-AA-000-0000","S5140","Yes","Study Procedures","Inclusion/Exclusion description",2012-01-01
"AA-AA-000-0000","S28543","No","Informed Consent","Inclusion/Exclusion description",2012-01-01
"AA-AA-000-0000","S85511","Yes","Study Procedures","Inclusion/Exclusion description",2012-01-01
"AA-AA-000-0000","S28699","No","Informed Consent","Inclusion/Exclusion description",2012-01-01
"AA-AA-000-0000","S15030","No","Study Procedures","Inclusion/Exclusion description",2012-01-01
"AA-AA-000-0000","S37519","Yes","Informed Consent","Inclusion/Exclusion description",2012-01-01
"AA-AA-000-0000","S89271","No","Study Procedures","Inclusion/Exclusion description",2012-01-01
"AA-AA-000-0000","S82502","No","Missing Data","Inclusion/Exclusion description",2012-01-01
"AA-AA-000-0000","S81402","Yes","Inclusion Criteria","Inclusion/Exclusion description",2012-01-01
"AA-AA-000-0000","S40145","Yes","Missing Data","Inclusion/Exclusion description",2012-01-01
"AA-AA-000-0000","S61670","No","Missing Data","Inclusion/Exclusion description",2012-01-01
"AA-AA-000-0000","S76053","Yes","Informed Consent","Inclusion/Exclusion description",2012-01-01
"AA-AA-000-0000","S85481","Yes","Study Procedures","Inclusion/Exclusion description",2012-01-01
"AA-AA-000-0000","S94352","No","Missing Data","Inclusion/Exclusion description",2012-01-01
"AA-AA-000-0000","S76017","No","Informed Consent","Inclusion/Exclusion description",2012-01-01
"AA-AA-000-0000","S52444","Yes","Missing Data","Inclusion/Exclusion description",2012-01-01
"AA-AA-000-0000","S88436","Yes","Study Procedures","Inclusion/Exclusion description",2012-01-01
"AA-AA-000-0000","S43474","No","Inclusion Criteria","Inclusion/Exclusion description",2012-01-01
"AA-AA-000-0000","S5199","No","Missing Data","Inclusion/Exclusion description",2012-01-01
"AA-AA-000-0000","S56847","Yes","Study Procedures","Inclusion/Exclusion description",2012-01-01
"AA-AA-000-0000","S97137","Yes","Informed Consent","Inclusion/Exclusion description",2012-01-01
"AA-AA-000-0000","S56091","Yes","Study Procedures","Inclusion/Exclusion description",2012-01-01
"AA-AA-000-0000","S99925","Yes","Missing Data","Inclusion/Exclusion description",2012-01-01
"AA-AA-000-0000","S95900","No","Study Procedures","Inclusion/Exclusion description",2012-01-01
"AA-AA-000-0000","S90150","No","Missing Data","Inclusion/Exclusion description",2012-01-01
"AA-AA-000-0000","S83282","No","Missing Data","Inclusion/Exclusion description",2012-01-01
"AA-AA-000-0000","S14454","No","Missing Data","Inclusion/Exclusion description",2012-01-01
"AA-AA-000-0000","S73715","No","Missing Data","Inclusion/Exclusion description",2012-01-01
"AA-AA-000-0000","S30541","Yes","Missing Data","Inclusion/Exclusion description",2012-01-01
"AA-AA-000-0000","S43843","No","Missing Data","Inclusion/Exclusion description",2012-01-01
"AA-AA-000-0000","S95593","No","Inclusion Criteria","Inclusion/Exclusion description",2012-01-01
"AA-AA-000-0000","S2293","Yes","Informed Consent","Inclusion/Exclusion description",2012-01-01
"AA-AA-000-0000","S79201","No","Study Procedures","Inclusion/Exclusion description",2012-01-01
"AA-AA-000-0000","S85481","Yes","Informed Consent","Inclusion/Exclusion description",2012-01-01
"AA-AA-000-0000","S66618","Yes","Missing Data","Inclusion/Exclusion description",2012-01-01
"AA-AA-000-0000","S42358","No","Missing Data","Inclusion/Exclusion description",2012-01-01
"AA-AA-000-0000","S94724","Yes","Study Procedures","Inclusion/Exclusion description",2012-01-01
"AA-AA-000-0000","S50681","No","Study Procedures","Inclusion/Exclusion description",2012-01-01
"AA-AA-000-0000","S35306","No","Study Procedures","Inclusion/Exclusion description",2012-01-01
"AA-AA-000-0000","S94724","No","Informed Consent","Inclusion/Exclusion description",2012-01-01
"AA-AA-000-0000","S84022","No","Informed Consent","Inclusion/Exclusion description",2012-01-01
"AA-AA-000-0000","S99639","No","Study Procedures","Inclusion/Exclusion description",2012-01-01
"AA-AA-000-0000","S58315","No","Study Procedures","Inclusion/Exclusion description",2012-01-01
"AA-AA-000-0000","S31644","No","Study Procedures","Inclusion/Exclusion description",2012-01-01
"AA-AA-000-0000","S74728","Yes","Inclusion Criteria","Inclusion/Exclusion description",2012-01-01
"AA-AA-000-0000","S19104","No","Missing Data","Inclusion/Exclusion description",2012-01-01
"AA-AA-000-0000","S91185","No","Missing Data","Inclusion/Exclusion description",2012-01-01
"AA-AA-000-0000","S88436","No","Missing Data","Inclusion/Exclusion description",2012-01-01
"AA-AA-000-0000","S32336","No","Informed Consent","Inclusion/Exclusion description",2012-01-01
"AA-AA-000-0000","S56091","No","Informed Consent","Inclusion/Exclusion description",2012-01-01
"AA-AA-000-0000","S32805","Yes","Informed Consent","Inclusion/Exclusion description",2012-01-01
"AA-AA-000-0000","S81402","Yes","Study Procedures","Inclusion/Exclusion description",2012-01-01
"AA-AA-000-0000","S19104","No","Study Procedures","Inclusion/Exclusion description",2012-01-01
"AA-AA-000-0000","S83058","No","Informed Consent","Inclusion/Exclusion description",2012-01-01
"AA-AA-000-0000","S95593","Yes","Informed Consent","Inclusion/Exclusion description",2012-01-01
"AA-AA-000-0000","S20971","No","Study Procedures","Inclusion/Exclusion description",2012-01-01
"AA-AA-000-0000","S81289","Yes","Missing Data","Inclusion/Exclusion description",2012-01-01
"AA-AA-000-0000","S42412","Yes","Missing Data","Inclusion/Exclusion description",2012-01-01
"AA-AA-000-0000","S2856","Yes","Missing Data","Inclusion/Exclusion description",2012-01-01
"AA-AA-000-0000","S19608","Yes","Missing Data","Inclusion/Exclusion description",2012-01-01
"AA-AA-000-0000","S92817","No","Informed Consent","Inclusion/Exclusion description",2012-01-01
"AA-AA-000-0000","S98653","Yes","Informed Consent","Inclusion/Exclusion description",2012-01-01
"AA-AA-000-0000","S41703","Yes","Missing Data","Inclusion/Exclusion description",2012-01-01
"AA-AA-000-0000","S80827","Yes","Informed Consent","Inclusion/Exclusion description",2012-01-01
"AA-AA-000-0000","S17064","Yes","Inclusion Criteria","Inclusion/Exclusion description",2012-01-01
"AA-AA-000-0000","S46390","Yes","Informed Consent","Inclusion/Exclusion description",2012-01-01
"AA-AA-000-0000","S27507","Yes","Informed Consent","Inclusion/Exclusion description",2012-01-01
"AA-AA-000-0000","S18875","No","Exclusion Criteria","Inclusion/Exclusion description",2012-01-01
"AA-AA-000-0000","S17064","Yes","Missing Data","Inclusion/Exclusion description",2012-01-01
"AA-AA-000-0000","S84022","No","Informed Consent","Inclusion/Exclusion description",2012-01-01
"AA-AA-000-0000","S73715","No","Study Procedures","Inclusion/Exclusion description",2012-01-01
"AA-AA-000-0000","S98267","Yes","Missing Data","Inclusion/Exclusion description",2012-01-01
"AA-AA-000-0000","S9242","Yes","Study Procedures","Inclusion/Exclusion description",2012-01-01
"AA-AA-000-0000","S384","No","Study Procedures","Inclusion/Exclusion description",2012-01-01
"AA-AA-000-0000","S61099","No","Study Procedures","Inclusion/Exclusion description",2012-01-01
"AA-AA-000-0000","S2293","Yes","Study Procedures","Inclusion/Exclusion description",2012-01-01
"AA-AA-000-0000","S61706","No","Missing Data","Inclusion/Exclusion description",2012-01-01
"AA-AA-000-0000","S56618","No","Study Procedures","Inclusion/Exclusion description",2012-01-01
"AA-AA-000-0000","S92817","No","Study Procedures","Inclusion/Exclusion description",2012-01-01
"AA-AA-000-0000","S72389","Yes","Study Procedures","Inclusion/Exclusion description",2012-01-01
"AA-AA-000-0000","S44278","No","Exclusion Criteria","Inclusion/Exclusion description",2012-01-01
"AA-AA-000-0000","S74519","Yes","Study Procedures","Inclusion/Exclusion description",2012-01-01
"AA-AA-000-0000","S74519","Yes","Study Procedures","Inclusion/Exclusion description",2012-01-01
"AA-AA-000-0000","S15030","No","Missing Data","Inclusion/Exclusion description",2012-01-01
"AA-AA-000-0000","S69434","Yes","Missing Data","Inclusion/Exclusion description",2012-01-01
"AA-AA-000-0000","S46390","No","Informed Consent","Inclusion/Exclusion description",2012-01-01
"AA-AA-000-0000","S91185","Yes","Missing Data","Inclusion/Exclusion description",2012-01-01
"AA-AA-000-0000","S69485","Yes","Study Procedures","Inclusion/Exclusion description",2012-01-01
"AA-AA-000-0000","S74728","No","Informed Consent","Inclusion/Exclusion description",2012-01-01
"AA-AA-000-0000","S98653","Yes","Informed Consent","Inclusion/Exclusion description",2012-01-01
"AA-AA-000-0000","S75995","No","Missing Data","Inclusion/Exclusion description",2012-01-01
"AA-AA-000-0000","S50779","Yes","Informed Consent","Inclusion/Exclusion description",2012-01-01
"AA-AA-000-0000","S42441","No","Informed Consent","Inclusion/Exclusion description",2012-01-01
"AA-AA-000-0000","S39259","Yes","Missing Data","Inclusion/Exclusion description",2012-01-01
"AA-AA-000-0000","S31644","No","Missing Data","Inclusion/Exclusion description",2012-01-01
"AA-AA-000-0000","S91112","Yes","Study Procedures","Inclusion/Exclusion description",2012-01-01
"AA-AA-000-0000","S69434","Yes","Informed Consent","Inclusion/Exclusion description",2012-01-01
"AA-AA-000-0000","S22366","Yes","Missing Data","Inclusion/Exclusion description",2012-01-01
"AA-AA-000-0000","S15734","No","Missing Data","Inclusion/Exclusion description",2012-01-01
"AA-AA-000-0000","S40424","No","Informed Consent","Inclusion/Exclusion description",2012-01-01
"AA-AA-000-0000","S1663","Yes","Study Procedures","Inclusion/Exclusion description",2012-01-01
"AA-AA-000-0000","S10582","No","Missing Data","Inclusion/Exclusion description",2012-01-01
"AA-AA-000-0000","S36762","Yes","Exclusion Criteria","Inclusion/Exclusion description",2012-01-01
"AA-AA-000-0000","S43101","No","Informed Consent","Inclusion/Exclusion description",2012-01-01
"AA-AA-000-0000","S88436","No","Informed Consent","Inclusion/Exclusion description",2012-01-01
"AA-AA-000-0000","S18875","No","Informed Consent","Inclusion/Exclusion description",2012-01-01
"AA-AA-000-0000","S10582","Yes","Exclusion Criteria","Inclusion/Exclusion description",2012-01-01
"AA-AA-000-0000","S6557","No","Study Procedures","Inclusion/Exclusion description",2012-01-01
"AA-AA-000-0000","S96757","Yes","Inclusion Criteria","Inclusion/Exclusion description",2012-01-01
"AA-AA-000-0000","S43101","Yes","Study Procedures","Inclusion/Exclusion description",2012-01-01
"AA-AA-000-0000","S74728","No","Informed Consent","Inclusion/Exclusion description",2012-01-01
"AA-AA-000-0000","S17064","No","Study Procedures","Inclusion/Exclusion description",2012-01-01
"AA-AA-000-0000","S66618","Yes","Study Procedures","Inclusion/Exclusion description",2012-01-01
"AA-AA-000-0000","S76017","No","Missing Data","Inclusion/Exclusion description",2012-01-01
"AA-AA-000-0000","S50653","Yes","Exclusion Criteria","Inclusion/Exclusion description",2012-01-01
"AA-AA-000-0000","S2143","No","Missing Data","Inclusion/Exclusion description",2012-01-01
"AA-AA-000-0000","S97137","No","Exclusion Criteria","Inclusion/Exclusion description",2012-01-01
"AA-AA-000-0000","S72389","Yes","Informed Consent","Inclusion/Exclusion description",2012-01-01
"AA-AA-000-0000","S99639","No","Informed Consent","Inclusion/Exclusion description",2012-01-01
"AA-AA-000-0000","S30541","No","Informed Consent","Inclusion/Exclusion description",2012-01-01
"AA-AA-000-0000","S98653","Yes","Informed Consent","Inclusion/Exclusion description",2012-01-01
"AA-AA-000-0000","S75995","No","Missing Data","Inclusion/Exclusion description",2012-01-01
"AA-AA-000-0000","S33412","Yes","Informed Consent","Inclusion/Exclusion description",2012-01-01
"AA-AA-000-0000","S384","Yes","Missing Data","Inclusion/Exclusion description",2012-01-01
"AA-AA-000-0000","S80104","Yes","Study Procedures","Inclusion/Exclusion description",2012-01-01
"AA-AA-000-0000","S6700","Yes","Inclusion Criteria","Inclusion/Exclusion description",2012-01-01
"AA-AA-000-0000","S14522","No","Study Procedures","Inclusion/Exclusion description",2012-01-01
"AA-AA-000-0000","S18113","Yes","Informed Consent","Inclusion/Exclusion description",2012-01-01
"AA-AA-000-0000","S3492","Yes","Informed Consent","Inclusion/Exclusion description",2012-01-01
"AA-AA-000-0000","S28543","No","Informed Consent","Inclusion/Exclusion description",2012-01-01
"AA-AA-000-0000","S98267","No","Missing Data","Inclusion/Exclusion description",2012-01-01
"AA-AA-000-0000","S35834","No","Informed Consent","Inclusion/Exclusion description",2012-01-01
"AA-AA-000-0000","S94724","No","Study Procedures","Inclusion/Exclusion description",2012-01-01
"AA-AA-000-0000","S43843","Yes","Missing Data","Inclusion/Exclusion description",2012-01-01
"AA-AA-000-0000","S60126","Yes","Study Procedures","Inclusion/Exclusion description",2012-01-01
"AA-AA-000-0000","S6557","Yes","Missing Data","Inclusion/Exclusion description",2012-01-01
"AA-AA-000-0000","S27433","Yes","Informed Consent","Inclusion/Exclusion description",2012-01-01
"AA-AA-000-0000","S20971","Yes","Missing Data","Inclusion/Exclusion description",2012-01-01
"AA-AA-000-0000","S7833","No","Informed Consent","Inclusion/Exclusion description",2012-01-01
"AA-AA-000-0000","S384","Yes","Study Procedures","Inclusion/Exclusion description",2012-01-01
"AA-AA-000-0000","S15521","No","Informed Consent","Inclusion/Exclusion description",2012-01-01
"AA-AA-000-0000","S50779","No","Missing Data","Inclusion/Exclusion description",2012-01-01
"AA-AA-000-0000","S39259","No","Missing Data","Inclusion/Exclusion description",2012-01-01
"AA-AA-000-0000","S74519","Yes","Study Procedures","Inclusion/Exclusion description",2012-01-01
"AA-AA-000-0000","S96757","Yes","Study Procedures","Inclusion/Exclusion description",2012-01-01
"AA-AA-000-0000","S58315","No","Informed Consent","Inclusion/Exclusion description",2012-01-01
"AA-AA-000-0000","S56659","Yes","Study Procedures","Inclusion/Exclusion description",2012-01-01
"AA-AA-000-0000","S74519","Yes","Inclusion Criteria","Inclusion/Exclusion description",2012-01-01
"AA-AA-000-0000","S59284","Yes","Missing Data","Inclusion/Exclusion description",2012-01-01
"AA-AA-000-0000","S23661","Yes","Inclusion Criteria","Inclusion/Exclusion description",2012-01-01
"AA-AA-000-0000","S74654","No","Informed Consent","Inclusion/Exclusion description",2012-01-01
"AA-AA-000-0000","S84022","Yes","Study Procedures","Inclusion/Exclusion description",2012-01-01
"AA-AA-000-0000","S36177","Yes","Study Procedures","Inclusion/Exclusion description",2012-01-01
"AA-AA-000-0000","S98653","No","Study Procedures","Inclusion/Exclusion description",2012-01-01
"AA-AA-000-0000","S70984","No","Study Procedures","Inclusion/Exclusion description",2012-01-01
"AA-AA-000-0000","S23661","No","Study Procedures","Inclusion/Exclusion description",2012-01-01
"AA-AA-000-0000","S80827","No","Informed Consent","Inclusion/Exclusion description",2012-01-01
"AA-AA-000-0000","S22366","Yes","Informed Consent","Inclusion/Exclusion description",2012-01-01
"AA-AA-000-0000","S36762","No","Informed Consent","Inclusion/Exclusion description",2012-01-01
"AA-AA-000-0000","S64268","No","Study Procedures","Inclusion/Exclusion description",2012-01-01
"AA-AA-000-0000","S51674","Yes","Informed Consent","Inclusion/Exclusion description",2012-01-01
"AA-AA-000-0000","S22366","No","Missing Data","Inclusion/Exclusion description",2012-01-01
"AA-AA-000-0000","S13713","Yes","Study Procedures","Inclusion/Exclusion description",2012-01-01
"AA-AA-000-0000","S76871","Yes","Informed Consent","Inclusion/Exclusion description",2012-01-01
"AA-AA-000-0000","S85511","No","Informed Consent","Inclusion/Exclusion description",2012-01-01
"AA-AA-000-0000","S67498","Yes","Informed Consent","Inclusion/Exclusion description",2012-01-01
"AA-AA-000-0000","S99639","Yes","Informed Consent","Inclusion/Exclusion description",2012-01-01
"AA-AA-000-0000","S83058","No","Exclusion Criteria","Inclusion/Exclusion description",2012-01-01
"AA-AA-000-0000","S384","No","Inclusion Criteria","Inclusion/Exclusion description",2012-01-01
"AA-AA-000-0000","S10582","Yes","Informed Consent","Inclusion/Exclusion description",2012-01-01
"AA-AA-000-0000","S2856","Yes","Study Procedures","Inclusion/Exclusion description",2012-01-01
"AA-AA-000-0000","S76017","Yes","Missing Data","Inclusion/Exclusion description",2012-01-01
"AA-AA-000-0000","S23519","No","Missing Data","Inclusion/Exclusion description",2012-01-01
"AA-AA-000-0000","S99475","Yes","Missing Data","Inclusion/Exclusion description",2012-01-01
"AA-AA-000-0000","S68947","Yes","Informed Consent","Inclusion/Exclusion description",2012-01-01
"AA-AA-000-0000","S15521","Yes","Missing Data","Inclusion/Exclusion description",2012-01-01
"AA-AA-000-0000","S89142","Yes","Missing Data","Inclusion/Exclusion description",2012-01-01
"AA-AA-000-0000","S61706","Yes","Study Procedures","Inclusion/Exclusion description",2012-01-01
"AA-AA-000-0000","S384","Yes","Informed Consent","Inclusion/Exclusion description",2012-01-01
"AA-AA-000-0000","S99639","Yes","Informed Consent","Inclusion/Exclusion description",2012-01-01
"AA-AA-000-0000","S40526","No","Informed Consent","Inclusion/Exclusion description",2012-01-01
"AA-AA-000-0000","S30683","No","Exclusion Criteria","Inclusion/Exclusion description",2012-01-01
"AA-AA-000-0000","S10582","No","Missing Data","Inclusion/Exclusion description",2012-01-01
"AA-AA-000-0000","S30541","No","Study Procedures","Inclusion/Exclusion description",2012-01-01
"AA-AA-000-0000","S89271","Yes","Inclusion Criteria","Inclusion/Exclusion description",2012-01-01
"AA-AA-000-0000","S52428","No","Missing Data","Inclusion/Exclusion description",2012-01-01
"AA-AA-000-0000","S26237","Yes","Study Procedures","Inclusion/Exclusion description",2012-01-01
"AA-AA-000-0000","S22366","No","Informed Consent","Inclusion/Exclusion description",2012-01-01
"AA-AA-000-0000","S2856","No","Study Procedures","Inclusion/Exclusion description",2012-01-01
"AA-AA-000-0000","S7395","Yes","Missing Data","Inclusion/Exclusion description",2012-01-01
"AA-AA-000-0000","S96425","Yes","Informed Consent","Inclusion/Exclusion description",2012-01-01
"AA-AA-000-0000","S90711","Yes","Missing Data","Inclusion/Exclusion description",2012-01-01
"AA-AA-000-0000","S84021","No","Study Procedures","Inclusion/Exclusion description",2012-01-01
"AA-AA-000-0000","S36177","No","Informed Consent","Inclusion/Exclusion description",2012-01-01
"AA-AA-000-0000","S41703","No","Informed Consent","Inclusion/Exclusion description",2012-01-01
"AA-AA-000-0000","S21491","Yes","Informed Consent","Inclusion/Exclusion description",2012-01-01
"AA-AA-000-0000","S76053","Yes","Study Procedures","Inclusion/Exclusion description",2012-01-01
"AA-AA-000-0000","S73715","Yes","Informed Consent","Inclusion/Exclusion description",2012-01-01
"AA-AA-000-0000","S20971","No","Study Procedures","Inclusion/Exclusion description",2012-01-01
"AA-AA-000-0000","S99475","Yes","Study Procedures","Inclusion/Exclusion description",2012-01-01
"AA-AA-000-0000","S66721","Yes","Missing Data","Inclusion/Exclusion description",2012-01-01
"AA-AA-000-0000","S58829","Yes","Informed Consent","Inclusion/Exclusion description",2012-01-01
"AA-AA-000-0000","S41703","No","Study Procedures","Inclusion/Exclusion description",2012-01-01
"AA-AA-000-0000","S51674","Yes","Exclusion Criteria","Inclusion/Exclusion description",2012-01-01
"AA-AA-000-0000","S31644","Yes","Study Procedures","Inclusion/Exclusion description",2012-01-01
"AA-AA-000-0000","S46976","Yes","Missing Data","Inclusion/Exclusion description",2012-01-01
"AA-AA-000-0000","S31644","No","Informed Consent","Inclusion/Exclusion description",2012-01-01
"AA-AA-000-0000","S56847","No","Study Procedures","Inclusion/Exclusion description",2012-01-01
"AA-AA-000-0000","S80098","No","Study Procedures","Inclusion/Exclusion description",2012-01-01
"AA-AA-000-0000","S47175","No","Informed Consent","Inclusion/Exclusion description",2012-01-01
"AA-AA-000-0000","S40424","Yes","Informed Consent","Inclusion/Exclusion description",2012-01-01
"AA-AA-000-0000","S28543","No","Study Procedures","Inclusion/Exclusion description",2012-01-01
"AA-AA-000-0000","S99639","No","Informed Consent","Inclusion/Exclusion description",2012-01-01
"AA-AA-000-0000","S74728","Yes","Inclusion Criteria","Inclusion/Exclusion description",2012-01-01
"AA-AA-000-0000","S28543","Yes","Missing Data","Inclusion/Exclusion description",2012-01-01
"AA-AA-000-0000","S61242","No","Informed Consent","Inclusion/Exclusion description",2012-01-01
"AA-AA-000-0000","S51674","Yes","Informed Consent","Inclusion/Exclusion description",2012-01-01
"AA-AA-000-0000","S17064","No","Informed Consent","Inclusion/Exclusion description",2012-01-01
"AA-AA-000-0000","S95738","Yes","Missing Data","Inclusion/Exclusion description",2012-01-01
"AA-AA-000-0000","S18875","No","Study Procedures","Inclusion/Exclusion description",2012-01-01
"AA-AA-000-0000","S5199","No","Missing Data","Inclusion/Exclusion description",2012-01-01
"AA-AA-000-0000","S40526","No","Study Procedures","Inclusion/Exclusion description",2012-01-01
"AA-AA-000-0000","S90150","No","Missing Data","Inclusion/Exclusion description",2012-01-01
"AA-AA-000-0000","S10582","No","Study Procedures","Inclusion/Exclusion description",2012-01-01
"AA-AA-000-0000","S84022","No","Missing Data","Inclusion/Exclusion description",2012-01-01
"AA-AA-000-0000","S74654","No","Study Procedures","Inclusion/Exclusion description",2012-01-01
"AA-AA-000-0000","S95593","No","Study Procedures","Inclusion/Exclusion description",2012-01-01
"AA-AA-000-0000","S88436","Yes","Missing Data","Inclusion/Exclusion description",2012-01-01
"AA-AA-000-0000","S84021","No","Inclusion Criteria","Inclusion/Exclusion description",2012-01-01
"AA-AA-000-0000","S66721","Yes","Informed Consent","Inclusion/Exclusion description",2012-01-01
"AA-AA-000-0000","S18113","Yes","Missing Data","Inclusion/Exclusion description",2012-01-01
"AA-AA-000-0000","S46390","Yes","Informed Consent","Inclusion/Exclusion description",2012-01-01
"AA-AA-000-0000","S28631","Yes","Study Procedures","Inclusion/Exclusion description",2012-01-01
"AA-AA-000-0000","S50653","No","Informed Consent","Inclusion/Exclusion description",2012-01-01
"AA-AA-000-0000","S72389","Yes","Study Procedures","Inclusion/Exclusion description",2012-01-01
"AA-AA-000-0000","S81289","Yes","Missing Data","Inclusion/Exclusion description",2012-01-01
"AA-AA-000-0000","S46333","Yes","Missing Data","Inclusion/Exclusion description",2012-01-01
"AA-AA-000-0000","S81289","Yes","Informed Consent","Inclusion/Exclusion description",2012-01-01
"AA-AA-000-0000","S5140","Yes","Missing Data","Inclusion/Exclusion description",2012-01-01
"AA-AA-000-0000","S50653","No","Informed Consent","Inclusion/Exclusion description",2012-01-01
"AA-AA-000-0000","S23573","No","Missing Data","Inclusion/Exclusion description",2012-01-01
"AA-AA-000-0000","S90711","No","Missing Data","Inclusion/Exclusion description",2012-01-01
"AA-AA-000-0000","S76424","Yes","Informed Consent","Inclusion/Exclusion description",2012-01-01
"AA-AA-000-0000","S81289","Yes","Study Procedures","Inclusion/Exclusion description",2012-01-01
"AA-AA-000-0000","S72328","No","Informed Consent","Inclusion/Exclusion description",2012-01-01
"AA-AA-000-0000","S49825","Yes","Informed Consent","Inclusion/Exclusion description",2012-01-01
"AA-AA-000-0000","S97137","No","Informed Consent","Inclusion/Exclusion description",2012-01-01
"AA-AA-000-0000","S17064","Yes","Missing Data","Inclusion/Exclusion description",2012-01-01
"AA-AA-000-0000","S29898","No","Informed Consent","Inclusion/Exclusion description",2012-01-01
"AA-AA-000-0000","S53524","No","Study Procedures","Inclusion/Exclusion description",2012-01-01
"AA-AA-000-0000","S31644","No","Informed Consent","Inclusion/Exclusion description",2012-01-01
"AA-AA-000-0000","S81402","Yes","Missing Data","Inclusion/Exclusion description",2012-01-01
"AA-AA-000-0000","S84021","Yes","Informed Consent","Inclusion/Exclusion description",2012-01-01
"AA-AA-000-0000","S42745","No","Missing Data","Inclusion/Exclusion description",2012-01-01
"AA-AA-000-0000","S5140","Yes","Study Procedures","Inclusion/Exclusion description",2012-01-01
"AA-AA-000-0000","S56659","Yes","Exclusion Criteria","Inclusion/Exclusion description",2012-01-01
"AA-AA-000-0000","S98371","Yes","Missing Data","Inclusion/Exclusion description",2012-01-01
"AA-AA-000-0000","S89142","Yes","Study Procedures","Inclusion/Exclusion description",2012-01-01
"AA-AA-000-0000","S88436","No","Study Procedures","Inclusion/Exclusion description",2012-01-01
"AA-AA-000-0000","S98650","Yes","Informed Consent","Inclusion/Exclusion description",2012-01-01
"AA-AA-000-0000","S47153","No","Missing Data","Inclusion/Exclusion description",2012-01-01
"AA-AA-000-0000","S73715","No","Missing Data","Inclusion/Exclusion description",2012-01-01
"AA-AA-000-0000","S64117","Yes","Study Procedures","Inclusion/Exclusion description",2012-01-01
"AA-AA-000-0000","S58829","Yes","Missing Data","Inclusion/Exclusion description",2012-01-01
"AA-AA-000-0000","S46390","No","Informed Consent","Inclusion/Exclusion description",2012-01-01
"AA-AA-000-0000","S42450","No","Inclusion Criteria","Inclusion/Exclusion description",2012-01-01
"AA-AA-000-0000","S49825","Yes","Inclusion Criteria","Inclusion/Exclusion description",2012-01-01
"AA-AA-000-0000","S58829","No","Informed Consent","Inclusion/Exclusion description",2012-01-01
"AA-AA-000-0000","S23661","No","Study Procedures","Inclusion/Exclusion description",2012-01-01
"AA-AA-000-0000","S43474","Yes","Informed Consent","Inclusion/Exclusion description",2012-01-01
"AA-AA-000-0000","S50664","Yes","Missing Data","Inclusion/Exclusion description",2012-01-01
"AA-AA-000-0000","S10582","No","Missing Data","Inclusion/Exclusion description",2012-01-01
"AA-AA-000-0000","S94352","No","Informed Consent","Inclusion/Exclusion description",2012-01-01
"AA-AA-000-0000","S5140","Yes","Exclusion Criteria","Inclusion/Exclusion description",2012-01-01
"AA-AA-000-0000","S18113","No","Study Procedures","Inclusion/Exclusion description",2012-01-01
"AA-AA-000-0000","S15734","Yes","Study Procedures","Inclusion/Exclusion description",2012-01-01
"AA-AA-000-0000","S15734","No","Missing Data","Inclusion/Exclusion description",2012-01-01
"AA-AA-000-0000","S39259","Yes","Study Procedures","Inclusion/Exclusion description",2012-01-01
"AA-AA-000-0000","S69434","Yes","Informed Consent","Inclusion/Exclusion description",2012-01-01
"AA-AA-000-0000","S43474","No","Missing Data","Inclusion/Exclusion description",2012-01-01
"AA-AA-000-0000","S56618","Yes","Informed Consent","Inclusion/Exclusion description",2012-01-01
"AA-AA-000-0000","S35834","No","Missing Data","Inclusion/Exclusion description",2012-01-01
"AA-AA-000-0000","S6557","Yes","Informed Consent","Inclusion/Exclusion description",2012-01-01
"AA-AA-000-0000","S76053","No","Study Procedures","Inclusion/Exclusion description",2012-01-01
"AA-AA-000-0000","S82502","Yes","Study Procedures","Inclusion/Exclusion description",2012-01-01
"AA-AA-000-0000","S34157","No","Missing Data","Inclusion/Exclusion description",2012-01-01
"AA-AA-000-0000","S58315","No","Informed Consent","Inclusion/Exclusion description",2012-01-01
"AA-AA-000-0000","S95738","Yes","Informed Consent","Inclusion/Exclusion description",2012-01-01
"AA-AA-000-0000","S44278","No","Missing Data","Inclusion/Exclusion description",2012-01-01
"AA-AA-000-0000","S36762","No","Missing Data","Inclusion/Exclusion description",2012-01-01
"AA-AA-000-0000","S40868","Yes","Informed Consent","Inclusion/Exclusion description",2012-01-01
"AA-AA-000-0000","S70984","No","Missing Data","Inclusion/Exclusion description",2012-01-01
"AA-AA-000-0000","S58315","No","Missing Data","Inclusion/Exclusion description",2012-01-01
"AA-AA-000-0000","S74728","No","Informed Consent","Inclusion/Exclusion description",2012-01-01
"AA-AA-000-0000","S69026","No","Missing Data","Inclusion/Exclusion description",2012-01-01
"AA-AA-000-0000","S42358","Yes","Exclusion Criteria","Inclusion/Exclusion description",2012-01-01
"AA-AA-000-0000","S44278","No","Exclusion Criteria","Inclusion/Exclusion description",2012-01-01
"AA-AA-000-0000","S6022","No","Missing Data","Inclusion/Exclusion description",2012-01-01
"AA-AA-000-0000","S68947","Yes","Missing Data","Inclusion/Exclusion description",2012-01-01
"AA-AA-000-0000","S91185","Yes","Missing Data","Inclusion/Exclusion description",2012-01-01
"AA-AA-000-0000","S82517","No","Missing Data","Inclusion/Exclusion description",2012-01-01
"AA-AA-000-0000","S42450","No","Exclusion Criteria","Inclusion/Exclusion description",2012-01-01
"AA-AA-000-0000","S42745","Yes","Informed Consent","Inclusion/Exclusion description",2012-01-01
"AA-AA-000-0000","S83058","Yes","Informed Consent","Inclusion/Exclusion description",2012-01-01
"AA-AA-000-0000","S41703","Yes","Informed Consent","Inclusion/Exclusion description",2012-01-01
"AA-AA-000-0000","S50681","No","Missing Data","Inclusion/Exclusion description",2012-01-01
"AA-AA-000-0000","S40868","No","Study Procedures","Inclusion/Exclusion description",2012-01-01
"AA-AA-000-0000","S21491","Yes","Informed Consent","Inclusion/Exclusion description",2012-01-01
"AA-AA-000-0000","S61441","No","Informed Consent","Inclusion/Exclusion description",2012-01-01
"AA-AA-000-0000","S79328","Yes","Informed Consent","Inclusion/Exclusion description",2012-01-01
"AA-AA-000-0000","S50681","No","Missing Data","Inclusion/Exclusion description",2012-01-01
"AA-AA-000-0000","S56659","No","Informed Consent","Inclusion/Exclusion description",2012-01-01
"AA-AA-000-0000","S89142","No","Informed Consent","Inclusion/Exclusion description",2012-01-01
"AA-AA-000-0000","S47665","Yes","Informed Consent","Inclusion/Exclusion description",2012-01-01
"AA-AA-000-0000","S84021","No","Missing Data","Inclusion/Exclusion description",2012-01-01
"AA-AA-000-0000","S2143","No","Study Procedures","Inclusion/Exclusion description",2012-01-01
"AA-AA-000-0000","S83282","Yes","Study Procedures","Inclusion/Exclusion description",2012-01-01
"AA-AA-000-0000","S94352","No","Study Procedures","Inclusion/Exclusion description",2012-01-01
"AA-AA-000-0000","S56847","Yes","Informed Consent","Inclusion/Exclusion description",2012-01-01
"AA-AA-000-0000","S2143","No","Informed Consent","Inclusion/Exclusion description",2012-01-01
"AA-AA-000-0000","S80827","Yes","Study Procedures","Inclusion/Exclusion description",2012-01-01
"AA-AA-000-0000","S60126","No","Study Procedures","Inclusion/Exclusion description",2012-01-01
"AA-AA-000-0000","S29898","No","Study Procedures","Inclusion/Exclusion description",2012-01-01
"AA-AA-000-0000","S43474","No","Informed Consent","Inclusion/Exclusion description",2012-01-01
"AA-AA-000-0000","S22366","Yes","Missing Data","Inclusion/Exclusion description",2012-01-01
"AA-AA-000-0000","S22366","No","Informed Consent","Inclusion/Exclusion description",2012-01-01
"AA-AA-000-0000","S74654","No","Study Procedures","Inclusion/Exclusion description",2012-01-01
"AA-AA-000-0000","S3492","No","Informed Consent","Inclusion/Exclusion description",2012-01-01
"AA-AA-000-0000","S23661","No","Missing Data","Inclusion/Exclusion description",2012-01-01
"AA-AA-000-0000","S22366","Yes","Missing Data","Inclusion/Exclusion description",2012-01-01
"AA-AA-000-0000","S80098","Yes","Exclusion Criteria","Inclusion/Exclusion description",2012-01-01
"AA-AA-000-0000","S85511","Yes","Missing Data","Inclusion/Exclusion description",2012-01-01
"AA-AA-000-0000","S83282","Yes","Missing Data","Inclusion/Exclusion description",2012-01-01
"AA-AA-000-0000","S34157","No","Missing Data","Inclusion/Exclusion description",2012-01-01
"AA-AA-000-0000","S61670","No","Missing Data","Inclusion/Exclusion description",2012-01-01
"AA-AA-000-0000","S90711","Yes","Exclusion Criteria","Inclusion/Exclusion description",2012-01-01
"AA-AA-000-0000","S50653","Yes","Missing Data","Inclusion/Exclusion description",2012-01-01
"AA-AA-000-0000","S41703","No","Missing Data","Inclusion/Exclusion description",2012-01-01
"AA-AA-000-0000","S17064","No","Study Procedures","Inclusion/Exclusion description",2012-01-01
"AA-AA-000-0000","S36762","No","Inclusion Criteria","Inclusion/Exclusion description",2012-01-01
"AA-AA-000-0000","S56565","Yes","Missing Data","Inclusion/Exclusion description",2012-01-01
"AA-AA-000-0000","S15030","Yes","Informed Consent","Inclusion/Exclusion description",2012-01-01
"AA-AA-000-0000","S58315","Yes","Inclusion Criteria","Inclusion/Exclusion description",2012-01-01
"AA-AA-000-0000","S27507","Yes","Informed Consent","Inclusion/Exclusion description",2012-01-01
"AA-AA-000-0000","S98267","No","Inclusion Criteria","Inclusion/Exclusion description",2012-01-01
"AA-AA-000-0000","S30541","Yes","Study Procedures","Inclusion/Exclusion description",2012-01-01
"AA-AA-000-0000","S19608","No","Study Procedures","Inclusion/Exclusion description",2012-01-01
"AA-AA-000-0000","S43101","No","Study Procedures","Inclusion/Exclusion description",2012-01-01
"AA-AA-000-0000","S80104","Yes","Informed Consent","Inclusion/Exclusion description",2012-01-01
"AA-AA-000-0000","S66721","Yes","Missing Data","Inclusion/Exclusion description",2012-01-01
"AA-AA-000-0000","S7833","Yes","Exclusion Criteria","Inclusion/Exclusion description",2012-01-01
"AA-AA-000-0000","S80827","No","Inclusion Criteria","Inclusion/Exclusion description",2012-01-01
"AA-AA-000-0000","S10264","No","Study Procedures","Inclusion/Exclusion description",2012-01-01
"AA-AA-000-0000","S47175","No","Informed Consent","Inclusion/Exclusion description",2012-01-01
"AA-AA-000-0000","S79201","No","Study Procedures","Inclusion/Exclusion description",2012-01-01
"AA-AA-000-0000","S50653","No","Missing Data","Inclusion/Exclusion description",2012-01-01
"AA-AA-000-0000","S90150","No","Study Procedures","Inclusion/Exclusion description",2012-01-01
"AA-AA-000-0000","S51674","No","Missing Data","Inclusion/Exclusion description",2012-01-01
"AA-AA-000-0000","S69026","No","Informed Consent","Inclusion/Exclusion description",2012-01-01
"AA-AA-000-0000","S47175","Yes","Study Procedures","Inclusion/Exclusion description",2012-01-01
"AA-AA-000-0000","S95738","No","Study Procedures","Inclusion/Exclusion description",2012-01-01
"AA-AA-000-0000","S80104","Yes","Missing Data","Inclusion/Exclusion description",2012-01-01
"AA-AA-000-0000","S64268","No","Informed Consent","Inclusion/Exclusion description",2012-01-01
"AA-AA-000-0000","S75548","No","Informed Consent","Inclusion/Exclusion description",2012-01-01
"AA-AA-000-0000","S36762","Yes","Missing Data","Inclusion/Exclusion description",2012-01-01
"AA-AA-000-0000","S34157","Yes","Missing Data","Inclusion/Exclusion description",2012-01-01
"AA-AA-000-0000","S23661","Yes","Missing Data","Inclusion/Exclusion description",2012-01-01
"AA-AA-000-0000","S61099","No","Exclusion Criteria","Inclusion/Exclusion description",2012-01-01
"AA-AA-000-0000","S21491","No","Exclusion Criteria","Inclusion/Exclusion description",2012-01-01
"AA-AA-000-0000","S79328","No","Informed Consent","Inclusion/Exclusion description",2012-01-01
"AA-AA-000-0000","S78132","No","Study Procedures","Inclusion/Exclusion description",2012-01-01
"AA-AA-000-0000","S56091","Yes","Study Procedures","Inclusion/Exclusion description",2012-01-01
"AA-AA-000-0000","S23519","No","Inclusion Criteria","Inclusion/Exclusion description",2012-01-01
"AA-AA-000-0000","S23573","No","Informed Consent","Inclusion/Exclusion description",2012-01-01
"AA-AA-000-0000","S36762","Yes","Study Procedures","Inclusion/Exclusion description",2012-01-01
"AA-AA-000-0000","S1524","Yes","Inclusion Criteria","Inclusion/Exclusion description",2012-01-01
"AA-AA-000-0000","S19156","Yes","Study Procedures","Inclusion/Exclusion description",2012-01-01
"AA-AA-000-0000","S33412","No","Missing Data","Inclusion/Exclusion description",2012-01-01
"AA-AA-000-0000","S56659","No","Missing Data","Inclusion/Exclusion description",2012-01-01
"AA-AA-000-0000","S84022","Yes","Informed Consent","Inclusion/Exclusion description",2012-01-01
"AA-AA-000-0000","S35204","Yes","Missing Data","Inclusion/Exclusion description",2012-01-01
"AA-AA-000-0000","S19156","Yes","Missing Data","Inclusion/Exclusion description",2012-01-01
"AA-AA-000-0000","S23519","No","Missing Data","Inclusion/Exclusion description",2012-01-01
"AA-AA-000-0000","S40868","No","Study Procedures","Inclusion/Exclusion description",2012-01-01
"AA-AA-000-0000","S50779","No","Missing Data","Inclusion/Exclusion description",2012-01-01
"AA-AA-000-0000","S60126","No","Study Procedures","Inclusion/Exclusion description",2012-01-01
"AA-AA-000-0000","S40145","No","Missing Data","Inclusion/Exclusion description",2012-01-01
"AA-AA-000-0000","S56659","No","Inclusion Criteria","Inclusion/Exclusion description",2012-01-01
"AA-AA-000-0000","S69434","No","Informed Consent","Inclusion/Exclusion description",2012-01-01
"AA-AA-000-0000","S58315","Yes","Missing Data","Inclusion/Exclusion description",2012-01-01
"AA-AA-000-0000","S2856","Yes","Missing Data","Inclusion/Exclusion description",2012-01-01
"AA-AA-000-0000","S56659","No","Missing Data","Inclusion/Exclusion description",2012-01-01
"AA-AA-000-0000","S6700","Yes","Study Procedures","Inclusion/Exclusion description",2012-01-01
"AA-AA-000-0000","S19156","No","Missing Data","Inclusion/Exclusion description",2012-01-01
"AA-AA-000-0000","S76053","Yes","Informed Consent","Inclusion/Exclusion description",2012-01-01
"AA-AA-000-0000","S95900","Yes","Missing Data","Inclusion/Exclusion description",2012-01-01
"AA-AA-000-0000","S19156","No","Study Procedures","Inclusion/Exclusion description",2012-01-01
"AA-AA-000-0000","S10582","No","Informed Consent","Inclusion/Exclusion description",2012-01-01
"AA-AA-000-0000","S42441","Yes","Missing Data","Inclusion/Exclusion description",2012-01-01
"AA-AA-000-0000","S82517","Yes","Study Procedures","Inclusion/Exclusion description",2012-01-01
"AA-AA-000-0000","S43101","No","Informed Consent","Inclusion/Exclusion description",2012-01-01
"AA-AA-000-0000","S99639","Yes","Missing Data","Inclusion/Exclusion description",2012-01-01
"AA-AA-000-0000","S33412","Yes","Missing Data","Inclusion/Exclusion description",2012-01-01
"AA-AA-000-0000","S58829","No","Study Procedures","Inclusion/Exclusion description",2012-01-01
"AA-AA-000-0000","S49825","Yes","Inclusion Criteria","Inclusion/Exclusion description",2012-01-01
"AA-AA-000-0000","S68947","Yes","Study Procedures","Inclusion/Exclusion description",2012-01-01
"AA-AA-000-0000","S23661","No","Missing Data","Inclusion/Exclusion description",2012-01-01
"AA-AA-000-0000","S68947","No","Informed Consent","Inclusion/Exclusion description",2012-01-01
"AA-AA-000-0000","S17064","Yes","Study Procedures","Inclusion/Exclusion description",2012-01-01
"AA-AA-000-0000","S24661","No","Missing Data","Inclusion/Exclusion description",2012-01-01
"AA-AA-000-0000","S74654","Yes","Inclusion Criteria","Inclusion/Exclusion description",2012-01-01
"AA-AA-000-0000","S80104","Yes","Informed Consent","Inclusion/Exclusion description",2012-01-01
"AA-AA-000-0000","S95593","No","Missing Data","Inclusion/Exclusion description",2012-01-01
"AA-AA-000-0000","S34327","Yes","Study Procedures","Inclusion/Exclusion description",2012-01-01
"AA-AA-000-0000","S98653","No","Missing Data","Inclusion/Exclusion description",2012-01-01
"AA-AA-000-0000","S33697","Yes","Informed Consent","Inclusion/Exclusion description",2012-01-01
"AA-AA-000-0000","S35306","No","Informed Consent","Inclusion/Exclusion description",2012-01-01
"AA-AA-000-0000","S72389","Yes","Missing Data","Inclusion/Exclusion description",2012-01-01
"AA-AA-000-0000","S40145","No","Study Procedures","Inclusion/Exclusion description",2012-01-01
"AA-AA-000-0000","S64268","Yes","Study Procedures","Inclusion/Exclusion description",2012-01-01
"AA-AA-000-0000","S17427","No","Missing Data","Inclusion/Exclusion description",2012-01-01
"AA-AA-000-0000","S43843","Yes","Inclusion Criteria","Inclusion/Exclusion description",2012-01-01
"AA-AA-000-0000","S68947","No","Informed Consent","Inclusion/Exclusion description",2012-01-01
"AA-AA-000-0000","S97137","No","Missing Data","Inclusion/Exclusion description",2012-01-01
"AA-AA-000-0000","S18113","Yes","Study Procedures","Inclusion/Exclusion description",2012-01-01
"AA-AA-000-0000","S47153","Yes","Missing Data","Inclusion/Exclusion description",2012-01-01
"AA-AA-000-0000","S99475","No","Informed Consent","Inclusion/Exclusion description",2012-01-01
"AA-AA-000-0000","S61670","Yes","Exclusion Criteria","Inclusion/Exclusion description",2012-01-01
"AA-AA-000-0000","S98267","Yes","Missing Data","Inclusion/Exclusion description",2012-01-01
"AA-AA-000-0000","S66672","No","Missing Data","Inclusion/Exclusion description",2012-02-01
"AA-AA-000-0000","S74519","No","Study Procedures","Inclusion/Exclusion description",2012-02-01
"AA-AA-000-0000","S91185","No","Exclusion Criteria","Inclusion/Exclusion description",2012-02-01
"AA-AA-000-0000","S75468","Yes","Missing Data","Inclusion/Exclusion description",2012-02-01
"AA-AA-000-0000","S6557","Yes","Study Procedures","Inclusion/Exclusion description",2012-02-01
"AA-AA-000-0000","S95738","Yes","Informed Consent","Inclusion/Exclusion description",2012-02-01
"AA-AA-000-0000","S8249","No","Missing Data","Inclusion/Exclusion description",2012-02-01
"AA-AA-000-0000","S84892","No","Informed Consent","Inclusion/Exclusion description",2012-02-01
"AA-AA-000-0000","S24661","No","Missing Data","Inclusion/Exclusion description",2012-02-01
"AA-AA-000-0000","S98650","Yes","Informed Consent","Inclusion/Exclusion description",2012-02-01
"AA-AA-000-0000","S30683","No","Study Procedures","Inclusion/Exclusion description",2012-02-01
"AA-AA-000-0000","S15521","No","Informed Consent","Inclusion/Exclusion description",2012-02-01
"AA-AA-000-0000","S33604","No","Missing Data","Inclusion/Exclusion description",2012-02-01
"AA-AA-000-0000","S61109","Yes","Exclusion Criteria","Inclusion/Exclusion description",2012-02-01
"AA-AA-000-0000","S6528","Yes","Study Procedures","Inclusion/Exclusion description",2012-02-01
"AA-AA-000-0000","S42591","Yes","Study Procedures","Inclusion/Exclusion description",2012-02-01
"AA-AA-000-0000","S67479","Yes","Informed Consent","Inclusion/Exclusion description",2012-02-01
"AA-AA-000-0000","S36762","Yes","Missing Data","Inclusion/Exclusion description",2012-02-01
"AA-AA-000-0000","S34830","No","Missing Data","Inclusion/Exclusion description",2012-02-01
"AA-AA-000-0000","S83309","No","Study Procedures","Inclusion/Exclusion description",2012-02-01
"AA-AA-000-0000","S90674","No","Study Procedures","Inclusion/Exclusion description",2012-02-01
"AA-AA-000-0000","S61109","No","Missing Data","Inclusion/Exclusion description",2012-02-01
"AA-AA-000-0000","S22140","Yes","Study Procedures","Inclusion/Exclusion description",2012-02-01
"AA-AA-000-0000","S23519","Yes","Missing Data","Inclusion/Exclusion description",2012-02-01
"AA-AA-000-0000","S84892","Yes","Missing Data","Inclusion/Exclusion description",2012-02-01
"AA-AA-000-0000","S58717","Yes","Inclusion Criteria","Inclusion/Exclusion description",2012-02-01
"AA-AA-000-0000","S99639","Yes","Study Procedures","Inclusion/Exclusion description",2012-02-01
"AA-AA-000-0000","S59912","Yes","Informed Consent","Inclusion/Exclusion description",2012-02-01
"AA-AA-000-0000","S53855","Yes","Informed Consent","Inclusion/Exclusion description",2012-02-01
"AA-AA-000-0000","S84908","Yes","Study Procedures","Inclusion/Exclusion description",2012-02-01
"AA-AA-000-0000","S78130","No","Inclusion Criteria","Inclusion/Exclusion description",2012-02-01
"AA-AA-000-0000","S66158","No","Inclusion Criteria","Inclusion/Exclusion description",2012-02-01
"AA-AA-000-0000","S75548","Yes","Informed Consent","Inclusion/Exclusion description",2012-02-01
"AA-AA-000-0000","S48411","No","Missing Data","Inclusion/Exclusion description",2012-02-01
"AA-AA-000-0000","S54437","No","Study Procedures","Inclusion/Exclusion description",2012-02-01
"AA-AA-000-0000","S28722","No","Missing Data","Inclusion/Exclusion description",2012-02-01
"AA-AA-000-0000","S66500","Yes","Missing Data","Inclusion/Exclusion description",2012-02-01
"AA-AA-000-0000","S66100","Yes","Study Procedures","Inclusion/Exclusion description",2012-02-01
"AA-AA-000-0000","S61242","No","Missing Data","Inclusion/Exclusion description",2012-02-01
"AA-AA-000-0000","S33945","Yes","Missing Data","Inclusion/Exclusion description",2012-02-01
"AA-AA-000-0000","S15727","Yes","Informed Consent","Inclusion/Exclusion description",2012-02-01
"AA-AA-000-0000","S12584","No","Study Procedures","Inclusion/Exclusion description",2012-02-01
"AA-AA-000-0000","S49825","No","Missing Data","Inclusion/Exclusion description",2012-02-01
"AA-AA-000-0000","S18113","No","Study Procedures","Inclusion/Exclusion description",2012-02-01
"AA-AA-000-0000","S83309","No","Missing Data","Inclusion/Exclusion description",2012-02-01
"AA-AA-000-0000","S54183","Yes","Missing Data","Inclusion/Exclusion description",2012-02-01
"AA-AA-000-0000","S41287","No","Missing Data","Inclusion/Exclusion description",2012-02-01
"AA-AA-000-0000","S44055","No","Study Procedures","Inclusion/Exclusion description",2012-02-01
"AA-AA-000-0000","S12454","Yes","Informed Consent","Inclusion/Exclusion description",2012-02-01
"AA-AA-000-0000","S58315","No","Inclusion Criteria","Inclusion/Exclusion description",2012-02-01
"AA-AA-000-0000","S76871","Yes","Missing Data","Inclusion/Exclusion description",2012-02-01
"AA-AA-000-0000","S2856","Yes","Study Procedures","Inclusion/Exclusion description",2012-02-01
"AA-AA-000-0000","S18875","Yes","Missing Data","Inclusion/Exclusion description",2012-02-01
"AA-AA-000-0000","S6022","Yes","Informed Consent","Inclusion/Exclusion description",2012-02-01
"AA-AA-000-0000","S56853","Yes","Informed Consent","Inclusion/Exclusion description",2012-02-01
"AA-AA-000-0000","S33491","No","Informed Consent","Inclusion/Exclusion description",2012-02-01
"AA-AA-000-0000","S65616","Yes","Missing Data","Inclusion/Exclusion description",2012-02-01
"AA-AA-000-0000","S40424","No","Missing Data","Inclusion/Exclusion description",2012-02-01
"AA-AA-000-0000","S84908","No","Study Procedures","Inclusion/Exclusion description",2012-02-01
"AA-AA-000-0000","S43474","Yes","Informed Consent","Inclusion/Exclusion description",2012-02-01
"AA-AA-000-0000","S67292","Yes","Study Procedures","Inclusion/Exclusion description",2012-02-01
"AA-AA-000-0000","S57691","Yes","Study Procedures","Inclusion/Exclusion description",2012-02-01
"AA-AA-000-0000","S72148","No","Informed Consent","Inclusion/Exclusion description",2012-02-01
"AA-AA-000-0000","S51674","No","Informed Consent","Inclusion/Exclusion description",2012-02-01
"AA-AA-000-0000","S67390","No","Informed Consent","Inclusion/Exclusion description",2012-02-01
"AA-AA-000-0000","S94724","No","Study Procedures","Inclusion/Exclusion description",2012-02-01
"AA-AA-000-0000","S40145","No","Informed Consent","Inclusion/Exclusion description",2012-02-01
"AA-AA-000-0000","S384","Yes","Missing Data","Inclusion/Exclusion description",2012-02-01
"AA-AA-000-0000","S54183","No","Missing Data","Inclusion/Exclusion description",2012-02-01
"AA-AA-000-0000","S28631","Yes","Informed Consent","Inclusion/Exclusion description",2012-02-01
"AA-AA-000-0000","S2994","Yes","Study Procedures","Inclusion/Exclusion description",2012-02-01
"AA-AA-000-0000","S42563","Yes","Inclusion Criteria","Inclusion/Exclusion description",2012-02-01
"AA-AA-000-0000","S7284","Yes","Study Procedures","Inclusion/Exclusion description",2012-02-01
"AA-AA-000-0000","S29898","No","Study Procedures","Inclusion/Exclusion description",2012-02-01
"AA-AA-000-0000","S63016","No","Informed Consent","Inclusion/Exclusion description",2012-02-01
"AA-AA-000-0000","S72515","Yes","Inclusion Criteria","Inclusion/Exclusion description",2012-02-01
"AA-AA-000-0000","S42441","Yes","Missing Data","Inclusion/Exclusion description",2012-02-01
"AA-AA-000-0000","S22379","Yes","Missing Data","Inclusion/Exclusion description",2012-02-01
"AA-AA-000-0000","S71734","Yes","Inclusion Criteria","Inclusion/Exclusion description",2012-02-01
"AA-AA-000-0000","S5140","Yes","Missing Data","Inclusion/Exclusion description",2012-02-01
"AA-AA-000-0000","S61292","No","Missing Data","Inclusion/Exclusion description",2012-02-01
"AA-AA-000-0000","S50953","Yes","Informed Consent","Inclusion/Exclusion description",2012-02-01
"AA-AA-000-0000","S24389","Yes","Study Procedures","Inclusion/Exclusion description",2012-02-01
"AA-AA-000-0000","S37702","No","Study Procedures","Inclusion/Exclusion description",2012-02-01
"AA-AA-000-0000","S37702","No","Missing Data","Inclusion/Exclusion description",2012-02-01
"AA-AA-000-0000","S61242","Yes","Informed Consent","Inclusion/Exclusion description",2012-02-01
"AA-AA-000-0000","S75527","Yes","Study Procedures","Inclusion/Exclusion description",2012-02-01
"AA-AA-000-0000","S40526","Yes","Inclusion Criteria","Inclusion/Exclusion description",2012-02-01
"AA-AA-000-0000","S5475","No","Missing Data","Inclusion/Exclusion description",2012-02-01
"AA-AA-000-0000","S33697","Yes","Missing Data","Inclusion/Exclusion description",2012-02-01
"AA-AA-000-0000","S5702","Yes","Missing Data","Inclusion/Exclusion description",2012-02-01
"AA-AA-000-0000","S20971","No","Study Procedures","Inclusion/Exclusion description",2012-02-01
"AA-AA-000-0000","S31644","Yes","Missing Data","Inclusion/Exclusion description",2012-02-01
"AA-AA-000-0000","S84021","Yes","Study Procedures","Inclusion/Exclusion description",2012-02-01
"AA-AA-000-0000","S48812","No","Missing Data","Inclusion/Exclusion description",2012-02-01
"AA-AA-000-0000","S76053","Yes","Missing Data","Inclusion/Exclusion description",2012-02-01
"AA-AA-000-0000","S50927","No","Study Procedures","Inclusion/Exclusion description",2012-02-01
"AA-AA-000-0000","S56853","Yes","Informed Consent","Inclusion/Exclusion description",2012-02-01
"AA-AA-000-0000","S74797","Yes","Missing Data","Inclusion/Exclusion description",2012-02-01
"AA-AA-000-0000","S73715","Yes","Study Procedures","Inclusion/Exclusion description",2012-02-01
"AA-AA-000-0000","S46333","Yes","Study Procedures","Inclusion/Exclusion description",2012-02-01
"AA-AA-000-0000","S53537","No","Missing Data","Inclusion/Exclusion description",2012-02-01
"AA-AA-000-0000","S70984","No","Study Procedures","Inclusion/Exclusion description",2012-02-01
"AA-AA-000-0000","S10582","Yes","Study Procedures","Inclusion/Exclusion description",2012-02-01
"AA-AA-000-0000","S81402","No","Missing Data","Inclusion/Exclusion description",2012-02-01
"AA-AA-000-0000","S98057","Yes","Study Procedures","Inclusion/Exclusion description",2012-02-01
"AA-AA-000-0000","S89271","No","Missing Data","Inclusion/Exclusion description",2012-02-01
"AA-AA-000-0000","S80969","No","Study Procedures","Inclusion/Exclusion description",2012-02-01
"AA-AA-000-0000","S94643","Yes","Missing Data","Inclusion/Exclusion description",2012-02-01
"AA-AA-000-0000","S78803","No","Study Procedures","Inclusion/Exclusion description",2012-02-01
"AA-AA-000-0000","S51443","No","Study Procedures","Inclusion/Exclusion description",2012-02-01
"AA-AA-000-0000","S85178","Yes","Informed Consent","Inclusion/Exclusion description",2012-02-01
"AA-AA-000-0000","S12454","Yes","Study Procedures","Inclusion/Exclusion description",2012-02-01
"AA-AA-000-0000","S7775","Yes","Missing Data","Inclusion/Exclusion description",2012-02-01
"AA-AA-000-0000","S79133","No","Missing Data","Inclusion/Exclusion description",2012-02-01
"AA-AA-000-0000","S79443","No","Missing Data","Inclusion/Exclusion description",2012-02-01
"AA-AA-000-0000","S66031","Yes","Informed Consent","Inclusion/Exclusion description",2012-02-01
"AA-AA-000-0000","S60570","No","Study Procedures","Inclusion/Exclusion description",2012-02-01
"AA-AA-000-0000","S78130","Yes","Study Procedures","Inclusion/Exclusion description",2012-02-01
"AA-AA-000-0000","S45628","Yes","Study Procedures","Inclusion/Exclusion description",2012-02-01
"AA-AA-000-0000","S3290","Yes","Study Procedures","Inclusion/Exclusion description",2012-02-01
"AA-AA-000-0000","S9242","Yes","Missing Data","Inclusion/Exclusion description",2012-02-01
"AA-AA-000-0000","S21191","Yes","Missing Data","Inclusion/Exclusion description",2012-02-01
"AA-AA-000-0000","S80827","Yes","Inclusion Criteria","Inclusion/Exclusion description",2012-02-01
"AA-AA-000-0000","S35204","Yes","Inclusion Criteria","Inclusion/Exclusion description",2012-02-01
"AA-AA-000-0000","S13289","No","Informed Consent","Inclusion/Exclusion description",2012-02-01
"AA-AA-000-0000","S34830","No","Missing Data","Inclusion/Exclusion description",2012-02-01
"AA-AA-000-0000","S3548","No","Study Procedures","Inclusion/Exclusion description",2012-02-01
"AA-AA-000-0000","S47824","Yes","Study Procedures","Inclusion/Exclusion description",2012-02-01
"AA-AA-000-0000","S60126","No","Informed Consent","Inclusion/Exclusion description",2012-02-01
"AA-AA-000-0000","S84391","No","Inclusion Criteria","Inclusion/Exclusion description",2012-02-01
"AA-AA-000-0000","S882","Yes","Missing Data","Inclusion/Exclusion description",2012-02-01
"AA-AA-000-0000","S62883","Yes","Missing Data","Inclusion/Exclusion description",2012-02-01
"AA-AA-000-0000","S53614","Yes","Missing Data","Inclusion/Exclusion description",2012-02-01
"AA-AA-000-0000","S76424","No","Missing Data","Inclusion/Exclusion description",2012-02-01
"AA-AA-000-0000","S78132","Yes","Study Procedures","Inclusion/Exclusion description",2012-02-01
"AA-AA-000-0000","S74519","No","Informed Consent","Inclusion/Exclusion description",2012-02-01
"AA-AA-000-0000","S19484","No","Missing Data","Inclusion/Exclusion description",2012-02-01
"AA-AA-000-0000","S81289","No","Missing Data","Inclusion/Exclusion description",2012-02-01
"AA-AA-000-0000","S90630","Yes","Missing Data","Inclusion/Exclusion description",2012-02-01
"AA-AA-000-0000","S28631","No","Study Procedures","Inclusion/Exclusion description",2012-02-01
"AA-AA-000-0000","S17064","Yes","Study Procedures","Inclusion/Exclusion description",2012-02-01
"AA-AA-000-0000","S40868","No","Study Procedures","Inclusion/Exclusion description",2012-02-01
"AA-AA-000-0000","S53855","Yes","Informed Consent","Inclusion/Exclusion description",2012-02-01
"AA-AA-000-0000","S35834","Yes","Informed Consent","Inclusion/Exclusion description",2012-02-01
"AA-AA-000-0000","S28543","No","Missing Data","Inclusion/Exclusion description",2012-02-01
"AA-AA-000-0000","S882","Yes","Missing Data","Inclusion/Exclusion description",2012-02-01
"AA-AA-000-0000","S42353","No","Study Procedures","Inclusion/Exclusion description",2012-02-01
"AA-AA-000-0000","S92817","Yes","Missing Data","Inclusion/Exclusion description",2012-02-01
"AA-AA-000-0000","S88306","Yes","Missing Data","Inclusion/Exclusion description",2012-02-01
"AA-AA-000-0000","S74917","No","Informed Consent","Inclusion/Exclusion description",2012-02-01
"AA-AA-000-0000","S57691","No","Exclusion Criteria","Inclusion/Exclusion description",2012-02-01
"AA-AA-000-0000","S59284","Yes","Study Procedures","Inclusion/Exclusion description",2012-02-01
"AA-AA-000-0000","S11423","No","Missing Data","Inclusion/Exclusion description",2012-02-01
"AA-AA-000-0000","S8858","No","Informed Consent","Inclusion/Exclusion description",2012-02-01
"AA-AA-000-0000","S5199","Yes","Informed Consent","Inclusion/Exclusion description",2012-02-01
"AA-AA-000-0000","S76053","No","Missing Data","Inclusion/Exclusion description",2012-02-01
"AA-AA-000-0000","S98653","Yes","Missing Data","Inclusion/Exclusion description",2012-02-01
"AA-AA-000-0000","S43101","No","Study Procedures","Inclusion/Exclusion description",2012-02-01
"AA-AA-000-0000","S75690","No","Informed Consent","Inclusion/Exclusion description",2012-02-01
"AA-AA-000-0000","S5140","No","Missing Data","Inclusion/Exclusion description",2012-02-01
"AA-AA-000-0000","S45190","No","Informed Consent","Inclusion/Exclusion description",2012-02-01
"AA-AA-000-0000","S73552","No","Informed Consent","Inclusion/Exclusion description",2012-02-01
"AA-AA-000-0000","S75548","No","Missing Data","Inclusion/Exclusion description",2012-02-01
"AA-AA-000-0000","S40424","No","Informed Consent","Inclusion/Exclusion description",2012-02-01
"AA-AA-000-0000","S72724","Yes","Missing Data","Inclusion/Exclusion description",2012-02-01
"AA-AA-000-0000","S19380","No","Missing Data","Inclusion/Exclusion description",2012-02-01
"AA-AA-000-0000","S76424","No","Missing Data","Inclusion/Exclusion description",2012-02-01
"AA-AA-000-0000","S69605","Yes","Informed Consent","Inclusion/Exclusion description",2012-02-01
"AA-AA-000-0000","S81289","No","Study Procedures","Inclusion/Exclusion description",2012-02-01
"AA-AA-000-0000","S8126","Yes","Informed Consent","Inclusion/Exclusion description",2012-02-01
"AA-AA-000-0000","S59806","Yes","Study Procedures","Inclusion/Exclusion description",2012-02-01
"AA-AA-000-0000","S5140","No","Exclusion Criteria","Inclusion/Exclusion description",2012-02-01
"AA-AA-000-0000","S2523","No","Study Procedures","Inclusion/Exclusion description",2012-02-01
"AA-AA-000-0000","S19255","Yes","Missing Data","Inclusion/Exclusion description",2012-02-01
"AA-AA-000-0000","S22140","Yes","Missing Data","Inclusion/Exclusion description",2012-02-01
"AA-AA-000-0000","S19484","No","Study Procedures","Inclusion/Exclusion description",2012-02-01
"AA-AA-000-0000","S66061","No","Informed Consent","Inclusion/Exclusion description",2012-02-01
"AA-AA-000-0000","S71929","Yes","Inclusion Criteria","Inclusion/Exclusion description",2012-02-01
"AA-AA-000-0000","S76017","Yes","Missing Data","Inclusion/Exclusion description",2012-02-01
"AA-AA-000-0000","S79443","No","Inclusion Criteria","Inclusion/Exclusion description",2012-02-01
"AA-AA-000-0000","S7833","No","Study Procedures","Inclusion/Exclusion description",2012-02-01
"AA-AA-000-0000","S63767","No","Informed Consent","Inclusion/Exclusion description",2012-02-01
"AA-AA-000-0000","S21446","No","Study Procedures","Inclusion/Exclusion description",2012-02-01
"AA-AA-000-0000","S96757","No","Study Procedures","Inclusion/Exclusion description",2012-02-01
"AA-AA-000-0000","S56091","No","Study Procedures","Inclusion/Exclusion description",2012-02-01
"AA-AA-000-0000","S79388","Yes","Informed Consent","Inclusion/Exclusion description",2012-02-01
"AA-AA-000-0000","S51443","No","Study Procedures","Inclusion/Exclusion description",2012-02-01
"AA-AA-000-0000","S50779","Yes","Inclusion Criteria","Inclusion/Exclusion description",2012-02-01
"AA-AA-000-0000","S10771","No","Informed Consent","Inclusion/Exclusion description",2012-02-01
"AA-AA-000-0000","S50953","No","Informed Consent","Inclusion/Exclusion description",2012-02-01
"AA-AA-000-0000","S85111","Yes","Informed Consent","Inclusion/Exclusion description",2012-02-01
"AA-AA-000-0000","S67498","No","Informed Consent","Inclusion/Exclusion description",2012-02-01
"AA-AA-000-0000","S50779","Yes","Exclusion Criteria","Inclusion/Exclusion description",2012-02-01
"AA-AA-000-0000","S78571","No","Study Procedures","Inclusion/Exclusion description",2012-02-01
"AA-AA-000-0000","S2969","No","Study Procedures","Inclusion/Exclusion description",2012-02-01
"AA-AA-000-0000","S55728","Yes","Missing Data","Inclusion/Exclusion description",2012-02-01
"AA-AA-000-0000","S41287","No","Study Procedures","Inclusion/Exclusion description",2012-02-01
"AA-AA-000-0000","S54183","No","Informed Consent","Inclusion/Exclusion description",2012-02-01
"AA-AA-000-0000","S41767","Yes","Informed Consent","Inclusion/Exclusion description",2012-02-01
"AA-AA-000-0000","S61163","No","Study Procedures","Inclusion/Exclusion description",2012-02-01
"AA-AA-000-0000","S73213","Yes","Informed Consent","Inclusion/Exclusion description",2012-02-01
"AA-AA-000-0000","S36886","Yes","Study Procedures","Inclusion/Exclusion description",2012-02-01
"AA-AA-000-0000","S47700","Yes","Informed Consent","Inclusion/Exclusion description",2012-02-01
"AA-AA-000-0000","S88306","Yes","Study Procedures","Inclusion/Exclusion description",2012-02-01
"AA-AA-000-0000","S9242","No","Exclusion Criteria","Inclusion/Exclusion description",2012-02-01
"AA-AA-000-0000","S48267","Yes","Informed Consent","Inclusion/Exclusion description",2012-02-01
"AA-AA-000-0000","S6528","No","Study Procedures","Inclusion/Exclusion description",2012-02-01
"AA-AA-000-0000","S50779","No","Study Procedures","Inclusion/Exclusion description",2012-02-01
"AA-AA-000-0000","S95683","No","Informed Consent","Inclusion/Exclusion description",2012-02-01
"AA-AA-000-0000","S88566","Yes","Informed Consent","Inclusion/Exclusion description",2012-02-01
"AA-AA-000-0000","S73213","Yes","Missing Data","Inclusion/Exclusion description",2012-02-01
"AA-AA-000-0000","S74797","Yes","Study Procedures","Inclusion/Exclusion description",2012-02-01
"AA-AA-000-0000","S24661","Yes","Informed Consent","Inclusion/Exclusion description",2012-02-01
"AA-AA-000-0000","S64117","No","Exclusion Criteria","Inclusion/Exclusion description",2012-02-01
"AA-AA-000-0000","S41688","No","Study Procedures","Inclusion/Exclusion description",2012-02-01
"AA-AA-000-0000","S13289","No","Study Procedures","Inclusion/Exclusion description",2012-02-01
"AA-AA-000-0000","S85511","Yes","Informed Consent","Inclusion/Exclusion description",2012-02-01
"AA-AA-000-0000","S61163","No","Study Procedures","Inclusion/Exclusion description",2012-02-01
"AA-AA-000-0000","S52444","No","Informed Consent","Inclusion/Exclusion description",2012-02-01
"AA-AA-000-0000","S38814","No","Inclusion Criteria","Inclusion/Exclusion description",2012-02-01
"AA-AA-000-0000","S54183","Yes","Missing Data","Inclusion/Exclusion description",2012-02-01
"AA-AA-000-0000","S79388","No","Informed Consent","Inclusion/Exclusion description",2012-02-01
"AA-AA-000-0000","S26836","No","Missing Data","Inclusion/Exclusion description",2012-02-01
"AA-AA-000-0000","S80235","Yes","Informed Consent","Inclusion/Exclusion description",2012-02-01
"AA-AA-000-0000","S7193","No","Study Procedures","Inclusion/Exclusion description",2012-02-01
"AA-AA-000-0000","S31737","No","Study Procedures","Inclusion/Exclusion description",2012-02-01
"AA-AA-000-0000","S27433","No","Informed Consent","Inclusion/Exclusion description",2012-02-01
"AA-AA-000-0000","S59956","No","Study Procedures","Inclusion/Exclusion description",2012-02-01
"AA-AA-000-0000","S14454","No","Missing Data","Inclusion/Exclusion description",2012-02-01
"AA-AA-000-0000","S78836","No","Informed Consent","Inclusion/Exclusion description",2012-02-01
"AA-AA-000-0000","S61163","No","Study Procedures","Inclusion/Exclusion description",2012-02-01
"AA-AA-000-0000","S62533","No","Informed Consent","Inclusion/Exclusion description",2012-02-01
"AA-AA-000-0000","S25706","Yes","Study Procedures","Inclusion/Exclusion description",2012-02-01
"AA-AA-000-0000","S90436","Yes","Inclusion Criteria","Inclusion/Exclusion description",2012-02-01
"AA-AA-000-0000","S89722","Yes","Exclusion Criteria","Inclusion/Exclusion description",2012-02-01
"AA-AA-000-0000","S18113","Yes","Study Procedures","Inclusion/Exclusion description",2012-02-01
"AA-AA-000-0000","S96757","No","Missing Data","Inclusion/Exclusion description",2012-02-01
"AA-AA-000-0000","S65424","Yes","Missing Data","Inclusion/Exclusion description",2012-02-01
"AA-AA-000-0000","S21491","Yes","Missing Data","Inclusion/Exclusion description",2012-02-01
"AA-AA-000-0000","S44700","No","Study Procedures","Inclusion/Exclusion description",2012-02-01
"AA-AA-000-0000","S19752","No","Informed Consent","Inclusion/Exclusion description",2012-02-01
"AA-AA-000-0000","S3548","Yes","Missing Data","Inclusion/Exclusion description",2012-02-01
"AA-AA-000-0000","S37821","Yes","Missing Data","Inclusion/Exclusion description",2012-02-01
"AA-AA-000-0000","S97137","No","Study Procedures","Inclusion/Exclusion description",2012-02-01
"AA-AA-000-0000","S87743","Yes","Study Procedures","Inclusion/Exclusion description",2012-02-01
"AA-AA-000-0000","S60570","Yes","Informed Consent","Inclusion/Exclusion description",2012-02-01
"AA-AA-000-0000","S19156","No","Study Procedures","Inclusion/Exclusion description",2012-02-01
"AA-AA-000-0000","S33491","Yes","Informed Consent","Inclusion/Exclusion description",2012-02-01
"AA-AA-000-0000","S52631","Yes","Informed Consent","Inclusion/Exclusion description",2012-02-01
"AA-AA-000-0000","S51380","Yes","Study Procedures","Inclusion/Exclusion description",2012-02-01
"AA-AA-000-0000","S28543","No","Study Procedures","Inclusion/Exclusion description",2012-02-01
"AA-AA-000-0000","S45188","No","Study Procedures","Inclusion/Exclusion description",2012-02-01
"AA-AA-000-0000","S93256","Yes","Study Procedures","Inclusion/Exclusion description",2012-02-01
"AA-AA-000-0000","S44160","Yes","Study Procedures","Inclusion/Exclusion description",2012-02-01
"AA-AA-000-0000","S4725","No","Missing Data","Inclusion/Exclusion description",2012-02-01
"AA-AA-000-0000","S74917","No","Inclusion Criteria","Inclusion/Exclusion description",2012-02-01
"AA-AA-000-0000","S90711","Yes","Informed Consent","Inclusion/Exclusion description",2012-02-01
"AA-AA-000-0000","S13582","Yes","Missing Data","Inclusion/Exclusion description",2012-02-01
"AA-AA-000-0000","S47824","No","Informed Consent","Inclusion/Exclusion description",2012-02-01
"AA-AA-000-0000","S93551","No","Study Procedures","Inclusion/Exclusion description",2012-02-01
"AA-AA-000-0000","S27013","No","Inclusion Criteria","Inclusion/Exclusion description",2012-02-01
"AA-AA-000-0000","S34830","No","Study Procedures","Inclusion/Exclusion description",2012-02-01
"AA-AA-000-0000","S51371","No","Informed Consent","Inclusion/Exclusion description",2012-02-01
"AA-AA-000-0000","S74654","No","Missing Data","Inclusion/Exclusion description",2012-02-01
"AA-AA-000-0000","S68284","Yes","Study Procedures","Inclusion/Exclusion description",2012-02-01
"AA-AA-000-0000","S94724","No","Informed Consent","Inclusion/Exclusion description",2012-02-01
"AA-AA-000-0000","S78168","Yes","Study Procedures","Inclusion/Exclusion description",2012-02-01
"AA-AA-000-0000","S72328","No","Missing Data","Inclusion/Exclusion description",2012-02-01
"AA-AA-000-0000","S6557","Yes","Exclusion Criteria","Inclusion/Exclusion description",2012-02-01
"AA-AA-000-0000","S28543","Yes","Study Procedures","Inclusion/Exclusion description",2012-02-01
"AA-AA-000-0000","S33945","Yes","Informed Consent","Inclusion/Exclusion description",2012-02-01
"AA-AA-000-0000","S28476","Yes","Study Procedures","Inclusion/Exclusion description",2012-02-01
"AA-AA-000-0000","S83309","No","Missing Data","Inclusion/Exclusion description",2012-02-01
"AA-AA-000-0000","S38814","No","Study Procedures","Inclusion/Exclusion description",2012-02-01
"AA-AA-000-0000","S14522","No","Study Procedures","Inclusion/Exclusion description",2012-02-01
"AA-AA-000-0000","S91185","Yes","Exclusion Criteria","Inclusion/Exclusion description",2012-02-01
"AA-AA-000-0000","S42343","No","Study Procedures","Inclusion/Exclusion description",2012-02-01
"AA-AA-000-0000","S23519","Yes","Exclusion Criteria","Inclusion/Exclusion description",2012-02-01
"AA-AA-000-0000","S30141","No","Missing Data","Inclusion/Exclusion description",2012-02-01
"AA-AA-000-0000","S98371","Yes","Study Procedures","Inclusion/Exclusion description",2012-02-01
"AA-AA-000-0000","S40145","Yes","Study Procedures","Inclusion/Exclusion description",2012-02-01
"AA-AA-000-0000","S22379","No","Study Procedures","Inclusion/Exclusion description",2012-02-01
"AA-AA-000-0000","S5702","No","Missing Data","Inclusion/Exclusion description",2012-02-01
"AA-AA-000-0000","S82706","Yes","Informed Consent","Inclusion/Exclusion description",2012-02-01
"AA-AA-000-0000","S67498","No","Informed Consent","Inclusion/Exclusion description",2012-02-01
"AA-AA-000-0000","S70538","Yes","Informed Consent","Inclusion/Exclusion description",2012-02-01
"AA-AA-000-0000","S41703","Yes","Informed Consent","Inclusion/Exclusion description",2012-02-01
"AA-AA-000-0000","S93182","No","Study Procedures","Inclusion/Exclusion description",2012-02-01
"AA-AA-000-0000","S37821","No","Informed Consent","Inclusion/Exclusion description",2012-02-01
"AA-AA-000-0000","S79328","Yes","Study Procedures","Inclusion/Exclusion description",2012-02-01
"AA-AA-000-0000","S46390","No","Study Procedures","Inclusion/Exclusion description",2012-02-01
"AA-AA-000-0000","S26422","Yes","Informed Consent","Inclusion/Exclusion description",2012-02-01
"AA-AA-000-0000","S82408","No","Study Procedures","Inclusion/Exclusion description",2012-02-01
"AA-AA-000-0000","S14046","Yes","Missing Data","Inclusion/Exclusion description",2012-02-01
"AA-AA-000-0000","S6528","No","Missing Data","Inclusion/Exclusion description",2012-02-01
"AA-AA-000-0000","S13810","Yes","Study Procedures","Inclusion/Exclusion description",2012-02-01
"AA-AA-000-0000","S3548","No","Missing Data","Inclusion/Exclusion description",2012-02-01
"AA-AA-000-0000","S4725","No","Study Procedures","Inclusion/Exclusion description",2012-02-01
"AA-AA-000-0000","S88306","No","Informed Consent","Inclusion/Exclusion description",2012-02-01
"AA-AA-000-0000","S63767","Yes","Study Procedures","Inclusion/Exclusion description",2012-02-01
"AA-AA-000-0000","S37223","Yes","Missing Data","Inclusion/Exclusion description",2012-02-01
"AA-AA-000-0000","S92817","Yes","Informed Consent","Inclusion/Exclusion description",2012-02-01
"AA-AA-000-0000","S9051","No","Informed Consent","Inclusion/Exclusion description",2012-02-01
"AA-AA-000-0000","S2856","No","Missing Data","Inclusion/Exclusion description",2012-02-01
"AA-AA-000-0000","S75995","Yes","Missing Data","Inclusion/Exclusion description",2012-02-01
"AA-AA-000-0000","S34410","No","Missing Data","Inclusion/Exclusion description",2012-02-01
"AA-AA-000-0000","S8249","No","Study Procedures","Inclusion/Exclusion description",2012-02-01
"AA-AA-000-0000","S51092","No","Missing Data","Inclusion/Exclusion description",2012-02-01
"AA-AA-000-0000","S37821","Yes","Missing Data","Inclusion/Exclusion description",2012-02-01
"AA-AA-000-0000","S96757","Yes","Informed Consent","Inclusion/Exclusion description",2012-02-01
"AA-AA-000-0000","S56762","Yes","Study Procedures","Inclusion/Exclusion description",2012-02-01
"AA-AA-000-0000","S78132","No","Missing Data","Inclusion/Exclusion description",2012-02-01
"AA-AA-000-0000","S41123","No","Missing Data","Inclusion/Exclusion description",2012-02-01
"AA-AA-000-0000","S96574","Yes","Informed Consent","Inclusion/Exclusion description",2012-02-01
"AA-AA-000-0000","S61154","No","Study Procedures","Inclusion/Exclusion description",2012-02-01
"AA-AA-000-0000","S21491","Yes","Informed Consent","Inclusion/Exclusion description",2012-02-01
"AA-AA-000-0000","S38745","Yes","Study Procedures","Inclusion/Exclusion description",2012-02-01
"AA-AA-000-0000","S21491","No","Informed Consent","Inclusion/Exclusion description",2012-02-01
"AA-AA-000-0000","S21446","Yes","Missing Data","Inclusion/Exclusion description",2012-02-01
"AA-AA-000-0000","S27345","Yes","Study Procedures","Inclusion/Exclusion description",2012-02-01
"AA-AA-000-0000","S51906","Yes","Exclusion Criteria","Inclusion/Exclusion description",2012-02-01
"AA-AA-000-0000","S54183","No","Study Procedures","Inclusion/Exclusion description",2012-02-01
"AA-AA-000-0000","S9192","No","Missing Data","Inclusion/Exclusion description",2012-02-01
"AA-AA-000-0000","S61186","Yes","Study Procedures","Inclusion/Exclusion description",2012-02-01
"AA-AA-000-0000","S80107","Yes","Missing Data","Inclusion/Exclusion description",2012-02-01
"AA-AA-000-0000","S66100","Yes","Informed Consent","Inclusion/Exclusion description",2012-02-01
"AA-AA-000-0000","S18924","No","Missing Data","Inclusion/Exclusion description",2012-02-01
"AA-AA-000-0000","S51782","Yes","Informed Consent","Inclusion/Exclusion description",2012-02-01
"AA-AA-000-0000","S81541","Yes","Missing Data","Inclusion/Exclusion description",2012-02-01
"AA-AA-000-0000","S5524","No","Study Procedures","Inclusion/Exclusion description",2012-02-01
"AA-AA-000-0000","S12402","No","Study Procedures","Inclusion/Exclusion description",2012-02-01
"AA-AA-000-0000","S23519","No","Informed Consent","Inclusion/Exclusion description",2012-02-01
"AA-AA-000-0000","S41298","Yes","Informed Consent","Inclusion/Exclusion description",2012-02-01
"AA-AA-000-0000","S90076","Yes","Study Procedures","Inclusion/Exclusion description",2012-02-01
"AA-AA-000-0000","S73213","Yes","Informed Consent","Inclusion/Exclusion description",2012-02-01
"AA-AA-000-0000","S61109","No","Study Procedures","Inclusion/Exclusion description",2012-02-01
"AA-AA-000-0000","S39259","Yes","Missing Data","Inclusion/Exclusion description",2012-02-01
"AA-AA-000-0000","S36886","No","Study Procedures","Inclusion/Exclusion description",2012-02-01
"AA-AA-000-0000","S5475","No","Study Procedures","Inclusion/Exclusion description",2012-02-01
"AA-AA-000-0000","S30141","Yes","Study Procedures","Inclusion/Exclusion description",2012-02-01
"AA-AA-000-0000","S9051","No","Missing Data","Inclusion/Exclusion description",2012-02-01
"AA-AA-000-0000","S30683","Yes","Study Procedures","Inclusion/Exclusion description",2012-02-01
"AA-AA-000-0000","S95738","Yes","Study Procedures","Inclusion/Exclusion description",2012-02-01
"AA-AA-000-0000","S19678","No","Study Procedures","Inclusion/Exclusion description",2012-02-01
"AA-AA-000-0000","S88436","Yes","Informed Consent","Inclusion/Exclusion description",2012-02-01
"AA-AA-000-0000","S50664","Yes","Missing Data","Inclusion/Exclusion description",2012-02-01
"AA-AA-000-0000","S25117","Yes","Missing Data","Inclusion/Exclusion description",2012-02-01
"AA-AA-000-0000","S75527","Yes","Study Procedures","Inclusion/Exclusion description",2012-02-01
"AA-AA-000-0000","S63928","Yes","Study Procedures","Inclusion/Exclusion description",2012-02-01
"AA-AA-000-0000","S58829","No","Missing Data","Inclusion/Exclusion description",2012-02-01
"AA-AA-000-0000","S6557","No","Missing Data","Inclusion/Exclusion description",2012-02-01
"AA-AA-000-0000","S8249","No","Study Procedures","Inclusion/Exclusion description",2012-02-01
"AA-AA-000-0000","S78717","Yes","Study Procedures","Inclusion/Exclusion description",2012-02-01
"AA-AA-000-0000","S67479","No","Exclusion Criteria","Inclusion/Exclusion description",2012-02-01
"AA-AA-000-0000","S7775","Yes","Exclusion Criteria","Inclusion/Exclusion description",2012-02-01
"AA-AA-000-0000","S98267","Yes","Informed Consent","Inclusion/Exclusion description",2012-02-01
"AA-AA-000-0000","S75437","No","Study Procedures","Inclusion/Exclusion description",2012-02-01
"AA-AA-000-0000","S90862","No","Informed Consent","Inclusion/Exclusion description",2012-02-01
"AA-AA-000-0000","S85279","Yes","Informed Consent","Inclusion/Exclusion description",2012-02-01
"AA-AA-000-0000","S3179","Yes","Inclusion Criteria","Inclusion/Exclusion description",2012-02-01
"AA-AA-000-0000","S59642","No","Study Procedures","Inclusion/Exclusion description",2012-02-01
"AA-AA-000-0000","S56570","No","Missing Data","Inclusion/Exclusion description",2012-02-01
"AA-AA-000-0000","S62903","No","Missing Data","Inclusion/Exclusion description",2012-02-01
"AA-AA-000-0000","S95738","No","Missing Data","Inclusion/Exclusion description",2012-02-01
"AA-AA-000-0000","S14046","Yes","Informed Consent","Inclusion/Exclusion description",2012-02-01
"AA-AA-000-0000","S33697","Yes","Study Procedures","Inclusion/Exclusion description",2012-02-01
"AA-AA-000-0000","S78935","No","Study Procedures","Inclusion/Exclusion description",2012-02-01
"AA-AA-000-0000","S82439","No","Missing Data","Inclusion/Exclusion description",2012-02-01
"AA-AA-000-0000","S9242","No","Missing Data","Inclusion/Exclusion description",2012-02-01
"AA-AA-000-0000","S76871","Yes","Informed Consent","Inclusion/Exclusion description",2012-02-01
"AA-AA-000-0000","S79328","Yes","Informed Consent","Inclusion/Exclusion description",2012-02-01
"AA-AA-000-0000","S14454","No","Missing Data","Inclusion/Exclusion description",2012-02-01
"AA-AA-000-0000","S10264","Yes","Inclusion Criteria","Inclusion/Exclusion description",2012-02-01
"AA-AA-000-0000","S19380","No","Study Procedures","Inclusion/Exclusion description",2012-02-01
"AA-AA-000-0000","S43101","No","Informed Consent","Inclusion/Exclusion description",2012-02-01
"AA-AA-000-0000","S95593","No","Study Procedures","Inclusion/Exclusion description",2012-02-01
"AA-AA-000-0000","S52444","Yes","Informed Consent","Inclusion/Exclusion description",2012-02-01
"AA-AA-000-0000","S67390","No","Missing Data","Inclusion/Exclusion description",2012-02-01
"AA-AA-000-0000","S24790","Yes","Informed Consent","Inclusion/Exclusion description",2012-02-01
"AA-AA-000-0000","S10264","No","Informed Consent","Inclusion/Exclusion description",2012-02-01
"AA-AA-000-0000","S93182","Yes","Missing Data","Inclusion/Exclusion description",2012-02-01
"AA-AA-000-0000","S64601","No","Missing Data","Inclusion/Exclusion description",2012-02-01
"AA-AA-000-0000","S79443","No","Missing Data","Inclusion/Exclusion description",2012-02-01
"AA-AA-000-0000","S32336","Yes","Study Procedures","Inclusion/Exclusion description",2012-02-01
"AA-AA-000-0000","S27013","No","Study Procedures","Inclusion/Exclusion description",2012-02-01
"AA-AA-000-0000","S93551","Yes","Informed Consent","Inclusion/Exclusion description",2012-02-01
"AA-AA-000-0000","S79162","Yes","Informed Consent","Inclusion/Exclusion description",2012-02-01
"AA-AA-000-0000","S32336","No","Study Procedures","Inclusion/Exclusion description",2012-02-01
"AA-AA-000-0000","S41608","Yes","Exclusion Criteria","Inclusion/Exclusion description",2012-02-01
"AA-AA-000-0000","S28476","Yes","Informed Consent","Inclusion/Exclusion description",2012-02-01
"AA-AA-000-0000","S56570","No","Missing Data","Inclusion/Exclusion description",2012-02-01
"AA-AA-000-0000","S5524","No","Informed Consent","Inclusion/Exclusion description",2012-02-01
"AA-AA-000-0000","S50790","Yes","Study Procedures","Inclusion/Exclusion description",2012-02-01
"AA-AA-000-0000","S43101","No","Study Procedures","Inclusion/Exclusion description",2012-02-01
"AA-AA-000-0000","S73552","Yes","Missing Data","Inclusion/Exclusion description",2012-02-01
"AA-AA-000-0000","S17499","Yes","Missing Data","Inclusion/Exclusion description",2012-02-01
"AA-AA-000-0000","S90711","No","Study Procedures","Inclusion/Exclusion description",2012-02-01
"AA-AA-000-0000","S75690","Yes","Study Procedures","Inclusion/Exclusion description",2012-02-01
"AA-AA-000-0000","S47175","No","Missing Data","Inclusion/Exclusion description",2012-02-01
"AA-AA-000-0000","S43843","No","Missing Data","Inclusion/Exclusion description",2012-02-01
"AA-AA-000-0000","S68284","Yes","Missing Data","Inclusion/Exclusion description",2012-02-01
"AA-AA-000-0000","S10169","No","Inclusion Criteria","Inclusion/Exclusion description",2012-02-01
"AA-AA-000-0000","S96714","Yes","Informed Consent","Inclusion/Exclusion description",2012-02-01
"AA-AA-000-0000","S33779","No","Missing Data","Inclusion/Exclusion description",2012-02-01
"AA-AA-000-0000","S41123","Yes","Study Procedures","Inclusion/Exclusion description",2012-02-01
"AA-AA-000-0000","S40145","No","Study Procedures","Inclusion/Exclusion description",2012-02-01
"AA-AA-000-0000","S72148","Yes","Exclusion Criteria","Inclusion/Exclusion description",2012-02-01
"AA-AA-000-0000","S19484","Yes","Missing Data","Inclusion/Exclusion description",2012-02-01
"AA-AA-000-0000","S64268","No","Study Procedures","Inclusion/Exclusion description",2012-02-01
"AA-AA-000-0000","S19380","No","Missing Data","Inclusion/Exclusion description",2012-02-01
"AA-AA-000-0000","S61706","Yes","Inclusion Criteria","Inclusion/Exclusion description",2012-02-01
"AA-AA-000-0000","S40868","Yes","Missing Data","Inclusion/Exclusion description",2012-02-01
"AA-AA-000-0000","S44700","No","Missing Data","Inclusion/Exclusion description",2012-02-01
"AA-AA-000-0000","S76053","Yes","Study Procedures","Inclusion/Exclusion description",2012-02-01
"AA-AA-000-0000","S78571","Yes","Exclusion Criteria","Inclusion/Exclusion description",2012-02-01
"AA-AA-000-0000","S78935","No","Exclusion Criteria","Inclusion/Exclusion description",2012-02-01
"AA-AA-000-0000","S15521","No","Missing Data","Inclusion/Exclusion description",2012-02-01
"AA-AA-000-0000","S25117","No","Missing Data","Inclusion/Exclusion description",2012-02-01
"AA-AA-000-0000","S50927","No","Missing Data","Inclusion/Exclusion description",2012-02-01
"AA-AA-000-0000","S13810","No","Study Procedures","Inclusion/Exclusion description",2012-02-01
"AA-AA-000-0000","S69474","Yes","Study Procedures","Inclusion/Exclusion description",2012-02-01
"AA-AA-000-0000","S82517","No","Missing Data","Inclusion/Exclusion description",2012-02-01
"AA-AA-000-0000","S63928","No","Informed Consent","Inclusion/Exclusion description",2012-02-01
"AA-AA-000-0000","S75468","No","Study Procedures","Inclusion/Exclusion description",2012-02-01
"AA-AA-000-0000","S21191","Yes","Missing Data","Inclusion/Exclusion description",2012-02-01
"AA-AA-000-0000","S96574","No","Study Procedures","Inclusion/Exclusion description",2012-02-01
"AA-AA-000-0000","S24790","No","Study Procedures","Inclusion/Exclusion description",2012-02-01
"AA-AA-000-0000","S44700","No","Exclusion Criteria","Inclusion/Exclusion description",2012-02-01
"AA-AA-000-0000","S43474","Yes","Missing Data","Inclusion/Exclusion description",2012-02-01
"AA-AA-000-0000","S90862","Yes","Missing Data","Inclusion/Exclusion description",2012-02-01
"AA-AA-000-0000","S51782","No","Informed Consent","Inclusion/Exclusion description",2012-02-01
"AA-AA-000-0000","S50790","Yes","Inclusion Criteria","Inclusion/Exclusion description",2012-02-01
"AA-AA-000-0000","S56570","No","Study Procedures","Inclusion/Exclusion description",2012-02-01
"AA-AA-000-0000","S43465","Yes","Study Procedures","Inclusion/Exclusion description",2012-02-01
"AA-AA-000-0000","S61109","No","Missing Data","Inclusion/Exclusion description",2012-02-01
"AA-AA-000-0000","S16216","Yes","Informed Consent","Inclusion/Exclusion description",2012-02-01
"AA-AA-000-0000","S46333","Yes","Missing Data","Inclusion/Exclusion description",2012-02-01
"AA-AA-000-0000","S14015","No","Informed Consent","Inclusion/Exclusion description",2012-02-01
"AA-AA-000-0000","S72328","Yes","Missing Data","Inclusion/Exclusion description",2012-02-01
"AA-AA-000-0000","S13810","Yes","Inclusion Criteria","Inclusion/Exclusion description",2012-02-01
"AA-AA-000-0000","S33491","No","Informed Consent","Inclusion/Exclusion description",2012-02-01
"AA-AA-000-0000","S42591","Yes","Missing Data","Inclusion/Exclusion description",2012-02-01
"AA-AA-000-0000","S73021","No","Study Procedures","Inclusion/Exclusion description",2012-02-01
"AA-AA-000-0000","S14522","Yes","Study Procedures","Inclusion/Exclusion description",2012-02-01
"AA-AA-000-0000","S53614","Yes","Study Procedures","Inclusion/Exclusion description",2012-02-01
"AA-AA-000-0000","S78168","No","Missing Data","Inclusion/Exclusion description",2012-02-01
"AA-AA-000-0000","S42412","No","Missing Data","Inclusion/Exclusion description",2012-02-01
"AA-AA-000-0000","S75527","No","Informed Consent","Inclusion/Exclusion description",2012-02-01
"AA-AA-000-0000","S61154","No","Study Procedures","Inclusion/Exclusion description",2012-02-01
"AA-AA-000-0000","S90711","Yes","Informed Consent","Inclusion/Exclusion description",2012-02-01
"AA-AA-000-0000","S86525","No","Missing Data","Inclusion/Exclusion description",2012-02-01
"AA-AA-000-0000","S48267","No","Informed Consent","Inclusion/Exclusion description",2012-02-01
"AA-AA-000-0000","S59284","No","Missing Data","Inclusion/Exclusion description",2012-02-01
"AA-AA-000-0000","S32331","Yes","Informed Consent","Inclusion/Exclusion description",2012-02-01
"AA-AA-000-0000","S89271","No","Study Procedures","Inclusion/Exclusion description",2012-02-01
"AA-AA-000-0000","S82095","No","Informed Consent","Inclusion/Exclusion description",2012-02-01
"AA-AA-000-0000","S59912","No","Missing Data","Inclusion/Exclusion description",2012-02-01
"AA-AA-000-0000","S41703","Yes","Study Procedures","Inclusion/Exclusion description",2012-02-01
"AA-AA-000-0000","S67498","Yes","Informed Consent","Inclusion/Exclusion description",2012-02-01
"AA-AA-000-0000","S90862","No","Inclusion Criteria","Inclusion/Exclusion description",2012-02-01
"AA-AA-000-0000","S61441","No","Informed Consent","Inclusion/Exclusion description",2012-02-01
"AA-AA-000-0000","S66100","No","Informed Consent","Inclusion/Exclusion description",2012-02-01
"AA-AA-000-0000","S33412","No","Study Procedures","Inclusion/Exclusion description",2012-02-01
"AA-AA-000-0000","S97137","No","Study Procedures","Inclusion/Exclusion description",2012-02-01
"AA-AA-000-0000","S44278","No","Informed Consent","Inclusion/Exclusion description",2012-02-01
"AA-AA-000-0000","S81402","No","Study Procedures","Inclusion/Exclusion description",2012-02-01
"AA-AA-000-0000","S93256","Yes","Missing Data","Inclusion/Exclusion description",2012-02-01
"AA-AA-000-0000","S44636","Yes","Informed Consent","Inclusion/Exclusion description",2012-02-01
"AA-AA-000-0000","S43620","No","Study Procedures","Inclusion/Exclusion description",2012-02-01
"AA-AA-000-0000","S26237","No","Informed Consent","Inclusion/Exclusion description",2012-02-01
"AA-AA-000-0000","S14015","Yes","Informed Consent","Inclusion/Exclusion description",2012-02-01
"AA-AA-000-0000","S48411","No","Missing Data","Inclusion/Exclusion description",2012-02-01
"AA-AA-000-0000","S33491","Yes","Missing Data","Inclusion/Exclusion description",2012-02-01
"AA-AA-000-0000","S58315","Yes","Informed Consent","Inclusion/Exclusion description",2012-02-01
"AA-AA-000-0000","S69605","No","Study Procedures","Inclusion/Exclusion description",2012-02-01
"AA-AA-000-0000","S23573","No","Informed Consent","Inclusion/Exclusion description",2012-02-01
"AA-AA-000-0000","S28722","No","Exclusion Criteria","Inclusion/Exclusion description",2012-02-01
"AA-AA-000-0000","S5140","No","Informed Consent","Inclusion/Exclusion description",2012-02-01
"AA-AA-000-0000","S17499","No","Informed Consent","Inclusion/Exclusion description",2012-02-01
"AA-AA-000-0000","S42441","No","Informed Consent","Inclusion/Exclusion description",2012-02-01
"AA-AA-000-0000","S52444","Yes","Study Procedures","Inclusion/Exclusion description",2012-02-01
"AA-AA-000-0000","S96425","No","Study Procedures","Inclusion/Exclusion description",2012-02-01
"AA-AA-000-0000","S27013","Yes","Informed Consent","Inclusion/Exclusion description",2012-02-01
"AA-AA-000-0000","S12234","No","Study Procedures","Inclusion/Exclusion description",2012-02-01
"AA-AA-000-0000","S34410","No","Informed Consent","Inclusion/Exclusion description",2012-02-01
"AA-AA-000-0000","S50664","No","Missing Data","Inclusion/Exclusion description",2012-02-01
"AA-AA-000-0000","S12402","Yes","Informed Consent","Inclusion/Exclusion description",2012-02-01
"AA-AA-000-0000","S58717","Yes","Study Procedures","Inclusion/Exclusion description",2012-02-01
"AA-AA-000-0000","S98839","Yes","Exclusion Criteria","Inclusion/Exclusion description",2012-02-01
"AA-AA-000-0000","S86525","No","Informed Consent","Inclusion/Exclusion description",2012-02-01
"AA-AA-000-0000","S72389","No","Informed Consent","Inclusion/Exclusion description",2012-02-01
"AA-AA-000-0000","S3285","No","Study Procedures","Inclusion/Exclusion description",2012-02-01
"AA-AA-000-0000","S20971","Yes","Informed Consent","Inclusion/Exclusion description",2012-02-01
"AA-AA-000-0000","S48267","No","Missing Data","Inclusion/Exclusion description",2012-02-01
"AA-AA-000-0000","S78935","No","Missing Data","Inclusion/Exclusion description",2012-02-01
"AA-AA-000-0000","S53524","Yes","Missing Data","Inclusion/Exclusion description",2012-02-01
"AA-AA-000-0000","S64601","Yes","Missing Data","Inclusion/Exclusion description",2012-02-01
"AA-AA-000-0000","S5475","No","Informed Consent","Inclusion/Exclusion description",2012-02-01
"AA-AA-000-0000","S82517","Yes","Missing Data","Inclusion/Exclusion description",2012-02-01
"AA-AA-000-0000","S96757","Yes","Missing Data","Inclusion/Exclusion description",2012-02-01
"AA-AA-000-0000","S43465","Yes","Study Procedures","Inclusion/Exclusion description",2012-02-01
"AA-AA-000-0000","S7284","No","Informed Consent","Inclusion/Exclusion description",2012-02-01
"AA-AA-000-0000","S79388","No","Informed Consent","Inclusion/Exclusion description",2012-02-01
"AA-AA-000-0000","S27013","Yes","Study Procedures","Inclusion/Exclusion description",2012-02-01
"AA-AA-000-0000","S2856","Yes","Informed Consent","Inclusion/Exclusion description",2012-02-01
"AA-AA-000-0000","S62097","Yes","Informed Consent","Inclusion/Exclusion description",2012-02-01
"AA-AA-000-0000","S51443","No","Informed Consent","Inclusion/Exclusion description",2012-02-01
"AA-AA-000-0000","S24790","No","Informed Consent","Inclusion/Exclusion description",2012-02-01
"AA-AA-000-0000","S68049","Yes","Missing Data","Inclusion/Exclusion description",2012-02-01
"AA-AA-000-0000","S51674","Yes","Study Procedures","Inclusion/Exclusion description",2012-02-01
"AA-AA-000-0000","S96425","Yes","Informed Consent","Inclusion/Exclusion description",2012-02-01
"AA-AA-000-0000","S43487","Yes","Missing Data","Inclusion/Exclusion description",2012-02-01
"AA-AA-000-0000","S15030","Yes","Study Procedures","Inclusion/Exclusion description",2012-02-01
"AA-AA-000-0000","S41608","No","Inclusion Criteria","Inclusion/Exclusion description",2012-02-01
"AA-AA-000-0000","S64375","No","Exclusion Criteria","Inclusion/Exclusion description",2012-02-01
"AA-AA-000-0000","S6700","Yes","Study Procedures","Inclusion/Exclusion description",2012-02-01
"AA-AA-000-0000","S32331","No","Study Procedures","Inclusion/Exclusion description",2012-02-01
"AA-AA-000-0000","S38694","No","Informed Consent","Inclusion/Exclusion description",2012-02-01
"AA-AA-000-0000","S62883","No","Informed Consent","Inclusion/Exclusion description",2012-02-01
"AA-AA-000-0000","S70538","Yes","Study Procedures","Inclusion/Exclusion description",2012-02-01
"AA-AA-000-0000","S79388","Yes","Study Procedures","Inclusion/Exclusion description",2012-02-01
"AA-AA-000-0000","S61163","No","Study Procedures","Inclusion/Exclusion description",2012-02-01
"AA-AA-000-0000","S66882","No","Study Procedures","Inclusion/Exclusion description",2012-02-01
"AA-AA-000-0000","S5475","No","Informed Consent","Inclusion/Exclusion description",2012-02-01
"AA-AA-000-0000","S95593","Yes","Study Procedures","Inclusion/Exclusion description",2012-02-01
"AA-AA-000-0000","S79133","Yes","Missing Data","Inclusion/Exclusion description",2012-02-01
"AA-AA-000-0000","S98839","Yes","Missing Data","Inclusion/Exclusion description",2012-02-01
"AA-AA-000-0000","S95738","Yes","Informed Consent","Inclusion/Exclusion description",2012-02-01
"AA-AA-000-0000","S93954","No","Informed Consent","Inclusion/Exclusion description",2012-02-01
"AA-AA-000-0000","S93182","Yes","Study Procedures","Inclusion/Exclusion description",2012-02-01
"AA-AA-000-0000","S66882","No","Informed Consent","Inclusion/Exclusion description",2012-02-01
"AA-AA-000-0000","S42412","Yes","Informed Consent","Inclusion/Exclusion description",2012-02-01
"AA-AA-000-0000","S36177","Yes","Study Procedures","Inclusion/Exclusion description",2012-02-01
"AA-AA-000-0000","S33697","No","Missing Data","Inclusion/Exclusion description",2012-02-01
"AA-AA-000-0000","S6528","No","Missing Data","Inclusion/Exclusion description",2012-02-01
"AA-AA-000-0000","S69684","Yes","Missing Data","Inclusion/Exclusion description",2012-02-01
"AA-AA-000-0000","S34327","Yes","Informed Consent","Inclusion/Exclusion description",2012-02-01
"AA-AA-000-0000","S96749","No","Study Procedures","Inclusion/Exclusion description",2012-02-01
"AA-AA-000-0000","S65616","No","Missing Data","Inclusion/Exclusion description",2012-02-01
"AA-AA-000-0000","S6022","Yes","Informed Consent","Inclusion/Exclusion description",2012-02-01
"AA-AA-000-0000","S27433","No","Exclusion Criteria","Inclusion/Exclusion description",2012-02-01
"AA-AA-000-0000","S75690","No","Missing Data","Inclusion/Exclusion description",2012-02-01
"AA-AA-000-0000","S58347","No","Study Procedures","Inclusion/Exclusion description",2012-02-01
"AA-AA-000-0000","S40424","Yes","Informed Consent","Inclusion/Exclusion description",2012-02-01
"AA-AA-000-0000","S7173","No","Exclusion Criteria","Inclusion/Exclusion description",2012-02-01
"AA-AA-000-0000","S93551","No","Informed Consent","Inclusion/Exclusion description",2012-02-01
"AA-AA-000-0000","S33604","Yes","Study Procedures","Inclusion/Exclusion description",2012-02-01
"AA-AA-000-0000","S78168","Yes","Study Procedures","Inclusion/Exclusion description",2012-02-01
"AA-AA-000-0000","S43101","No","Informed Consent","Inclusion/Exclusion description",2012-02-01
"AA-AA-000-0000","S51371","No","Study Procedures","Inclusion/Exclusion description",2012-02-01
"AA-AA-000-0000","S82706","Yes","Informed Consent","Inclusion/Exclusion description",2012-02-01
"AA-AA-000-0000","S66042","No","Study Procedures","Inclusion/Exclusion description",2012-02-01
"AA-AA-000-0000","S50953","Yes","Study Procedures","Inclusion/Exclusion description",2012-02-01
"AA-AA-000-0000","S91185","No","Study Procedures","Inclusion/Exclusion description",2012-02-01
"AA-AA-000-0000","S19255","Yes","Missing Data","Inclusion/Exclusion description",2012-02-01
"AA-AA-000-0000","S9663","Yes","Informed Consent","Inclusion/Exclusion description",2012-02-01
"AA-AA-000-0000","S90150","No","Missing Data","Inclusion/Exclusion description",2012-02-01
"AA-AA-000-0000","S25190","No","Missing Data","Inclusion/Exclusion description",2012-02-01
"AA-AA-000-0000","S9051","Yes","Missing Data","Inclusion/Exclusion description",2012-02-01
"AA-AA-000-0000","S15030","Yes","Exclusion Criteria","Inclusion/Exclusion description",2012-02-01
"AA-AA-000-0000","S88218","Yes","Missing Data","Inclusion/Exclusion description",2012-02-01
"AA-AA-000-0000","S78935","No","Missing Data","Inclusion/Exclusion description",2012-02-01
"AA-AA-000-0000","S24778","Yes","Informed Consent","Inclusion/Exclusion description",2012-02-01
"AA-AA-000-0000","S68284","No","Missing Data","Inclusion/Exclusion description",2012-02-01
"AA-AA-000-0000","S80235","Yes","Study Procedures","Inclusion/Exclusion description",2012-02-01
"AA-AA-000-0000","S88083","Yes","Inclusion Criteria","Inclusion/Exclusion description",2012-02-01
"AA-AA-000-0000","S72724","No","Missing Data","Inclusion/Exclusion description",2012-02-01
"AA-AA-000-0000","S4781","Yes","Informed Consent","Inclusion/Exclusion description",2012-02-01
"AA-AA-000-0000","S2856","Yes","Missing Data","Inclusion/Exclusion description",2012-02-01
"AA-AA-000-0000","S85511","No","Informed Consent","Inclusion/Exclusion description",2012-02-01
"AA-AA-000-0000","S2969","No","Study Procedures","Inclusion/Exclusion description",2012-02-01
"AA-AA-000-0000","S58315","Yes","Missing Data","Inclusion/Exclusion description",2012-02-01
"AA-AA-000-0000","S81289","Yes","Informed Consent","Inclusion/Exclusion description",2012-02-01
"AA-AA-000-0000","S98820","Yes","Study Procedures","Inclusion/Exclusion description",2012-02-01
"AA-AA-000-0000","S43101","Yes","Study Procedures","Inclusion/Exclusion description",2012-02-01
"AA-AA-000-0000","S40526","Yes","Informed Consent","Inclusion/Exclusion description",2012-02-01
"AA-AA-000-0000","S93551","Yes","Study Procedures","Inclusion/Exclusion description",2012-02-01
"AA-AA-000-0000","S41703","Yes","Informed Consent","Inclusion/Exclusion description",2012-02-01
"AA-AA-000-0000","S52979","Yes","Informed Consent","Inclusion/Exclusion description",2012-02-01
"AA-AA-000-0000","S43101","No","Missing Data","Inclusion/Exclusion description",2012-02-01
"AA-AA-000-0000","S62903","Yes","Informed Consent","Inclusion/Exclusion description",2012-02-01
"AA-AA-000-0000","S64601","No","Missing Data","Inclusion/Exclusion description",2012-02-01
"AA-AA-000-0000","S78935","No","Missing Data","Inclusion/Exclusion description",2012-02-01
"AA-AA-000-0000","S44278","No","Inclusion Criteria","Inclusion/Exclusion description",2012-02-01
"AA-AA-000-0000","S65948","Yes","Study Procedures","Inclusion/Exclusion description",2012-02-01
"AA-AA-000-0000","S6022","No","Missing Data","Inclusion/Exclusion description",2012-02-01
"AA-AA-000-0000","S12402","No","Informed Consent","Inclusion/Exclusion description",2012-02-01
"AA-AA-000-0000","S35306","No","Study Procedures","Inclusion/Exclusion description",2012-02-01
"AA-AA-000-0000","S49125","Yes","Informed Consent","Inclusion/Exclusion description",2012-02-01
"AA-AA-000-0000","S19608","Yes","Informed Consent","Inclusion/Exclusion description",2012-02-01
"AA-AA-000-0000","S52428","No","Missing Data","Inclusion/Exclusion description",2012-02-01
"AA-AA-000-0000","S28760","No","Informed Consent","Inclusion/Exclusion description",2012-02-01
"AA-AA-000-0000","S63470","Yes","Informed Consent","Inclusion/Exclusion description",2012-02-01
"AA-AA-000-0000","S79443","No","Informed Consent","Inclusion/Exclusion description",2012-02-01
"AA-AA-000-0000","S93299","Yes","Informed Consent","Inclusion/Exclusion description",2012-02-01
"AA-AA-000-0000","S8459","No","Exclusion Criteria","Inclusion/Exclusion description",2012-02-01
"AA-AA-000-0000","S72515","Yes","Missing Data","Inclusion/Exclusion description",2012-02-01
"AA-AA-000-0000","S9663","Yes","Study Procedures","Inclusion/Exclusion description",2012-02-01
"AA-AA-000-0000","S33152","Yes","Missing Data","Inclusion/Exclusion description",2012-02-01
"AA-AA-000-0000","S90711","No","Study Procedures","Inclusion/Exclusion description",2012-02-01
"AA-AA-000-0000","S61186","No","Study Procedures","Inclusion/Exclusion description",2012-02-01
"AA-AA-000-0000","S44278","No","Informed Consent","Inclusion/Exclusion description",2012-02-01
"AA-AA-000-0000","S31737","No","Inclusion Criteria","Inclusion/Exclusion description",2012-02-01
"AA-AA-000-0000","S88436","Yes","Study Procedures","Inclusion/Exclusion description",2012-02-01
"AA-AA-000-0000","S13289","No","Missing Data","Inclusion/Exclusion description",2012-02-01
"AA-AA-000-0000","S51371","Yes","Informed Consent","Inclusion/Exclusion description",2012-02-01
"AA-AA-000-0000","S48411","Yes","Study Procedures","Inclusion/Exclusion description",2012-02-01
"AA-AA-000-0000","S45628","No","Study Procedures","Inclusion/Exclusion description",2012-02-01
"AA-AA-000-0000","S74728","Yes","Study Procedures","Inclusion/Exclusion description",2012-02-01
"AA-AA-000-0000","S90150","No","Study Procedures","Inclusion/Exclusion description",2012-02-01
"AA-AA-000-0000","S26237","No","Study Procedures","Inclusion/Exclusion description",2012-02-01
"AA-AA-000-0000","S80235","Yes","Study Procedures","Inclusion/Exclusion description",2012-02-01
"AA-AA-000-0000","S59912","Yes","Missing Data","Inclusion/Exclusion description",2012-02-01
"AA-AA-000-0000","S74728","No","Exclusion Criteria","Inclusion/Exclusion description",2012-02-01
"AA-AA-000-0000","S24457","Yes","Study Procedures","Inclusion/Exclusion description",2012-02-01
"AA-AA-000-0000","S52979","Yes","Study Procedures","Inclusion/Exclusion description",2012-02-01
"AA-AA-000-0000","S18875","No","Inclusion Criteria","Inclusion/Exclusion description",2012-02-01
"AA-AA-000-0000","S37223","Yes","Study Procedures","Inclusion/Exclusion description",2012-02-01
"AA-AA-000-0000","S43101","Yes","Missing Data","Inclusion/Exclusion description",2012-02-01
"AA-AA-000-0000","S76053","Yes","Missing Data","Inclusion/Exclusion description",2012-02-01
"AA-AA-000-0000","S42591","No","Exclusion Criteria","Inclusion/Exclusion description",2012-02-01
"AA-AA-000-0000","S42751","Yes","Informed Consent","Inclusion/Exclusion description",2012-02-01
"AA-AA-000-0000","S6096","Yes","Informed Consent","Inclusion/Exclusion description",2012-02-01
"AA-AA-000-0000","S28722","Yes","Study Procedures","Inclusion/Exclusion description",2012-02-01
"AA-AA-000-0000","S63470","No","Missing Data","Inclusion/Exclusion description",2012-02-01
"AA-AA-000-0000","S44160","No","Missing Data","Inclusion/Exclusion description",2012-02-01
"AA-AA-000-0000","S69684","Yes","Informed Consent","Inclusion/Exclusion description",2012-02-01
"AA-AA-000-0000","S93256","No","Missing Data","Inclusion/Exclusion description",2012-02-01
"AA-AA-000-0000","S68284","Yes","Missing Data","Inclusion/Exclusion description",2012-02-01
"AA-AA-000-0000","S56091","No","Missing Data","Inclusion/Exclusion description",2012-02-01
"AA-AA-000-0000","S77607","Yes","Informed Consent","Inclusion/Exclusion description",2012-02-01
"AA-AA-000-0000","S6700","Yes","Inclusion Criteria","Inclusion/Exclusion description",2012-02-01
"AA-AA-000-0000","S69605","Yes","Study Procedures","Inclusion/Exclusion description",2012-02-01
"AA-AA-000-0000","S6032","No","Exclusion Criteria","Inclusion/Exclusion description",2012-02-01
"AA-AA-000-0000","S3546","No","Study Procedures","Inclusion/Exclusion description",2012-02-01
"AA-AA-000-0000","S7395","No","Exclusion Criteria","Inclusion/Exclusion description",2012-02-01
"AA-AA-000-0000","S59956","Yes","Exclusion Criteria","Inclusion/Exclusion description",2012-02-01
"AA-AA-000-0000","S51443","No","Study Procedures","Inclusion/Exclusion description",2012-02-01
"AA-AA-000-0000","S43487","No","Study Procedures","Inclusion/Exclusion description",2012-02-01
"AA-AA-000-0000","S33412","Yes","Missing Data","Inclusion/Exclusion description",2012-02-01
"AA-AA-000-0000","S92789","Yes","Missing Data","Inclusion/Exclusion description",2012-02-01
"AA-AA-000-0000","S33371","No","Missing Data","Inclusion/Exclusion description",2012-02-01
"AA-AA-000-0000","S6096","Yes","Study Procedures","Inclusion/Exclusion description",2012-02-01
"AA-AA-000-0000","S64375","No","Missing Data","Inclusion/Exclusion description",2012-02-01
"AA-AA-000-0000","S49115","Yes","Missing Data","Inclusion/Exclusion description",2012-02-01
"AA-AA-000-0000","S99925","Yes","Inclusion Criteria","Inclusion/Exclusion description",2012-02-01
"AA-AA-000-0000","S65948","No","Exclusion Criteria","Inclusion/Exclusion description",2012-02-01
"AA-AA-000-0000","S2143","No","Informed Consent","Inclusion/Exclusion description",2012-02-01
"AA-AA-000-0000","S76386","Yes","Informed Consent","Inclusion/Exclusion description",2012-02-01
"AA-AA-000-0000","S32336","Yes","Missing Data","Inclusion/Exclusion description",2012-02-01
"AA-AA-000-0000","S28631","No","Missing Data","Inclusion/Exclusion description",2012-02-01
"AA-AA-000-0000","S38785","Yes","Study Procedures","Inclusion/Exclusion description",2012-02-01
"AA-AA-000-0000","S33371","No","Inclusion Criteria","Inclusion/Exclusion description",2012-02-01
"AA-AA-000-0000","S83282","No","Informed Consent","Inclusion/Exclusion description",2012-02-01
"AA-AA-000-0000","S51380","Yes","Exclusion Criteria","Inclusion/Exclusion description",2012-02-01
"AA-AA-000-0000","S19752","Yes","Study Procedures","Inclusion/Exclusion description",2012-02-01
"AA-AA-000-0000","S75548","No","Missing Data","Inclusion/Exclusion description",2012-02-01
"AA-AA-000-0000","S4781","No","Informed Consent","Inclusion/Exclusion description",2012-02-01
"AA-AA-000-0000","S24457","No","Exclusion Criteria","Inclusion/Exclusion description",2012-02-01
"AA-AA-000-0000","S90436","Yes","Study Procedures","Inclusion/Exclusion description",2012-02-01
"AA-AA-000-0000","S66158","Yes","Study Procedures","Inclusion/Exclusion description",2012-02-01
"AA-AA-000-0000","S56444","Yes","Missing Data","Inclusion/Exclusion description",2012-02-01
"AA-AA-000-0000","S54447","Yes","Informed Consent","Inclusion/Exclusion description",2012-02-01
"AA-AA-000-0000","S31644","Yes","Study Procedures","Inclusion/Exclusion description",2012-02-01
"AA-AA-000-0000","S28631","No","Informed Consent","Inclusion/Exclusion description",2012-02-01
"AA-AA-000-0000","S90862","No","Study Procedures","Inclusion/Exclusion description",2012-02-01
"AA-AA-000-0000","S6528","Yes","Study Procedures","Inclusion/Exclusion description",2012-02-01
"AA-AA-000-0000","S61163","No","Study Procedures","Inclusion/Exclusion description",2012-02-01
"AA-AA-000-0000","S69684","No","Informed Consent","Inclusion/Exclusion description",2012-02-01
"AA-AA-000-0000","S61163","No","Study Procedures","Inclusion/Exclusion description",2012-02-01
"AA-AA-000-0000","S44636","Yes","Missing Data","Inclusion/Exclusion description",2012-02-01
"AA-AA-000-0000","S50953","Yes","Exclusion Criteria","Inclusion/Exclusion description",2012-02-01
"AA-AA-000-0000","S78803","No","Missing Data","Inclusion/Exclusion description",2012-02-01
"AA-AA-000-0000","S57211","No","Study Procedures","Inclusion/Exclusion description",2012-02-01
"AA-AA-000-0000","S40526","No","Exclusion Criteria","Inclusion/Exclusion description",2012-02-01
"AA-AA-000-0000","S43843","Yes","Informed Consent","Inclusion/Exclusion description",2012-02-01
"AA-AA-000-0000","S92389","Yes","Study Procedures","Inclusion/Exclusion description",2012-02-01
"AA-AA-000-0000","S71734","Yes","Missing Data","Inclusion/Exclusion description",2012-02-01
"AA-AA-000-0000","S76424","No","Informed Consent","Inclusion/Exclusion description",2012-02-01
"AA-AA-000-0000","S14454","No","Study Procedures","Inclusion/Exclusion description",2012-02-01
"AA-AA-000-0000","S8249","Yes","Study Procedures","Inclusion/Exclusion description",2012-02-01
"AA-AA-000-0000","S41652","Yes","Study Procedures","Inclusion/Exclusion description",2012-02-01
"AA-AA-000-0000","S19104","No","Informed Consent","Inclusion/Exclusion description",2012-02-01
"AA-AA-000-0000","S50779","No","Study Procedures","Inclusion/Exclusion description",2012-02-01
"AA-AA-000-0000","S22366","Yes","Informed Consent","Inclusion/Exclusion description",2012-02-01
"AA-AA-000-0000","S54447","Yes","Exclusion Criteria","Inclusion/Exclusion description",2012-02-01
"AA-AA-000-0000","S5140","Yes","Informed Consent","Inclusion/Exclusion description",2012-02-01
"AA-AA-000-0000","S58315","Yes","Informed Consent","Inclusion/Exclusion description",2012-02-01
"AA-AA-000-0000","S15521","No","Missing Data","Inclusion/Exclusion description",2012-02-01
"AA-AA-000-0000","S20971","No","Missing Data","Inclusion/Exclusion description",2012-02-01
"AA-AA-000-0000","S882","No","Informed Consent","Inclusion/Exclusion description",2012-02-01
"AA-AA-000-0000","S28507","Yes","Informed Consent","Inclusion/Exclusion description",2012-02-01
"AA-AA-000-0000","S24778","Yes","Study Procedures","Inclusion/Exclusion description",2012-02-01
"AA-AA-000-0000","S74728","No","Missing Data","Inclusion/Exclusion description",2012-02-01
"AA-AA-000-0000","S63767","No","Missing Data","Inclusion/Exclusion description",2012-02-01
"AA-AA-000-0000","S41287","No","Informed Consent","Inclusion/Exclusion description",2012-02-01
"AA-AA-000-0000","S66031","No","Informed Consent","Inclusion/Exclusion description",2012-02-01
"AA-AA-000-0000","S19752","No","Informed Consent","Inclusion/Exclusion description",2012-02-01
"AA-AA-000-0000","S437","Yes","Study Procedures","Inclusion/Exclusion description",2012-02-01
"AA-AA-000-0000","S9663","No","Informed Consent","Inclusion/Exclusion description",2012-02-01
"AA-AA-000-0000","S4476","No","Missing Data","Inclusion/Exclusion description",2012-02-01
"AA-AA-000-0000","S6947","Yes","Missing Data","Inclusion/Exclusion description",2012-02-01
"AA-AA-000-0000","S31644","Yes","Missing Data","Inclusion/Exclusion description",2012-02-01
"AA-AA-000-0000","S13713","No","Study Procedures","Inclusion/Exclusion description",2012-02-01
"AA-AA-000-0000","S82706","No","Study Procedures","Inclusion/Exclusion description",2012-02-01
"AA-AA-000-0000","S92817","No","Study Procedures","Inclusion/Exclusion description",2012-02-01
"AA-AA-000-0000","S37802","No","Missing Data","Inclusion/Exclusion description",2012-02-01
"AA-AA-000-0000","S68284","Yes","Informed Consent","Inclusion/Exclusion description",2012-02-01
"AA-AA-000-0000","S79778","No","Informed Consent","Inclusion/Exclusion description",2012-02-01
"AA-AA-000-0000","S34465","No","Informed Consent","Inclusion/Exclusion description",2012-02-01
"AA-AA-000-0000","S36177","Yes","Study Procedures","Inclusion/Exclusion description",2012-02-01
"AA-AA-000-0000","S61163","Yes","Missing Data","Inclusion/Exclusion description",2012-02-01
"AA-AA-000-0000","S51371","No","Study Procedures","Inclusion/Exclusion description",2012-02-01
"AA-AA-000-0000","S5199","Yes","Study Procedures","Inclusion/Exclusion description",2012-02-01
"AA-AA-000-0000","S21446","Yes","Study Procedures","Inclusion/Exclusion description",2012-02-01
"AA-AA-000-0000","S75016","No","Study Procedures","Inclusion/Exclusion description",2012-02-01
"AA-AA-000-0000","S7193","No","Missing Data","Inclusion/Exclusion description",2012-02-01
"AA-AA-000-0000","S36762","No","Missing Data","Inclusion/Exclusion description",2012-02-01
"AA-AA-000-0000","S38409","No","Informed Consent","Inclusion/Exclusion description",2012-02-01
"AA-AA-000-0000","S98267","No","Missing Data","Inclusion/Exclusion description",2012-02-01
"AA-AA-000-0000","S80969","No","Missing Data","Inclusion/Exclusion description",2012-02-01
"AA-AA-000-0000","S91185","No","Study Procedures","Inclusion/Exclusion description",2012-02-01
"AA-AA-000-0000","S66500","No","Informed Consent","Inclusion/Exclusion description",2012-02-01
"AA-AA-000-0000","S4781","Yes","Inclusion Criteria","Inclusion/Exclusion description",2012-02-01
"AA-AA-000-0000","S99475","Yes","Missing Data","Inclusion/Exclusion description",2012-02-01
"AA-AA-000-0000","S55728","No","Missing Data","Inclusion/Exclusion description",2012-02-01
"AA-AA-000-0000","S38409","Yes","Missing Data","Inclusion/Exclusion description",2012-02-01
"AA-AA-000-0000","S82706","Yes","Study Procedures","Inclusion/Exclusion description",2012-02-01
"AA-AA-000-0000","S38785","Yes","Study Procedures","Inclusion/Exclusion description",2012-02-01
"AA-AA-000-0000","S86525","Yes","Missing Data","Inclusion/Exclusion description",2012-02-01
"AA-AA-000-0000","S42753","No","Inclusion Criteria","Inclusion/Exclusion description",2012-02-01
"AA-AA-000-0000","S79388","Yes","Missing Data","Inclusion/Exclusion description",2012-02-01
"AA-AA-000-0000","S76871","Yes","Study Procedures","Inclusion/Exclusion description",2012-02-01
"AA-AA-000-0000","S83058","No","Missing Data","Inclusion/Exclusion description",2012-02-01
"AA-AA-000-0000","S52979","Yes","Missing Data","Inclusion/Exclusion description",2012-02-01
"AA-AA-000-0000","S30541","No","Study Procedures","Inclusion/Exclusion description",2012-02-01
"AA-AA-000-0000","S45628","No","Study Procedures","Inclusion/Exclusion description",2012-02-01
"AA-AA-000-0000","S6032","Yes","Informed Consent","Inclusion/Exclusion description",2012-02-01
"AA-AA-000-0000","S39113","No","Missing Data","Inclusion/Exclusion description",2012-02-01
"AA-AA-000-0000","S72148","Yes","Informed Consent","Inclusion/Exclusion description",2012-02-01
"AA-AA-000-0000","S78935","Yes","Informed Consent","Inclusion/Exclusion description",2012-02-01
"AA-AA-000-0000","S12234","Yes","Missing Data","Inclusion/Exclusion description",2012-02-01
"AA-AA-000-0000","S89722","Yes","Informed Consent","Inclusion/Exclusion description",2012-02-01
"AA-AA-000-0000","S79201","No","Study Procedures","Inclusion/Exclusion description",2012-02-01
"AA-AA-000-0000","S26237","No","Study Procedures","Inclusion/Exclusion description",2012-02-01
"AA-AA-000-0000","S76017","Yes","Missing Data","Inclusion/Exclusion description",2012-02-01
"AA-AA-000-0000","S74728","No","Study Procedures","Inclusion/Exclusion description",2012-02-01
"AA-AA-000-0000","S74728","Yes","Study Procedures","Inclusion/Exclusion description",2012-02-01
"AA-AA-000-0000","S93256","Yes","Study Procedures","Inclusion/Exclusion description",2012-02-01
"AA-AA-000-0000","S69485","Yes","Inclusion Criteria","Inclusion/Exclusion description",2012-02-01
"AA-AA-000-0000","S7559","No","Study Procedures","Inclusion/Exclusion description",2012-02-01
"AA-AA-000-0000","S43474","Yes","Missing Data","Inclusion/Exclusion description",2012-02-01
"AA-AA-000-0000","S56444","No","Study Procedures","Inclusion/Exclusion description",2012-02-01
"AA-AA-000-0000","S37702","Yes","Informed Consent","Inclusion/Exclusion description",2012-02-01
"AA-AA-000-0000","S41287","No","Exclusion Criteria","Inclusion/Exclusion description",2012-02-01
"AA-AA-000-0000","S384","No","Study Procedures","Inclusion/Exclusion description",2012-02-01
"AA-AA-000-0000","S23112","Yes","Missing Data","Inclusion/Exclusion description",2012-02-01
"AA-AA-000-0000","S92979","Yes","Informed Consent","Inclusion/Exclusion description",2012-02-01
"AA-AA-000-0000","S95738","No","Informed Consent","Inclusion/Exclusion description",2012-02-01
"AA-AA-000-0000","S53524","Yes","Informed Consent","Inclusion/Exclusion description",2012-02-01
"AA-AA-000-0000","S81289","No","Informed Consent","Inclusion/Exclusion description",2012-02-01
"AA-AA-000-0000","S76053","No","Study Procedures","Inclusion/Exclusion description",2012-02-01
"AA-AA-000-0000","S83058","No","Informed Consent","Inclusion/Exclusion description",2012-02-01
"AA-AA-000-0000","S55728","Yes","Inclusion Criteria","Inclusion/Exclusion description",2012-02-01
"AA-AA-000-0000","S7395","No","Missing Data","Inclusion/Exclusion description",2012-02-01
"AA-AA-000-0000","S86525","Yes","Exclusion Criteria","Inclusion/Exclusion description",2012-02-01
"AA-AA-000-0000","S17499","No","Missing Data","Inclusion/Exclusion description",2012-02-01
"AA-AA-000-0000","S69026","Yes","Informed Consent","Inclusion/Exclusion description",2012-02-01
"AA-AA-000-0000","S85111","No","Informed Consent","Inclusion/Exclusion description",2012-02-01
"AA-AA-000-0000","S34157","Yes","Inclusion Criteria","Inclusion/Exclusion description",2012-02-01
"AA-AA-000-0000","S27433","Yes","Informed Consent","Inclusion/Exclusion description",2012-02-01
"AA-AA-000-0000","S26836","Yes","Missing Data","Inclusion/Exclusion description",2012-02-01
"AA-AA-000-0000","S40230","Yes","Informed Consent","Inclusion/Exclusion description",2012-02-01
"AA-AA-000-0000","S78130","Yes","Informed Consent","Inclusion/Exclusion description",2012-02-01
"AA-AA-000-0000","S2143","No","Study Procedures","Inclusion/Exclusion description",2012-02-01
"AA-AA-000-0000","S6528","Yes","Inclusion Criteria","Inclusion/Exclusion description",2012-02-01
"AA-AA-000-0000","S92342","Yes","Study Procedures","Inclusion/Exclusion description",2012-02-01
"AA-AA-000-0000","S41298","Yes","Study Procedures","Inclusion/Exclusion description",2012-02-01
"AA-AA-000-0000","S2994","Yes","Missing Data","Inclusion/Exclusion description",2012-02-01
"AA-AA-000-0000","S27013","No","Study Procedures","Inclusion/Exclusion description",2012-02-01
"AA-AA-000-0000","S91112","No","Informed Consent","Inclusion/Exclusion description",2012-02-01
"AA-AA-000-0000","S56444","No","Missing Data","Inclusion/Exclusion description",2012-02-01
"AA-AA-000-0000","S1524","Yes","Study Procedures","Inclusion/Exclusion description",2012-02-01
"AA-AA-000-0000","S61670","Yes","Missing Data","Inclusion/Exclusion description",2012-02-01
"AA-AA-000-0000","S6700","Yes","Missing Data","Inclusion/Exclusion description",2012-02-01
"AA-AA-000-0000","S58315","Yes","Study Procedures","Inclusion/Exclusion description",2012-02-01
"AA-AA-000-0000","S41287","No","Informed Consent","Inclusion/Exclusion description",2012-02-01
"AA-AA-000-0000","S40230","Yes","Informed Consent","Inclusion/Exclusion description",2012-02-01
"AA-AA-000-0000","S5199","Yes","Missing Data","Inclusion/Exclusion description",2012-02-01
"AA-AA-000-0000","S50531","No","Informed Consent","Inclusion/Exclusion description",2012-02-01
"AA-AA-000-0000","S90436","No","Missing Data","Inclusion/Exclusion description",2012-02-01
"AA-AA-000-0000","S90455","Yes","Informed Consent","Inclusion/Exclusion description",2012-02-01
"AA-AA-000-0000","S12402","Yes","Study Procedures","Inclusion/Exclusion description",2012-02-01
"AA-AA-000-0000","S85481","Yes","Missing Data","Inclusion/Exclusion description",2012-02-01
"AA-AA-000-0000","S79443","Yes","Study Procedures","Inclusion/Exclusion description",2012-02-01
"AA-AA-000-0000","S79133","No","Missing Data","Inclusion/Exclusion description",2012-02-01
"AA-AA-000-0000","S34410","Yes","Inclusion Criteria","Inclusion/Exclusion description",2012-02-01
"AA-AA-000-0000","S28722","Yes","Informed Consent","Inclusion/Exclusion description",2012-02-01
"AA-AA-000-0000","S72389","No","Missing Data","Inclusion/Exclusion description",2012-02-01
"AA-AA-000-0000","S86525","Yes","Missing Data","Inclusion/Exclusion description",2012-02-01
"AA-AA-000-0000","S89271","No","Exclusion Criteria","Inclusion/Exclusion description",2012-02-01
"AA-AA-000-0000","S90711","No","Informed Consent","Inclusion/Exclusion description",2012-02-01
"AA-AA-000-0000","S39191","Yes","Missing Data","Inclusion/Exclusion description",2012-02-01
"AA-AA-000-0000","S61242","Yes","Missing Data","Inclusion/Exclusion description",2012-02-01
"AA-AA-000-0000","S50953","No","Missing Data","Inclusion/Exclusion description",2012-02-01
"AA-AA-000-0000","S27507","No","Missing Data","Inclusion/Exclusion description",2012-02-01
"AA-AA-000-0000","S83058","No","Missing Data","Inclusion/Exclusion description",2012-02-01
"AA-AA-000-0000","S49115","Yes","Missing Data","Inclusion/Exclusion description",2012-02-01
"AA-AA-000-0000","S68232","Yes","Informed Consent","Inclusion/Exclusion description",2012-02-01
"AA-AA-000-0000","S40844","No","Informed Consent","Inclusion/Exclusion description",2012-02-01
"AA-AA-000-0000","S42563","No","Informed Consent","Inclusion/Exclusion description",2012-02-01
"AA-AA-000-0000","S28760","Yes","Informed Consent","Inclusion/Exclusion description",2012-02-01
"AA-AA-000-0000","S11423","Yes","Informed Consent","Inclusion/Exclusion description",2012-02-01
"AA-AA-000-0000","S56091","No","Missing Data","Inclusion/Exclusion description",2012-02-01
"AA-AA-000-0000","S2969","Yes","Missing Data","Inclusion/Exclusion description",2012-02-01
"AA-AA-000-0000","S58829","No","Missing Data","Inclusion/Exclusion description",2012-02-01
"AA-AA-000-0000","S41890","Yes","Study Procedures","Inclusion/Exclusion description",2012-02-01
"AA-AA-000-0000","S40844","No","Exclusion Criteria","Inclusion/Exclusion description",2012-02-01
"AA-AA-000-0000","S64375","Yes","Study Procedures","Inclusion/Exclusion description",2012-02-01
"AA-AA-000-0000","S96749","No","Missing Data","Inclusion/Exclusion description",2012-02-01
"AA-AA-000-0000","S69485","No","Missing Data","Inclusion/Exclusion description",2012-02-01
"AA-AA-000-0000","S72389","No","Study Procedures","Inclusion/Exclusion description",2012-02-01
"AA-AA-000-0000","S43465","Yes","Missing Data","Inclusion/Exclusion description",2012-02-01
"AA-AA-000-0000","S56853","Yes","Study Procedures","Inclusion/Exclusion description",2012-02-01
"AA-AA-000-0000","S74917","No","Informed Consent","Inclusion/Exclusion description",2012-02-01
"AA-AA-000-0000","S3179","Yes","Inclusion Criteria","Inclusion/Exclusion description",2012-02-01
"AA-AA-000-0000","S73021","No","Study Procedures","Inclusion/Exclusion description",2012-02-01
"AA-AA-000-0000","S84021","Yes","Study Procedures","Inclusion/Exclusion description",2012-02-01
"AA-AA-000-0000","S92342","No","Informed Consent","Inclusion/Exclusion description",2012-02-01
"AA-AA-000-0000","S29917","Yes","Inclusion Criteria","Inclusion/Exclusion description",2012-02-01
"AA-AA-000-0000","S7284","No","Informed Consent","Inclusion/Exclusion description",2012-02-01
"AA-AA-000-0000","S10582","Yes","Missing Data","Inclusion/Exclusion description",2012-02-01
"AA-AA-000-0000","S76386","Yes","Missing Data","Inclusion/Exclusion description",2012-02-01
"AA-AA-000-0000","S27433","No","Informed Consent","Inclusion/Exclusion description",2012-02-01
"AA-AA-000-0000","S79388","Yes","Missing Data","Inclusion/Exclusion description",2012-02-01
"AA-AA-000-0000","S23519","Yes","Missing Data","Inclusion/Exclusion description",2012-02-01
"AA-AA-000-0000","S40868","No","Informed Consent","Inclusion/Exclusion description",2012-02-01
"AA-AA-000-0000","S96425","No","Informed Consent","Inclusion/Exclusion description",2012-02-01
"AA-AA-000-0000","S10821","No","Missing Data","Inclusion/Exclusion description",2012-02-01
"AA-AA-000-0000","S8858","No","Study Procedures","Inclusion/Exclusion description",2012-02-01
"AA-AA-000-0000","S39259","No","Informed Consent","Inclusion/Exclusion description",2012-02-01
"AA-AA-000-0000","S48813","No","Missing Data","Inclusion/Exclusion description",2012-02-01
"AA-AA-000-0000","S28760","No","Missing Data","Inclusion/Exclusion description",2012-02-01
"AA-AA-000-0000","S5140","Yes","Informed Consent","Inclusion/Exclusion description",2012-02-01
"AA-AA-000-0000","S82502","No","Informed Consent","Inclusion/Exclusion description",2012-02-01
"AA-AA-000-0000","S66882","No","Missing Data","Inclusion/Exclusion description",2012-02-01
"AA-AA-000-0000","S21491","No","Study Procedures","Inclusion/Exclusion description",2012-02-01
"AA-AA-000-0000","S35058","No","Study Procedures","Inclusion/Exclusion description",2012-02-01
"AA-AA-000-0000","S99639","No","Missing Data","Inclusion/Exclusion description",2012-02-01
"AA-AA-000-0000","S72389","No","Study Procedures","Inclusion/Exclusion description",2012-02-01
"AA-AA-000-0000","S78913","No","Missing Data","Inclusion/Exclusion description",2012-02-01
"AA-AA-000-0000","S8858","No","Study Procedures","Inclusion/Exclusion description",2012-02-01
"AA-AA-000-0000","S66672","Yes","Study Procedures","Inclusion/Exclusion description",2012-02-01
"AA-AA-000-0000","S30683","No","Missing Data","Inclusion/Exclusion description",2012-02-01
"AA-AA-000-0000","S37223","Yes","Missing Data","Inclusion/Exclusion description",2012-02-01
"AA-AA-000-0000","S58347","No","Inclusion Criteria","Inclusion/Exclusion description",2012-02-01
"AA-AA-000-0000","S61099","Yes","Missing Data","Inclusion/Exclusion description",2012-02-01
"AA-AA-000-0000","S60126","Yes","Missing Data","Inclusion/Exclusion description",2012-02-01
"AA-AA-000-0000","S54437","Yes","Missing Data","Inclusion/Exclusion description",2012-02-01
"AA-AA-000-0000","S75548","No","Study Procedures","Inclusion/Exclusion description",2012-02-01
"AA-AA-000-0000","S98820","Yes","Missing Data","Inclusion/Exclusion description",2012-02-01
"AA-AA-000-0000","S42753","No","Study Procedures","Inclusion/Exclusion description",2012-02-01
"AA-AA-000-0000","S61109","Yes","Study Procedures","Inclusion/Exclusion description",2012-02-01
"AA-AA-000-0000","S90711","Yes","Informed Consent","Inclusion/Exclusion description",2012-02-01
"AA-AA-000-0000","S7775","Yes","Missing Data","Inclusion/Exclusion description",2012-02-01
"AA-AA-000-0000","S10771","Yes","Missing Data","Inclusion/Exclusion description",2012-02-01
"AA-AA-000-0000","S47175","No","Missing Data","Inclusion/Exclusion description",2012-02-01
"AA-AA-000-0000","S20971","No","Study Procedures","Inclusion/Exclusion description",2012-02-01
"AA-AA-000-0000","S5475","No","Study Procedures","Inclusion/Exclusion description",2012-02-01
"AA-AA-000-0000","S437","No","Inclusion Criteria","Inclusion/Exclusion description",2012-02-01
"AA-AA-000-0000","S42745","No","Missing Data","Inclusion/Exclusion description",2012-02-01
"AA-AA-000-0000","S60126","Yes","Missing Data","Inclusion/Exclusion description",2012-02-01
"AA-AA-000-0000","S18875","Yes","Study Procedures","Inclusion/Exclusion description",2012-02-01
"AA-AA-000-0000","S85836","Yes","Study Procedures","Inclusion/Exclusion description",2012-02-01
"AA-AA-000-0000","S22366","No","Informed Consent","Inclusion/Exclusion description",2012-02-01
"AA-AA-000-0000","S93256","No","Missing Data","Inclusion/Exclusion description",2012-02-01
"AA-AA-000-0000","S41652","No","Missing Data","Inclusion/Exclusion description",2012-02-01
"AA-AA-000-0000","S98650","Yes","Inclusion Criteria","Inclusion/Exclusion description",2012-02-01
"AA-AA-000-0000","S92424","No","Missing Data","Inclusion/Exclusion description",2012-02-01
"AA-AA-000-0000","S76424","No","Informed Consent","Inclusion/Exclusion description",2012-02-01
"AA-AA-000-0000","S47665","Yes","Missing Data","Inclusion/Exclusion description",2012-02-01
"AA-AA-000-0000","S65616","No","Inclusion Criteria","Inclusion/Exclusion description",2012-02-01
"AA-AA-000-0000","S91185","Yes","Informed Consent","Inclusion/Exclusion description",2012-02-01
"AA-AA-000-0000","S76017","No","Inclusion Criteria","Inclusion/Exclusion description",2012-02-01
"AA-AA-000-0000","S87114","No","Informed Consent","Inclusion/Exclusion description",2012-02-01
"AA-AA-000-0000","S69605","No","Informed Consent","Inclusion/Exclusion description",2012-02-01
"AA-AA-000-0000","S61439","No","Missing Data","Inclusion/Exclusion description",2012-02-01
"AA-AA-000-0000","S1758","No","Missing Data","Inclusion/Exclusion description",2012-02-01
"AA-AA-000-0000","S94643","No","Missing Data","Inclusion/Exclusion description",2012-02-01
"AA-AA-000-0000","S7284","Yes","Informed Consent","Inclusion/Exclusion description",2012-02-01
"AA-AA-000-0000","S49624","No","Missing Data","Inclusion/Exclusion description",2012-02-01
"AA-AA-000-0000","S78168","No","Informed Consent","Inclusion/Exclusion description",2012-02-01
"AA-AA-000-0000","S12234","No","Study Procedures","Inclusion/Exclusion description",2012-02-01
"AA-AA-000-0000","S98057","Yes","Informed Consent","Inclusion/Exclusion description",2012-02-01
"AA-AA-000-0000","S21446","No","Study Procedures","Inclusion/Exclusion description",2012-02-01
"AA-AA-000-0000","S76386","Yes","Informed Consent","Inclusion/Exclusion description",2012-02-01
"AA-AA-000-0000","S23519","Yes","Informed Consent","Inclusion/Exclusion description",2012-02-01
"AA-AA-000-0000","S17427","Yes","Study Procedures","Inclusion/Exclusion description",2012-02-01
"AA-AA-000-0000","S88218","No","Missing Data","Inclusion/Exclusion description",2012-02-01
"AA-AA-000-0000","S4781","Yes","Informed Consent","Inclusion/Exclusion description",2012-02-01
"AA-AA-000-0000","S53855","Yes","Informed Consent","Inclusion/Exclusion description",2012-02-01
"AA-AA-000-0000","S44543","No","Study Procedures","Inclusion/Exclusion description",2012-02-01
"AA-AA-000-0000","S14015","Yes","Informed Consent","Inclusion/Exclusion description",2012-02-01
"AA-AA-000-0000","S90150","No","Study Procedures","Inclusion/Exclusion description",2012-02-01
"AA-AA-000-0000","S56570","Yes","Study Procedures","Inclusion/Exclusion description",2012-02-01
"AA-AA-000-0000","S95738","No","Informed Consent","Inclusion/Exclusion description",2012-02-01
"AA-AA-000-0000","S3285","Yes","Missing Data","Inclusion/Exclusion description",2012-02-01
"AA-AA-000-0000","S47175","No","Study Procedures","Inclusion/Exclusion description",2012-02-01
"AA-AA-000-0000","S56770","Yes","Exclusion Criteria","Inclusion/Exclusion description",2012-02-01
"AA-AA-000-0000","S49125","No","Missing Data","Inclusion/Exclusion description",2012-02-01
"AA-AA-000-0000","S1758","No","Study Procedures","Inclusion/Exclusion description",2012-02-01
"AA-AA-000-0000","S41287","No","Study Procedures","Inclusion/Exclusion description",2012-02-01
"AA-AA-000-0000","S90674","Yes","Informed Consent","Inclusion/Exclusion description",2012-02-01
"AA-AA-000-0000","S7395","No","Study Procedures","Inclusion/Exclusion description",2012-02-01
"AA-AA-000-0000","S22366","No","Missing Data","Inclusion/Exclusion description",2012-02-01
"AA-AA-000-0000","S44543","No","Study Procedures","Inclusion/Exclusion description",2012-02-01
"AA-AA-000-0000","S30683","No","Informed Consent","Inclusion/Exclusion description",2012-02-01
"AA-AA-000-0000","S35058","Yes","Informed Consent","Inclusion/Exclusion description",2012-02-01
"AA-AA-000-0000","S7173","Yes","Inclusion Criteria","Inclusion/Exclusion description",2012-02-01
"AA-AA-000-0000","S85511","No","Study Procedures","Inclusion/Exclusion description",2012-02-01
"AA-AA-000-0000","S8858","Yes","Missing Data","Inclusion/Exclusion description",2012-02-01
"AA-AA-000-0000","S85111","No","Study Procedures","Inclusion/Exclusion description",2012-02-01
"AA-AA-000-0000","S50653","No","Missing Data","Inclusion/Exclusion description",2012-02-01
"AA-AA-000-0000","S6557","Yes","Informed Consent","Inclusion/Exclusion description",2012-02-01
"AA-AA-000-0000","S2523","No","Study Procedures","Inclusion/Exclusion description",2012-02-01
"AA-AA-000-0000","S74917","No","Missing Data","Inclusion/Exclusion description",2012-02-01
"AA-AA-000-0000","S94352","No","Missing Data","Inclusion/Exclusion description",2012-02-01
"AA-AA-000-0000","S28476","No","Study Procedures","Inclusion/Exclusion description",2012-02-01
"AA-AA-000-0000","S45386","No","Exclusion Criteria","Inclusion/Exclusion description",2012-02-01
"AA-AA-000-0000","S82266","No","Missing Data","Inclusion/Exclusion description",2012-02-01
"AA-AA-000-0000","S13582","No","Study Procedures","Inclusion/Exclusion description",2012-02-01
"AA-AA-000-0000","S17499","No","Missing Data","Inclusion/Exclusion description",2012-02-01
"AA-AA-000-0000","S12454","Yes","Missing Data","Inclusion/Exclusion description",2012-02-01
"AA-AA-000-0000","S98343","Yes","Informed Consent","Inclusion/Exclusion description",2012-02-01
"AA-AA-000-0000","S21191","No","Missing Data","Inclusion/Exclusion description",2012-02-01
"AA-AA-000-0000","S23661","No","Missing Data","Inclusion/Exclusion description",2012-02-01
"AA-AA-000-0000","S4725","Yes","Missing Data","Inclusion/Exclusion description",2012-02-01
"AA-AA-000-0000","S89271","No","Study Procedures","Inclusion/Exclusion description",2012-02-01
"AA-AA-000-0000","S40868","Yes","Missing Data","Inclusion/Exclusion description",2012-02-01
"AA-AA-000-0000","S1758","No","Exclusion Criteria","Inclusion/Exclusion description",2012-02-01
"AA-AA-000-0000","S42745","No","Informed Consent","Inclusion/Exclusion description",2012-02-01
"AA-AA-000-0000","S81541","Yes","Study Procedures","Inclusion/Exclusion description",2012-02-01
"AA-AA-000-0000","S30141","No","Missing Data","Inclusion/Exclusion description",2012-02-01
"AA-AA-000-0000","S3179","No","Informed Consent","Inclusion/Exclusion description",2012-02-01
"AA-AA-000-0000","S83378","No","Missing Data","Inclusion/Exclusion description",2012-03-01
"AA-AA-000-0000","S55895","No","Informed Consent","Inclusion/Exclusion description",2012-03-01
"AA-AA-000-0000","S38629","Yes","Missing Data","Inclusion/Exclusion description",2012-03-01
"AA-AA-000-0000","S59284","No","Informed Consent","Inclusion/Exclusion description",2012-03-01
"AA-AA-000-0000","S17055","No","Exclusion Criteria","Inclusion/Exclusion description",2012-03-01
"AA-AA-000-0000","S74901","No","Study Procedures","Inclusion/Exclusion description",2012-03-01
"AA-AA-000-0000","S89940","Yes","Study Procedures","Inclusion/Exclusion description",2012-03-01
"AA-AA-000-0000","S10308","No","Missing Data","Inclusion/Exclusion description",2012-03-01
"AA-AA-000-0000","S53855","No","Missing Data","Inclusion/Exclusion description",2012-03-01
"AA-AA-000-0000","S96053","No","Missing Data","Inclusion/Exclusion description",2012-03-01
"AA-AA-000-0000","S84908","No","Missing Data","Inclusion/Exclusion description",2012-03-01
"AA-AA-000-0000","S16271","Yes","Study Procedures","Inclusion/Exclusion description",2012-03-01
"AA-AA-000-0000","S49125","Yes","Exclusion Criteria","Inclusion/Exclusion description",2012-03-01
"AA-AA-000-0000","S51674","Yes","Informed Consent","Inclusion/Exclusion description",2012-03-01
"AA-AA-000-0000","S91426","Yes","Missing Data","Inclusion/Exclusion description",2012-03-01
"AA-AA-000-0000","S72738","Yes","Inclusion Criteria","Inclusion/Exclusion description",2012-03-01
"AA-AA-000-0000","S42753","Yes","Study Procedures","Inclusion/Exclusion description",2012-03-01
"AA-AA-000-0000","S89142","Yes","Missing Data","Inclusion/Exclusion description",2012-03-01
"AA-AA-000-0000","S96959","No","Study Procedures","Inclusion/Exclusion description",2012-03-01
"AA-AA-000-0000","S98839","Yes","Exclusion Criteria","Inclusion/Exclusion description",2012-03-01
"AA-AA-000-0000","S36671","No","Study Procedures","Inclusion/Exclusion description",2012-03-01
"AA-AA-000-0000","S70984","Yes","Informed Consent","Inclusion/Exclusion description",2012-03-01
"AA-AA-000-0000","S65616","Yes","Study Procedures","Inclusion/Exclusion description",2012-03-01
"AA-AA-000-0000","S33090","No","Missing Data","Inclusion/Exclusion description",2012-03-01
"AA-AA-000-0000","S84941","No","Informed Consent","Inclusion/Exclusion description",2012-03-01
"AA-AA-000-0000","S42240","Yes","Missing Data","Inclusion/Exclusion description",2012-03-01
"AA-AA-000-0000","S51371","No","Missing Data","Inclusion/Exclusion description",2012-03-01
"AA-AA-000-0000","S81938","Yes","Informed Consent","Inclusion/Exclusion description",2012-03-01
"AA-AA-000-0000","S38814","Yes","Informed Consent","Inclusion/Exclusion description",2012-03-01
"AA-AA-000-0000","S16215","Yes","Informed Consent","Inclusion/Exclusion description",2012-03-01
"AA-AA-000-0000","S60570","No","Study Procedures","Inclusion/Exclusion description",2012-03-01
"AA-AA-000-0000","S33779","No","Exclusion Criteria","Inclusion/Exclusion description",2012-03-01
"AA-AA-000-0000","S74728","Yes","Missing Data","Inclusion/Exclusion description",2012-03-01
"AA-AA-000-0000","S37821","No","Study Procedures","Inclusion/Exclusion description",2012-03-01
"AA-AA-000-0000","S63928","No","Inclusion Criteria","Inclusion/Exclusion description",2012-03-01
"AA-AA-000-0000","S28543","Yes","Informed Consent","Inclusion/Exclusion description",2012-03-01
"AA-AA-000-0000","S15521","No","Study Procedures","Inclusion/Exclusion description",2012-03-01
"AA-AA-000-0000","S98201","Yes","Informed Consent","Inclusion/Exclusion description",2012-03-01
"AA-AA-000-0000","S6168","Yes","Informed Consent","Inclusion/Exclusion description",2012-03-01
"AA-AA-000-0000","S14046","No","Study Procedures","Inclusion/Exclusion description",2012-03-01
"AA-AA-000-0000","S69474","No","Missing Data","Inclusion/Exclusion description",2012-03-01
"AA-AA-000-0000","S33531","No","Study Procedures","Inclusion/Exclusion description",2012-03-01
"AA-AA-000-0000","S38694","No","Exclusion Criteria","Inclusion/Exclusion description",2012-03-01
"AA-AA-000-0000","S42753","No","Study Procedures","Inclusion/Exclusion description",2012-03-01
"AA-AA-000-0000","S9005","Yes","Missing Data","Inclusion/Exclusion description",2012-03-01
"AA-AA-000-0000","S42745","No","Missing Data","Inclusion/Exclusion description",2012-03-01
"AA-AA-000-0000","S25289","Yes","Exclusion Criteria","Inclusion/Exclusion description",2012-03-01
"AA-AA-000-0000","S89979","Yes","Study Procedures","Inclusion/Exclusion description",2012-03-01
"AA-AA-000-0000","S23054","No","Inclusion Criteria","Inclusion/Exclusion description",2012-03-01
"AA-AA-000-0000","S86977","No","Informed Consent","Inclusion/Exclusion description",2012-03-01
"AA-AA-000-0000","S19776","Yes","Study Procedures","Inclusion/Exclusion description",2012-03-01
"AA-AA-000-0000","S72389","No","Inclusion Criteria","Inclusion/Exclusion description",2012-03-01
"AA-AA-000-0000","S40230","No","Missing Data","Inclusion/Exclusion description",2012-03-01
"AA-AA-000-0000","S384","No","Missing Data","Inclusion/Exclusion description",2012-03-01
"AA-AA-000-0000","S79328","Yes","Study Procedures","Inclusion/Exclusion description",2012-03-01
"AA-AA-000-0000","S55895","No","Missing Data","Inclusion/Exclusion description",2012-03-01
"AA-AA-000-0000","S9192","No","Study Procedures","Inclusion/Exclusion description",2012-03-01
"AA-AA-000-0000","S5702","Yes","Informed Consent","Inclusion/Exclusion description",2012-03-01
"AA-AA-000-0000","S39820","Yes","Missing Data","Inclusion/Exclusion description",2012-03-01
"AA-AA-000-0000","S74519","No","Study Procedures","Inclusion/Exclusion description",2012-03-01
"AA-AA-000-0000","S86977","No","Informed Consent","Inclusion/Exclusion description",2012-03-01
"AA-AA-000-0000","S38067","Yes","Study Procedures","Inclusion/Exclusion description",2012-03-01
"AA-AA-000-0000","S85139","Yes","Study Procedures","Inclusion/Exclusion description",2012-03-01
"AA-AA-000-0000","S61109","Yes","Informed Consent","Inclusion/Exclusion description",2012-03-01
"AA-AA-000-0000","S5401","No","Informed Consent","Inclusion/Exclusion description",2012-03-01
"AA-AA-000-0000","S66858","No","Informed Consent","Inclusion/Exclusion description",2012-03-01
"AA-AA-000-0000","S75534","Yes","Inclusion Criteria","Inclusion/Exclusion description",2012-03-01
"AA-AA-000-0000","S42412","No","Informed Consent","Inclusion/Exclusion description",2012-03-01
"AA-AA-000-0000","S67390","Yes","Study Procedures","Inclusion/Exclusion description",2012-03-01
"AA-AA-000-0000","S71069","Yes","Missing Data","Inclusion/Exclusion description",2012-03-01
"AA-AA-000-0000","S44055","Yes","Informed Consent","Inclusion/Exclusion description",2012-03-01
"AA-AA-000-0000","S25117","No","Missing Data","Inclusion/Exclusion description",2012-03-01
"AA-AA-000-0000","S34202","No","Study Procedures","Inclusion/Exclusion description",2012-03-01
"AA-AA-000-0000","S22366","No","Informed Consent","Inclusion/Exclusion description",2012-03-01
"AA-AA-000-0000","S82537","Yes","Exclusion Criteria","Inclusion/Exclusion description",2012-03-01
"AA-AA-000-0000","S78913","No","Study Procedures","Inclusion/Exclusion description",2012-03-01
"AA-AA-000-0000","S49600","No","Inclusion Criteria","Inclusion/Exclusion description",2012-03-01
"AA-AA-000-0000","S74654","Yes","Study Procedures","Inclusion/Exclusion description",2012-03-01
"AA-AA-000-0000","S32416","No","Informed Consent","Inclusion/Exclusion description",2012-03-01
"AA-AA-000-0000","S7156","Yes","Informed Consent","Inclusion/Exclusion description",2012-03-01
"AA-AA-000-0000","S35719","Yes","Study Procedures","Inclusion/Exclusion description",2012-03-01
"AA-AA-000-0000","S5918","No","Informed Consent","Inclusion/Exclusion description",2012-03-01
"AA-AA-000-0000","S55895","No","Informed Consent","Inclusion/Exclusion description",2012-03-01
"AA-AA-000-0000","S78571","No","Missing Data","Inclusion/Exclusion description",2012-03-01
"AA-AA-000-0000","S64268","Yes","Study Procedures","Inclusion/Exclusion description",2012-03-01
"AA-AA-000-0000","S97597","Yes","Informed Consent","Inclusion/Exclusion description",2012-03-01
"AA-AA-000-0000","S57341","No","Missing Data","Inclusion/Exclusion description",2012-03-01
"AA-AA-000-0000","S25706","No","Missing Data","Inclusion/Exclusion description",2012-03-01
"AA-AA-000-0000","S89510","Yes","Missing Data","Inclusion/Exclusion description",2012-03-01
"AA-AA-000-0000","S89977","No","Study Procedures","Inclusion/Exclusion description",2012-03-01
"AA-AA-000-0000","S21660","Yes","Missing Data","Inclusion/Exclusion description",2012-03-01
"AA-AA-000-0000","S73984","Yes","Study Procedures","Inclusion/Exclusion description",2012-03-01
"AA-AA-000-0000","S53371","Yes","Informed Consent","Inclusion/Exclusion description",2012-03-01
"AA-AA-000-0000","S31824","Yes","Exclusion Criteria","Inclusion/Exclusion description",2012-03-01
"AA-AA-000-0000","S55631","Yes","Missing Data","Inclusion/Exclusion description",2012-03-01
"AA-AA-000-0000","S92342","No","Missing Data","Inclusion/Exclusion description",2012-03-01
"AA-AA-000-0000","S21446","No","Study Procedures","Inclusion/Exclusion description",2012-03-01
"AA-AA-000-0000","S88566","Yes","Missing Data","Inclusion/Exclusion description",2012-03-01
"AA-AA-000-0000","S93954","No","Study Procedures","Inclusion/Exclusion description",2012-03-01
"AA-AA-000-0000","S45386","No","Missing Data","Inclusion/Exclusion description",2012-03-01
"AA-AA-000-0000","S13400","Yes","Missing Data","Inclusion/Exclusion description",2012-03-01
"AA-AA-000-0000","S65948","No","Informed Consent","Inclusion/Exclusion description",2012-03-01
"AA-AA-000-0000","S26696","Yes","Study Procedures","Inclusion/Exclusion description",2012-03-01
"AA-AA-000-0000","S65919","No","Missing Data","Inclusion/Exclusion description",2012-03-01
"AA-AA-000-0000","S50044","No","Missing Data","Inclusion/Exclusion description",2012-03-01
"AA-AA-000-0000","S66000","No","Exclusion Criteria","Inclusion/Exclusion description",2012-03-01
"AA-AA-000-0000","S3492","Yes","Study Procedures","Inclusion/Exclusion description",2012-03-01
"AA-AA-000-0000","S78305","Yes","Informed Consent","Inclusion/Exclusion description",2012-03-01
"AA-AA-000-0000","S76397","No","Missing Data","Inclusion/Exclusion description",2012-03-01
"AA-AA-000-0000","S4220","No","Informed Consent","Inclusion/Exclusion description",2012-03-01
"AA-AA-000-0000","S7201","No","Missing Data","Inclusion/Exclusion description",2012-03-01
"AA-AA-000-0000","S3546","No","Missing Data","Inclusion/Exclusion description",2012-03-01
"AA-AA-000-0000","S63928","No","Informed Consent","Inclusion/Exclusion description",2012-03-01
"AA-AA-000-0000","S78132","Yes","Study Procedures","Inclusion/Exclusion description",2012-03-01
"AA-AA-000-0000","S13100","No","Missing Data","Inclusion/Exclusion description",2012-03-01
"AA-AA-000-0000","S26836","No","Missing Data","Inclusion/Exclusion description",2012-03-01
"AA-AA-000-0000","S79778","Yes","Informed Consent","Inclusion/Exclusion description",2012-03-01
"AA-AA-000-0000","S67479","Yes","Informed Consent","Inclusion/Exclusion description",2012-03-01
"AA-AA-000-0000","S38737","Yes","Study Procedures","Inclusion/Exclusion description",2012-03-01
"AA-AA-000-0000","S5680","Yes","Missing Data","Inclusion/Exclusion description",2012-03-01
"AA-AA-000-0000","S73021","Yes","Missing Data","Inclusion/Exclusion description",2012-03-01
"AA-AA-000-0000","S26422","No","Study Procedures","Inclusion/Exclusion description",2012-03-01
"AA-AA-000-0000","S86977","No","Missing Data","Inclusion/Exclusion description",2012-03-01
"AA-AA-000-0000","S25706","Yes","Missing Data","Inclusion/Exclusion description",2012-03-01
"AA-AA-000-0000","S34559","No","Missing Data","Inclusion/Exclusion description",2012-03-01
"AA-AA-000-0000","S34202","No","Missing Data","Inclusion/Exclusion description",2012-03-01
"AA-AA-000-0000","S21561","No","Informed Consent","Inclusion/Exclusion description",2012-03-01
"AA-AA-000-0000","S35919","Yes","Missing Data","Inclusion/Exclusion description",2012-03-01
"AA-AA-000-0000","S54183","Yes","Study Procedures","Inclusion/Exclusion description",2012-03-01
"AA-AA-000-0000","S036","No","Missing Data","Inclusion/Exclusion description",2012-03-01
"AA-AA-000-0000","S83032","No","Study Procedures","Inclusion/Exclusion description",2012-03-01
"AA-AA-000-0000","S9617","No","Missing Data","Inclusion/Exclusion description",2012-03-01
"AA-AA-000-0000","S78168","Yes","Missing Data","Inclusion/Exclusion description",2012-03-01
"AA-AA-000-0000","S95918","Yes","Study Procedures","Inclusion/Exclusion description",2012-03-01
"AA-AA-000-0000","S98653","No","Inclusion Criteria","Inclusion/Exclusion description",2012-03-01
"AA-AA-000-0000","S35500","No","Informed Consent","Inclusion/Exclusion description",2012-03-01
"AA-AA-000-0000","S56570","Yes","Informed Consent","Inclusion/Exclusion description",2012-03-01
"AA-AA-000-0000","S26422","Yes","Study Procedures","Inclusion/Exclusion description",2012-03-01
"AA-AA-000-0000","S74860","Yes","Study Procedures","Inclusion/Exclusion description",2012-03-01
"AA-AA-000-0000","S57670","No","Study Procedures","Inclusion/Exclusion description",2012-03-01
"AA-AA-000-0000","S90815","No","Informed Consent","Inclusion/Exclusion description",2012-03-01
"AA-AA-000-0000","S92286","Yes","Informed Consent","Inclusion/Exclusion description",2012-03-01
"AA-AA-000-0000","S46390","No","Informed Consent","Inclusion/Exclusion description",2012-03-01
"AA-AA-000-0000","S64134","Yes","Informed Consent","Inclusion/Exclusion description",2012-03-01
"AA-AA-000-0000","S56565","No","Informed Consent","Inclusion/Exclusion description",2012-03-01
"AA-AA-000-0000","S30141","Yes","Study Procedures","Inclusion/Exclusion description",2012-03-01
"AA-AA-000-0000","S4220","No","Study Procedures","Inclusion/Exclusion description",2012-03-01
"AA-AA-000-0000","S97161","Yes","Missing Data","Inclusion/Exclusion description",2012-03-01
"AA-AA-000-0000","S84908","No","Informed Consent","Inclusion/Exclusion description",2012-03-01
"AA-AA-000-0000","S51905","Yes","Informed Consent","Inclusion/Exclusion description",2012-03-01
"AA-AA-000-0000","S85481","No","Study Procedures","Inclusion/Exclusion description",2012-03-01
"AA-AA-000-0000","S29206","No","Informed Consent","Inclusion/Exclusion description",2012-03-01
"AA-AA-000-0000","S98650","No","Informed Consent","Inclusion/Exclusion description",2012-03-01
"AA-AA-000-0000","S69635","Yes","Study Procedures","Inclusion/Exclusion description",2012-03-01
"AA-AA-000-0000","S96714","Yes","Informed Consent","Inclusion/Exclusion description",2012-03-01
"AA-AA-000-0000","S72956","No","Study Procedures","Inclusion/Exclusion description",2012-03-01
"AA-AA-000-0000","S13011","Yes","Informed Consent","Inclusion/Exclusion description",2012-03-01
"AA-AA-000-0000","S61670","Yes","Informed Consent","Inclusion/Exclusion description",2012-03-01
"AA-AA-000-0000","S83923","No","Study Procedures","Inclusion/Exclusion description",2012-03-01
"AA-AA-000-0000","S60652","Yes","Informed Consent","Inclusion/Exclusion description",2012-03-01
"AA-AA-000-0000","S21162","Yes","Study Procedures","Inclusion/Exclusion description",2012-03-01
"AA-AA-000-0000","S10097","No","Study Procedures","Inclusion/Exclusion description",2012-03-01
"AA-AA-000-0000","S82095","Yes","Study Procedures","Inclusion/Exclusion description",2012-03-01
"AA-AA-000-0000","S7876","Yes","Informed Consent","Inclusion/Exclusion description",2012-03-01
"AA-AA-000-0000","S18151","Yes","Exclusion Criteria","Inclusion/Exclusion description",2012-03-01
"AA-AA-000-0000","S62745","No","Informed Consent","Inclusion/Exclusion description",2012-03-01
"AA-AA-000-0000","S8459","No","Study Procedures","Inclusion/Exclusion description",2012-03-01
"AA-AA-000-0000","S60126","Yes","Missing Data","Inclusion/Exclusion description",2012-03-01
"AA-AA-000-0000","S91185","No","Missing Data","Inclusion/Exclusion description",2012-03-01
"AA-AA-000-0000","S59806","No","Informed Consent","Inclusion/Exclusion description",2012-03-01
"AA-AA-000-0000","S67479","Yes","Informed Consent","Inclusion/Exclusion description",2012-03-01
"AA-AA-000-0000","S15149","No","Missing Data","Inclusion/Exclusion description",2012-03-01
"AA-AA-000-0000","S75216","No","Study Procedures","Inclusion/Exclusion description",2012-03-01
"AA-AA-000-0000","S72124","No","Informed Consent","Inclusion/Exclusion description",2012-03-01
"AA-AA-000-0000","S78935","No","Missing Data","Inclusion/Exclusion description",2012-03-01
"AA-AA-000-0000","S31582","No","Missing Data","Inclusion/Exclusion description",2012-03-01
"AA-AA-000-0000","S84946","No","Study Procedures","Inclusion/Exclusion description",2012-03-01
"AA-AA-000-0000","S74797","No","Study Procedures","Inclusion/Exclusion description",2012-03-01
"AA-AA-000-0000","S58207","Yes","Study Procedures","Inclusion/Exclusion description",2012-03-01
"AA-AA-000-0000","S61847","No","Study Procedures","Inclusion/Exclusion description",2012-03-01
"AA-AA-000-0000","S34830","No","Study Procedures","Inclusion/Exclusion description",2012-03-01
"AA-AA-000-0000","S89142","No","Study Procedures","Inclusion/Exclusion description",2012-03-01
"AA-AA-000-0000","S62533","Yes","Informed Consent","Inclusion/Exclusion description",2012-03-01
"AA-AA-000-0000","S42358","No","Study Procedures","Inclusion/Exclusion description",2012-03-01
"AA-AA-000-0000","S69026","Yes","Study Procedures","Inclusion/Exclusion description",2012-03-01
"AA-AA-000-0000","S66365","No","Study Procedures","Inclusion/Exclusion description",2012-03-01
"AA-AA-000-0000","S88436","Yes","Study Procedures","Inclusion/Exclusion description",2012-03-01
"AA-AA-000-0000","S92286","Yes","Study Procedures","Inclusion/Exclusion description",2012-03-01
"AA-AA-000-0000","S72530","No","Missing Data","Inclusion/Exclusion description",2012-03-01
"AA-AA-000-0000","S3492","Yes","Study Procedures","Inclusion/Exclusion description",2012-03-01
"AA-AA-000-0000","S26710","Yes","Inclusion Criteria","Inclusion/Exclusion description",2012-03-01
"AA-AA-000-0000","S14015","Yes","Inclusion Criteria","Inclusion/Exclusion description",2012-03-01
"AA-AA-000-0000","S85511","No","Study Procedures","Inclusion/Exclusion description",2012-03-01
"AA-AA-000-0000","S46204","No","Missing Data","Inclusion/Exclusion description",2012-03-01
"AA-AA-000-0000","S43101","No","Informed Consent","Inclusion/Exclusion description",2012-03-01
"AA-AA-000-0000","S3221","No","Informed Consent","Inclusion/Exclusion description",2012-03-01
"AA-AA-000-0000","S25117","Yes","Missing Data","Inclusion/Exclusion description",2012-03-01
"AA-AA-000-0000","S65948","Yes","Missing Data","Inclusion/Exclusion description",2012-03-01
"AA-AA-000-0000","S82738","Yes","Inclusion Criteria","Inclusion/Exclusion description",2012-03-01
"AA-AA-000-0000","S74797","Yes","Informed Consent","Inclusion/Exclusion description",2012-03-01
"AA-AA-000-0000","S33152","No","Informed Consent","Inclusion/Exclusion description",2012-03-01
"AA-AA-000-0000","S69238","No","Informed Consent","Inclusion/Exclusion description",2012-03-01
"AA-AA-000-0000","S5595","No","Study Procedures","Inclusion/Exclusion description",2012-03-01
"AA-AA-000-0000","S54437","Yes","Informed Consent","Inclusion/Exclusion description",2012-03-01
"AA-AA-000-0000","S61441","No","Informed Consent","Inclusion/Exclusion description",2012-03-01
"AA-AA-000-0000","S5685","No","Exclusion Criteria","Inclusion/Exclusion description",2012-03-01
"AA-AA-000-0000","S75437","Yes","Informed Consent","Inclusion/Exclusion description",2012-03-01
"AA-AA-000-0000","S46920","No","Exclusion Criteria","Inclusion/Exclusion description",2012-03-01
"AA-AA-000-0000","S54677","No","Study Procedures","Inclusion/Exclusion description",2012-03-01
"AA-AA-000-0000","S72389","No","Missing Data","Inclusion/Exclusion description",2012-03-01
"AA-AA-000-0000","S18151","Yes","Missing Data","Inclusion/Exclusion description",2012-03-01
"AA-AA-000-0000","S83378","No","Informed Consent","Inclusion/Exclusion description",2012-03-01
"AA-AA-000-0000","S33394","No","Missing Data","Inclusion/Exclusion description",2012-03-01
"AA-AA-000-0000","S036","Yes","Study Procedures","Inclusion/Exclusion description",2012-03-01
"AA-AA-000-0000","S82873","No","Study Procedures","Inclusion/Exclusion description",2012-03-01
"AA-AA-000-0000","S12234","Yes","Missing Data","Inclusion/Exclusion description",2012-03-01
"AA-AA-000-0000","S5386","No","Missing Data","Inclusion/Exclusion description",2012-03-01
"AA-AA-000-0000","S30564","Yes","Informed Consent","Inclusion/Exclusion description",2012-03-01
"AA-AA-000-0000","S61439","No","Missing Data","Inclusion/Exclusion description",2012-03-01
"AA-AA-000-0000","S81402","Yes","Missing Data","Inclusion/Exclusion description",2012-03-01
"AA-AA-000-0000","S52631","Yes","Study Procedures","Inclusion/Exclusion description",2012-03-01
"AA-AA-000-0000","S60570","Yes","Informed Consent","Inclusion/Exclusion description",2012-03-01
"AA-AA-000-0000","S76053","Yes","Study Procedures","Inclusion/Exclusion description",2012-03-01
"AA-AA-000-0000","S32416","No","Study Procedures","Inclusion/Exclusion description",2012-03-01
"AA-AA-000-0000","S48812","No","Informed Consent","Inclusion/Exclusion description",2012-03-01
"AA-AA-000-0000","S32331","Yes","Missing Data","Inclusion/Exclusion description",2012-03-01
"AA-AA-000-0000","S78281","Yes","Study Procedures","Inclusion/Exclusion description",2012-03-01
"AA-AA-000-0000","S75112","Yes","Informed Consent","Inclusion/Exclusion description",2012-03-01
"AA-AA-000-0000","S27507","Yes","Study Procedures","Inclusion/Exclusion description",2012-03-01
"AA-AA-000-0000","S46895","No","Study Procedures","Inclusion/Exclusion description",2012-03-01
"AA-AA-000-0000","S57341","No","Missing Data","Inclusion/Exclusion description",2012-03-01
"AA-AA-000-0000","S96714","No","Informed Consent","Inclusion/Exclusion description",2012-03-01
"AA-AA-000-0000","S40868","Yes","Informed Consent","Inclusion/Exclusion description",2012-03-01
"AA-AA-000-0000","S11423","No","Missing Data","Inclusion/Exclusion description",2012-03-01
"AA-AA-000-0000","S56125","Yes","Missing Data","Inclusion/Exclusion description",2012-03-01
"AA-AA-000-0000","S74901","No","Missing Data","Inclusion/Exclusion description",2012-03-01
"AA-AA-000-0000","S7484","No","Study Procedures","Inclusion/Exclusion description",2012-03-01
"AA-AA-000-0000","S37943","Yes","Missing Data","Inclusion/Exclusion description",2012-03-01
"AA-AA-000-0000","S6168","No","Informed Consent","Inclusion/Exclusion description",2012-03-01
"AA-AA-000-0000","S81938","Yes","Informed Consent","Inclusion/Exclusion description",2012-03-01
"AA-AA-000-0000","S68232","No","Study Procedures","Inclusion/Exclusion description",2012-03-01
"AA-AA-000-0000","S71929","Yes","Inclusion Criteria","Inclusion/Exclusion description",2012-03-01
"AA-AA-000-0000","S61439","No","Informed Consent","Inclusion/Exclusion description",2012-03-01
"AA-AA-000-0000","S84848","Yes","Missing Data","Inclusion/Exclusion description",2012-03-01
"AA-AA-000-0000","S10435","Yes","Informed Consent","Inclusion/Exclusion description",2012-03-01
"AA-AA-000-0000","S15030","No","Informed Consent","Inclusion/Exclusion description",2012-03-01
"AA-AA-000-0000","S76871","Yes","Exclusion Criteria","Inclusion/Exclusion description",2012-03-01
"AA-AA-000-0000","S40526","No","Missing Data","Inclusion/Exclusion description",2012-03-01
"AA-AA-000-0000","S8342","Yes","Study Procedures","Inclusion/Exclusion description",2012-03-01
"AA-AA-000-0000","S90076","Yes","Informed Consent","Inclusion/Exclusion description",2012-03-01
"AA-AA-000-0000","S74139","No","Study Procedures","Inclusion/Exclusion description",2012-03-01
"AA-AA-000-0000","S5918","Yes","Informed Consent","Inclusion/Exclusion description",2012-03-01
"AA-AA-000-0000","S64134","No","Informed Consent","Inclusion/Exclusion description",2012-03-01
"AA-AA-000-0000","S3285","No","Informed Consent","Inclusion/Exclusion description",2012-03-01
"AA-AA-000-0000","S86409","Yes","Missing Data","Inclusion/Exclusion description",2012-03-01
"AA-AA-000-0000","S9545","No","Missing Data","Inclusion/Exclusion description",2012-03-01
"AA-AA-000-0000","S27538","No","Study Procedures","Inclusion/Exclusion description",2012-03-01
"AA-AA-000-0000","S7156","Yes","Informed Consent","Inclusion/Exclusion description",2012-03-01
"AA-AA-000-0000","S95900","No","Study Procedures","Inclusion/Exclusion description",2012-03-01
"AA-AA-000-0000","S60942","No","Missing Data","Inclusion/Exclusion description",2012-03-01
"AA-AA-000-0000","S5199","Yes","Informed Consent","Inclusion/Exclusion description",2012-03-01
"AA-AA-000-0000","S96835","Yes","Study Procedures","Inclusion/Exclusion description",2012-03-01
"AA-AA-000-0000","S36576","No","Study Procedures","Inclusion/Exclusion description",2012-03-01
"AA-AA-000-0000","S44636","Yes","Study Procedures","Inclusion/Exclusion description",2012-03-01
"AA-AA-000-0000","S64134","No","Informed Consent","Inclusion/Exclusion description",2012-03-01
"AA-AA-000-0000","S85511","Yes","Study Procedures","Inclusion/Exclusion description",2012-03-01
"AA-AA-000-0000","S63767","Yes","Inclusion Criteria","Inclusion/Exclusion description",2012-03-01
"AA-AA-000-0000","S83589","No","Informed Consent","Inclusion/Exclusion description",2012-03-01
"AA-AA-000-0000","S4781","Yes","Missing Data","Inclusion/Exclusion description",2012-03-01
"AA-AA-000-0000","S42343","No","Study Procedures","Inclusion/Exclusion description",2012-03-01
"AA-AA-000-0000","S35050","No","Informed Consent","Inclusion/Exclusion description",2012-03-01
"AA-AA-000-0000","S43101","No","Study Procedures","Inclusion/Exclusion description",2012-03-01
"AA-AA-000-0000","S7156","No","Informed Consent","Inclusion/Exclusion description",2012-03-01
"AA-AA-000-0000","S5680","Yes","Informed Consent","Inclusion/Exclusion description",2012-03-01
"AA-AA-000-0000","S5524","Yes","Study Procedures","Inclusion/Exclusion description",2012-03-01
"AA-AA-000-0000","S20392","Yes","Exclusion Criteria","Inclusion/Exclusion description",2012-03-01
"AA-AA-000-0000","S55370","No","Study Procedures","Inclusion/Exclusion description",2012-03-01
"AA-AA-000-0000","S85405","Yes","Missing Data","Inclusion/Exclusion description",2012-03-01
"AA-AA-000-0000","S85481","Yes","Informed Consent","Inclusion/Exclusion description",2012-03-01
"AA-AA-000-0000","S43843","No","Study Procedures","Inclusion/Exclusion description",2012-03-01
"AA-AA-000-0000","S32336","Yes","Exclusion Criteria","Inclusion/Exclusion description",2012-03-01
"AA-AA-000-0000","S79162","Yes","Study Procedures","Inclusion/Exclusion description",2012-03-01
"AA-AA-000-0000","S32336","No","Informed Consent","Inclusion/Exclusion description",2012-03-01
"AA-AA-000-0000","S98650","Yes","Informed Consent","Inclusion/Exclusion description",2012-03-01
"AA-AA-000-0000","S52968","Yes","Inclusion Criteria","Inclusion/Exclusion description",2012-03-01
"AA-AA-000-0000","S5386","No","Missing Data","Inclusion/Exclusion description",2012-03-01
"AA-AA-000-0000","S70984","Yes","Missing Data","Inclusion/Exclusion description",2012-03-01
"AA-AA-000-0000","S90436","Yes","Study Procedures","Inclusion/Exclusion description",2012-03-01
"AA-AA-000-0000","S66158","Yes","Study Procedures","Inclusion/Exclusion description",2012-03-01
"AA-AA-000-0000","S96707","No","Study Procedures","Inclusion/Exclusion description",2012-03-01
"AA-AA-000-0000","S68220","No","Missing Data","Inclusion/Exclusion description",2012-03-01
"AA-AA-000-0000","S38785","No","Study Procedures","Inclusion/Exclusion description",2012-03-01
"AA-AA-000-0000","S62883","No","Study Procedures","Inclusion/Exclusion description",2012-03-01
"AA-AA-000-0000","S27025","No","Missing Data","Inclusion/Exclusion description",2012-03-01
"AA-AA-000-0000","S80969","Yes","Missing Data","Inclusion/Exclusion description",2012-03-01
"AA-AA-000-0000","S5140","No","Informed Consent","Inclusion/Exclusion description",2012-03-01
"AA-AA-000-0000","S82439","No","Study Procedures","Inclusion/Exclusion description",2012-03-01
"AA-AA-000-0000","S97135","Yes","Missing Data","Inclusion/Exclusion description",2012-03-01
"AA-AA-000-0000","S37223","Yes","Informed Consent","Inclusion/Exclusion description",2012-03-01
"AA-AA-000-0000","S23523","No","Study Procedures","Inclusion/Exclusion description",2012-03-01
"AA-AA-000-0000","S4725","No","Study Procedures","Inclusion/Exclusion description",2012-03-01
"AA-AA-000-0000","S78717","Yes","Missing Data","Inclusion/Exclusion description",2012-03-01
"AA-AA-000-0000","S93538","Yes","Missing Data","Inclusion/Exclusion description",2012-03-01
"AA-AA-000-0000","S26717","Yes","Study Procedures","Inclusion/Exclusion description",2012-03-01
"AA-AA-000-0000","S30541","Yes","Missing Data","Inclusion/Exclusion description",2012-03-01
"AA-AA-000-0000","S16950","No","Exclusion Criteria","Inclusion/Exclusion description",2012-03-01
"AA-AA-000-0000","S51443","Yes","Study Procedures","Inclusion/Exclusion description",2012-03-01
"AA-AA-000-0000","S31824","Yes","Study Procedures","Inclusion/Exclusion description",2012-03-01
"AA-AA-000-0000","S38409","No","Informed Consent","Inclusion/Exclusion description",2012-03-01
"AA-AA-000-0000","S93973","No","Missing Data","Inclusion/Exclusion description",2012-03-01
"AA-AA-000-0000","S5553","Yes","Missing Data","Inclusion/Exclusion description",2012-03-01
"AA-AA-000-0000","S40844","No","Study Procedures","Inclusion/Exclusion description",2012-03-01
"AA-AA-000-0000","S21491","No","Missing Data","Inclusion/Exclusion description",2012-03-01
"AA-AA-000-0000","S58717","No","Missing Data","Inclusion/Exclusion description",2012-03-01
"AA-AA-000-0000","S15149","No","Study Procedures","Inclusion/Exclusion description",2012-03-01
"AA-AA-000-0000","S97790","Yes","Study Procedures","Inclusion/Exclusion description",2012-03-01
"AA-AA-000-0000","S35234","Yes","Informed Consent","Inclusion/Exclusion description",2012-03-01
"AA-AA-000-0000","S73213","Yes","Informed Consent","Inclusion/Exclusion description",2012-03-01
"AA-AA-000-0000","S54797","Yes","Missing Data","Inclusion/Exclusion description",2012-03-01
"AA-AA-000-0000","S38629","No","Missing Data","Inclusion/Exclusion description",2012-03-01
"AA-AA-000-0000","S25810","No","Missing Data","Inclusion/Exclusion description",2012-03-01
"AA-AA-000-0000","S42353","Yes","Informed Consent","Inclusion/Exclusion description",2012-03-01
"AA-AA-000-0000","S89940","Yes","Missing Data","Inclusion/Exclusion description",2012-03-01
"AA-AA-000-0000","S58207","Yes","Study Procedures","Inclusion/Exclusion description",2012-03-01
"AA-AA-000-0000","S89144","No","Missing Data","Inclusion/Exclusion description",2012-03-01
"AA-AA-000-0000","S34465","Yes","Missing Data","Inclusion/Exclusion description",2012-03-01
"AA-AA-000-0000","S55631","No","Missing Data","Inclusion/Exclusion description",2012-03-01
"AA-AA-000-0000","S35204","No","Informed Consent","Inclusion/Exclusion description",2012-03-01
"AA-AA-000-0000","S82706","No","Study Procedures","Inclusion/Exclusion description",2012-03-01
"AA-AA-000-0000","S92424","Yes","Study Procedures","Inclusion/Exclusion description",2012-03-01
"AA-AA-000-0000","S60833","Yes","Informed Consent","Inclusion/Exclusion description",2012-03-01
"AA-AA-000-0000","S46920","No","Informed Consent","Inclusion/Exclusion description",2012-03-01
"AA-AA-000-0000","S12296","Yes","Missing Data","Inclusion/Exclusion description",2012-03-01
"AA-AA-000-0000","S17408","Yes","Informed Consent","Inclusion/Exclusion description",2012-03-01
"AA-AA-000-0000","S87145","Yes","Missing Data","Inclusion/Exclusion description",2012-03-01
"AA-AA-000-0000","S3546","Yes","Missing Data","Inclusion/Exclusion description",2012-03-01
"AA-AA-000-0000","S84892","Yes","Study Procedures","Inclusion/Exclusion description",2012-03-01
"AA-AA-000-0000","S66031","Yes","Missing Data","Inclusion/Exclusion description",2012-03-01
"AA-AA-000-0000","S14454","Yes","Study Procedures","Inclusion/Exclusion description",2012-03-01
"AA-AA-000-0000","S60588","No","Informed Consent","Inclusion/Exclusion description",2012-03-01
"AA-AA-000-0000","S30571","Yes","Study Procedures","Inclusion/Exclusion description",2012-03-01
"AA-AA-000-0000","S55104","Yes","Study Procedures","Inclusion/Exclusion description",2012-03-01
"AA-AA-000-0000","S49115","No","Informed Consent","Inclusion/Exclusion description",2012-03-01
"AA-AA-000-0000","S49600","No","Missing Data","Inclusion/Exclusion description",2012-03-01
"AA-AA-000-0000","S61186","No","Informed Consent","Inclusion/Exclusion description",2012-03-01
"AA-AA-000-0000","S16271","No","Missing Data","Inclusion/Exclusion description",2012-03-01
"AA-AA-000-0000","S85597","No","Study Procedures","Inclusion/Exclusion description",2012-03-01
"AA-AA-000-0000","S96757","Yes","Missing Data","Inclusion/Exclusion description",2012-03-01
"AA-AA-000-0000","S78806","Yes","Study Procedures","Inclusion/Exclusion description",2012-03-01
"AA-AA-000-0000","S9283","Yes","Study Procedures","Inclusion/Exclusion description",2012-03-01
"AA-AA-000-0000","S48359","No","Study Procedures","Inclusion/Exclusion description",2012-03-01
"AA-AA-000-0000","S34157","Yes","Study Procedures","Inclusion/Exclusion description",2012-03-01
"AA-AA-000-0000","S84391","Yes","Informed Consent","Inclusion/Exclusion description",2012-03-01
"AA-AA-000-0000","S46390","No","Study Procedures","Inclusion/Exclusion description",2012-03-01
"AA-AA-000-0000","S74519","No","Exclusion Criteria","Inclusion/Exclusion description",2012-03-01
"AA-AA-000-0000","S33945","No","Informed Consent","Inclusion/Exclusion description",2012-03-01
"AA-AA-000-0000","S69485","Yes","Study Procedures","Inclusion/Exclusion description",2012-03-01
"AA-AA-000-0000","S67883","Yes","Study Procedures","Inclusion/Exclusion description",2012-03-01
"AA-AA-000-0000","S18655","Yes","Informed Consent","Inclusion/Exclusion description",2012-03-01
"AA-AA-000-0000","S21217","Yes","Informed Consent","Inclusion/Exclusion description",2012-03-01
"AA-AA-000-0000","S57832","Yes","Study Procedures","Inclusion/Exclusion description",2012-03-01
"AA-AA-000-0000","S18588","No","Study Procedures","Inclusion/Exclusion description",2012-03-01
"AA-AA-000-0000","S61175","No","Study Procedures","Inclusion/Exclusion description",2012-03-01
"AA-AA-000-0000","S98201","No","Exclusion Criteria","Inclusion/Exclusion description",2012-03-01
"AA-AA-000-0000","S72148","Yes","Inclusion Criteria","Inclusion/Exclusion description",2012-03-01
"AA-AA-000-0000","S349","Yes","Informed Consent","Inclusion/Exclusion description",2012-03-01
"AA-AA-000-0000","S66042","No","Missing Data","Inclusion/Exclusion description",2012-03-01
"AA-AA-000-0000","S91542","Yes","Study Procedures","Inclusion/Exclusion description",2012-03-01
"AA-AA-000-0000","S27284","No","Study Procedures","Inclusion/Exclusion description",2012-03-01
"AA-AA-000-0000","S37347","Yes","Missing Data","Inclusion/Exclusion description",2012-03-01
"AA-AA-000-0000","S13860","Yes","Informed Consent","Inclusion/Exclusion description",2012-03-01
"AA-AA-000-0000","S9005","Yes","Study Procedures","Inclusion/Exclusion description",2012-03-01
"AA-AA-000-0000","S34202","No","Study Procedures","Inclusion/Exclusion description",2012-03-01
"AA-AA-000-0000","S15985","Yes","Missing Data","Inclusion/Exclusion description",2012-03-01
"AA-AA-000-0000","S58480","Yes","Exclusion Criteria","Inclusion/Exclusion description",2012-03-01
"AA-AA-000-0000","S25117","Yes","Inclusion Criteria","Inclusion/Exclusion description",2012-03-01
"AA-AA-000-0000","S40167","Yes","Informed Consent","Inclusion/Exclusion description",2012-03-01
"AA-AA-000-0000","S79019","No","Study Procedures","Inclusion/Exclusion description",2012-03-01
"AA-AA-000-0000","S58207","No","Informed Consent","Inclusion/Exclusion description",2012-03-01
"AA-AA-000-0000","S349","No","Study Procedures","Inclusion/Exclusion description",2012-03-01
"AA-AA-000-0000","S78360","Yes","Inclusion Criteria","Inclusion/Exclusion description",2012-03-01
"AA-AA-000-0000","S32051","Yes","Missing Data","Inclusion/Exclusion description",2012-03-01
"AA-AA-000-0000","S7173","No","Informed Consent","Inclusion/Exclusion description",2012-03-01
"AA-AA-000-0000","S47431","No","Missing Data","Inclusion/Exclusion description",2012-03-01
"AA-AA-000-0000","S42798","No","Study Procedures","Inclusion/Exclusion description",2012-03-01
"AA-AA-000-0000","S11526","No","Informed Consent","Inclusion/Exclusion description",2012-03-01
"AA-AA-000-0000","S74207","No","Study Procedures","Inclusion/Exclusion description",2012-03-01
"AA-AA-000-0000","S33100","Yes","Informed Consent","Inclusion/Exclusion description",2012-03-01
"AA-AA-000-0000","S69905","Yes","Informed Consent","Inclusion/Exclusion description",2012-03-01
"AA-AA-000-0000","S10259","Yes","Study Procedures","Inclusion/Exclusion description",2012-03-01
"AA-AA-000-0000","S7372","No","Informed Consent","Inclusion/Exclusion description",2012-03-01
"AA-AA-000-0000","S21158","Yes","Study Procedures","Inclusion/Exclusion description",2012-03-01
"AA-AA-000-0000","S61292","Yes","Informed Consent","Inclusion/Exclusion description",2012-03-01
"AA-AA-000-0000","S56125","No","Exclusion Criteria","Inclusion/Exclusion description",2012-03-01
"AA-AA-000-0000","S51371","Yes","Study Procedures","Inclusion/Exclusion description",2012-03-01
"AA-AA-000-0000","S35500","No","Missing Data","Inclusion/Exclusion description",2012-03-01
"AA-AA-000-0000","S61439","Yes","Informed Consent","Inclusion/Exclusion description",2012-03-01
"AA-AA-000-0000","S96425","No","Missing Data","Inclusion/Exclusion description",2012-03-01
"AA-AA-000-0000","S5680","Yes","Study Procedures","Inclusion/Exclusion description",2012-03-01
"AA-AA-000-0000","S84848","Yes","Informed Consent","Inclusion/Exclusion description",2012-03-01
"AA-AA-000-0000","S26837","Yes","Inclusion Criteria","Inclusion/Exclusion description",2012-03-01
"AA-AA-000-0000","S55104","Yes","Missing Data","Inclusion/Exclusion description",2012-03-01
"AA-AA-000-0000","S42353","Yes","Missing Data","Inclusion/Exclusion description",2012-03-01
"AA-AA-000-0000","S76127","Yes","Missing Data","Inclusion/Exclusion description",2012-03-01
"AA-AA-000-0000","S96107","Yes","Informed Consent","Inclusion/Exclusion description",2012-03-01
"AA-AA-000-0000","S42745","Yes","Informed Consent","Inclusion/Exclusion description",2012-03-01
"AA-AA-000-0000","S79201","Yes","Informed Consent","Inclusion/Exclusion description",2012-03-01
"AA-AA-000-0000","S52377","Yes","Missing Data","Inclusion/Exclusion description",2012-03-01
"AA-AA-000-0000","S68232","No","Missing Data","Inclusion/Exclusion description",2012-03-01
"AA-AA-000-0000","S32805","Yes","Study Procedures","Inclusion/Exclusion description",2012-03-01
"AA-AA-000-0000","S19104","Yes","Study Procedures","Inclusion/Exclusion description",2012-03-01
"AA-AA-000-0000","S52675","No","Missing Data","Inclusion/Exclusion description",2012-03-01
"AA-AA-000-0000","S91524","Yes","Study Procedures","Inclusion/Exclusion description",2012-03-01
"AA-AA-000-0000","S42798","No","Missing Data","Inclusion/Exclusion description",2012-03-01
"AA-AA-000-0000","S45190","Yes","Study Procedures","Inclusion/Exclusion description",2012-03-01
"AA-AA-000-0000","S82537","Yes","Informed Consent","Inclusion/Exclusion description",2012-03-01
"AA-AA-000-0000","S543","Yes","Missing Data","Inclusion/Exclusion description",2012-03-01
"AA-AA-000-0000","S23573","Yes","Missing Data","Inclusion/Exclusion description",2012-03-01
"AA-AA-000-0000","S45190","No","Informed Consent","Inclusion/Exclusion description",2012-03-01
"AA-AA-000-0000","S97620","Yes","Informed Consent","Inclusion/Exclusion description",2012-03-01
"AA-AA-000-0000","S40844","No","Missing Data","Inclusion/Exclusion description",2012-03-01
"AA-AA-000-0000","S55104","Yes","Informed Consent","Inclusion/Exclusion description",2012-03-01
"AA-AA-000-0000","S93954","Yes","Informed Consent","Inclusion/Exclusion description",2012-03-01
"AA-AA-000-0000","S68049","Yes","Missing Data","Inclusion/Exclusion description",2012-03-01
"AA-AA-000-0000","S98839","No","Missing Data","Inclusion/Exclusion description",2012-03-01
"AA-AA-000-0000","S59284","Yes","Study Procedures","Inclusion/Exclusion description",2012-03-01
"AA-AA-000-0000","S44509","Yes","Inclusion Criteria","Inclusion/Exclusion description",2012-03-01
"AA-AA-000-0000","S13713","Yes","Informed Consent","Inclusion/Exclusion description",2012-03-01
"AA-AA-000-0000","S19812","Yes","Missing Data","Inclusion/Exclusion description",2012-03-01
"AA-AA-000-0000","S98267","Yes","Study Procedures","Inclusion/Exclusion description",2012-03-01
"AA-AA-000-0000","S91789","No","Informed Consent","Inclusion/Exclusion description",2012-03-01
"AA-AA-000-0000","S92443","Yes","Informed Consent","Inclusion/Exclusion description",2012-03-01
"AA-AA-000-0000","S1505","No","Informed Consent","Inclusion/Exclusion description",2012-03-01
"AA-AA-000-0000","S30394","No","Exclusion Criteria","Inclusion/Exclusion description",2012-03-01
"AA-AA-000-0000","S41688","No","Informed Consent","Inclusion/Exclusion description",2012-03-01
"AA-AA-000-0000","S51380","No","Inclusion Criteria","Inclusion/Exclusion description",2012-03-01
"AA-AA-000-0000","S92817","No","Study Procedures","Inclusion/Exclusion description",2012-03-01
"AA-AA-000-0000","S79136","Yes","Exclusion Criteria","Inclusion/Exclusion description",2012-03-01
"AA-AA-000-0000","S4787","Yes","Missing Data","Inclusion/Exclusion description",2012-03-01
"AA-AA-000-0000","S66858","Yes","Study Procedures","Inclusion/Exclusion description",2012-03-01
"AA-AA-000-0000","S41608","No","Missing Data","Inclusion/Exclusion description",2012-03-01
"AA-AA-000-0000","S99905","Yes","Informed Consent","Inclusion/Exclusion description",2012-03-01
"AA-AA-000-0000","S39259","Yes","Informed Consent","Inclusion/Exclusion description",2012-03-01
"AA-AA-000-0000","S21158","Yes","Informed Consent","Inclusion/Exclusion description",2012-03-01
"AA-AA-000-0000","S26943","No","Missing Data","Inclusion/Exclusion description",2012-03-01
"AA-AA-000-0000","S31987","No","Exclusion Criteria","Inclusion/Exclusion description",2012-03-01
"AA-AA-000-0000","S65486","Yes","Missing Data","Inclusion/Exclusion description",2012-03-01
"AA-AA-000-0000","S9242","Yes","Study Procedures","Inclusion/Exclusion description",2012-03-01
"AA-AA-000-0000","S33604","Yes","Informed Consent","Inclusion/Exclusion description",2012-03-01
"AA-AA-000-0000","S87114","No","Missing Data","Inclusion/Exclusion description",2012-03-01
"AA-AA-000-0000","S67292","No","Study Procedures","Inclusion/Exclusion description",2012-03-01
"AA-AA-000-0000","S60833","Yes","Study Procedures","Inclusion/Exclusion description",2012-03-01
"AA-AA-000-0000","S53537","Yes","Missing Data","Inclusion/Exclusion description",2012-03-01
"AA-AA-000-0000","S92443","No","Exclusion Criteria","Inclusion/Exclusion description",2012-03-01
"AA-AA-000-0000","S30571","Yes","Exclusion Criteria","Inclusion/Exclusion description",2012-03-01
"AA-AA-000-0000","S46151","Yes","Missing Data","Inclusion/Exclusion description",2012-03-01
"AA-AA-000-0000","S58341","Yes","Study Procedures","Inclusion/Exclusion description",2012-03-01
"AA-AA-000-0000","S9356","Yes","Missing Data","Inclusion/Exclusion description",2012-03-01
"AA-AA-000-0000","S43308","Yes","Informed Consent","Inclusion/Exclusion description",2012-03-01
"AA-AA-000-0000","S59912","Yes","Study Procedures","Inclusion/Exclusion description",2012-03-01
"AA-AA-000-0000","S54258","No","Study Procedures","Inclusion/Exclusion description",2012-03-01
"AA-AA-000-0000","S26740","Yes","Informed Consent","Inclusion/Exclusion description",2012-03-01
"AA-AA-000-0000","S79136","Yes","Missing Data","Inclusion/Exclusion description",2012-03-01
"AA-AA-000-0000","S74901","Yes","Missing Data","Inclusion/Exclusion description",2012-03-01
"AA-AA-000-0000","S1663","No","Study Procedures","Inclusion/Exclusion description",2012-03-01
"AA-AA-000-0000","S7559","No","Study Procedures","Inclusion/Exclusion description",2012-03-01
"AA-AA-000-0000","S1663","Yes","Missing Data","Inclusion/Exclusion description",2012-03-01
"AA-AA-000-0000","S14454","Yes","Missing Data","Inclusion/Exclusion description",2012-03-01
"AA-AA-000-0000","S75016","No","Study Procedures","Inclusion/Exclusion description",2012-03-01
"AA-AA-000-0000","S53614","Yes","Study Procedures","Inclusion/Exclusion description",2012-03-01
"AA-AA-000-0000","S4606","Yes","Study Procedures","Inclusion/Exclusion description",2012-03-01
"AA-AA-000-0000","S62190","No","Study Procedures","Inclusion/Exclusion description",2012-03-01
"AA-AA-000-0000","S74139","No","Missing Data","Inclusion/Exclusion description",2012-03-01
"AA-AA-000-0000","S57691","No","Informed Consent","Inclusion/Exclusion description",2012-03-01
"AA-AA-000-0000","S75527","No","Study Procedures","Inclusion/Exclusion description",2012-03-01
"AA-AA-000-0000","S93551","No","Informed Consent","Inclusion/Exclusion description",2012-03-01
"AA-AA-000-0000","S53217","No","Informed Consent","Inclusion/Exclusion description",2012-03-01
"AA-AA-000-0000","S13713","Yes","Missing Data","Inclusion/Exclusion description",2012-03-01
"AA-AA-000-0000","S59666","Yes","Missing Data","Inclusion/Exclusion description",2012-03-01
"AA-AA-000-0000","S46121","No","Informed Consent","Inclusion/Exclusion description",2012-03-01
"AA-AA-000-0000","S10771","Yes","Missing Data","Inclusion/Exclusion description",2012-03-01
"AA-AA-000-0000","S41298","No","Informed Consent","Inclusion/Exclusion description",2012-03-01
"AA-AA-000-0000","S83042","Yes","Study Procedures","Inclusion/Exclusion description",2012-03-01
"AA-AA-000-0000","S66674","No","Informed Consent","Inclusion/Exclusion description",2012-03-01
"AA-AA-000-0000","S90076","Yes","Missing Data","Inclusion/Exclusion description",2012-03-01
"AA-AA-000-0000","S87743","Yes","Study Procedures","Inclusion/Exclusion description",2012-03-01
"AA-AA-000-0000","S50664","Yes","Informed Consent","Inclusion/Exclusion description",2012-03-01
"AA-AA-000-0000","S61670","No","Informed Consent","Inclusion/Exclusion description",2012-03-01
"AA-AA-000-0000","S46390","No","Missing Data","Inclusion/Exclusion description",2012-03-01
"AA-AA-000-0000","S40230","No","Missing Data","Inclusion/Exclusion description",2012-03-01
"AA-AA-000-0000","S74929","No","Study Procedures","Inclusion/Exclusion description",2012-03-01
"AA-AA-000-0000","S6528","No","Missing Data","Inclusion/Exclusion description",2012-03-01
"AA-AA-000-0000","S65948","Yes","Exclusion Criteria","Inclusion/Exclusion description",2012-03-01
"AA-AA-000-0000","S15149","No","Inclusion Criteria","Inclusion/Exclusion description",2012-03-01
"AA-AA-000-0000","S65616","No","Informed Consent","Inclusion/Exclusion description",2012-03-01
"AA-AA-000-0000","S42745","Yes","Exclusion Criteria","Inclusion/Exclusion description",2012-03-01
"AA-AA-000-0000","S036","No","Study Procedures","Inclusion/Exclusion description",2012-03-01
"AA-AA-000-0000","S45386","Yes","Study Procedures","Inclusion/Exclusion description",2012-03-01
"AA-AA-000-0000","S23573","No","Missing Data","Inclusion/Exclusion description",2012-03-01
"AA-AA-000-0000","S66672","No","Missing Data","Inclusion/Exclusion description",2012-03-01
"AA-AA-000-0000","S58498","No","Exclusion Criteria","Inclusion/Exclusion description",2012-03-01
"AA-AA-000-0000","S64375","No","Missing Data","Inclusion/Exclusion description",2012-03-01
"AA-AA-000-0000","S55370","Yes","Informed Consent","Inclusion/Exclusion description",2012-03-01
"AA-AA-000-0000","S902","No","Missing Data","Inclusion/Exclusion description",2012-03-01
"AA-AA-000-0000","S47134","Yes","Study Procedures","Inclusion/Exclusion description",2012-03-01
"AA-AA-000-0000","S80827","Yes","Study Procedures","Inclusion/Exclusion description",2012-03-01
"AA-AA-000-0000","S66061","No","Missing Data","Inclusion/Exclusion description",2012-03-01
"AA-AA-000-0000","S74305","No","Study Procedures","Inclusion/Exclusion description",2012-03-01
"AA-AA-000-0000","S82738","Yes","Inclusion Criteria","Inclusion/Exclusion description",2012-03-01
"AA-AA-000-0000","S67292","No","Missing Data","Inclusion/Exclusion description",2012-03-01
"AA-AA-000-0000","S63755","Yes","Study Procedures","Inclusion/Exclusion description",2012-03-01
"AA-AA-000-0000","S28082","No","Inclusion Criteria","Inclusion/Exclusion description",2012-03-01
"AA-AA-000-0000","S40230","Yes","Informed Consent","Inclusion/Exclusion description",2012-03-01
"AA-AA-000-0000","S91710","No","Missing Data","Inclusion/Exclusion description",2012-03-01
"AA-AA-000-0000","S90331","Yes","Study Procedures","Inclusion/Exclusion description",2012-03-01
"AA-AA-000-0000","S91008","No","Informed Consent","Inclusion/Exclusion description",2012-03-01
"AA-AA-000-0000","S85279","Yes","Informed Consent","Inclusion/Exclusion description",2012-03-01
"AA-AA-000-0000","S76017","No","Informed Consent","Inclusion/Exclusion description",2012-03-01
"AA-AA-000-0000","S87114","No","Missing Data","Inclusion/Exclusion description",2012-03-01
"AA-AA-000-0000","S8459","No","Informed Consent","Inclusion/Exclusion description",2012-03-01
"AA-AA-000-0000","S78281","No","Informed Consent","Inclusion/Exclusion description",2012-03-01
"AA-AA-000-0000","S97281","Yes","Missing Data","Inclusion/Exclusion description",2012-03-01
"AA-AA-000-0000","S56762","No","Inclusion Criteria","Inclusion/Exclusion description",2012-03-01
"AA-AA-000-0000","S86198","Yes","Missing Data","Inclusion/Exclusion description",2012-03-01
"AA-AA-000-0000","S59671","Yes","Study Procedures","Inclusion/Exclusion description",2012-03-01
"AA-AA-000-0000","S90769","No","Informed Consent","Inclusion/Exclusion description",2012-03-01
"AA-AA-000-0000","S12402","No","Missing Data","Inclusion/Exclusion description",2012-03-01
"AA-AA-000-0000","S68284","No","Exclusion Criteria","Inclusion/Exclusion description",2012-03-01
"AA-AA-000-0000","S3221","Yes","Missing Data","Inclusion/Exclusion description",2012-03-01
"AA-AA-000-0000","S33697","Yes","Study Procedures","Inclusion/Exclusion description",2012-03-01
"AA-AA-000-0000","S90436","Yes","Missing Data","Inclusion/Exclusion description",2012-03-01
"AA-AA-000-0000","S27507","Yes","Missing Data","Inclusion/Exclusion description",2012-03-01
"AA-AA-000-0000","S46151","Yes","Missing Data","Inclusion/Exclusion description",2012-03-01
"AA-AA-000-0000","S19752","No","Informed Consent","Inclusion/Exclusion description",2012-03-01
"AA-AA-000-0000","S6786","No","Missing Data","Inclusion/Exclusion description",2012-03-01
"AA-AA-000-0000","S53524","No","Informed Consent","Inclusion/Exclusion description",2012-03-01
"AA-AA-000-0000","S78130","No","Informed Consent","Inclusion/Exclusion description",2012-03-01
"AA-AA-000-0000","S56696","No","Informed Consent","Inclusion/Exclusion description",2012-03-01
"AA-AA-000-0000","S68049","Yes","Missing Data","Inclusion/Exclusion description",2012-03-01
"AA-AA-000-0000","S94455","No","Study Procedures","Inclusion/Exclusion description",2012-03-01
"AA-AA-000-0000","S71734","Yes","Missing Data","Inclusion/Exclusion description",2012-03-01
"AA-AA-000-0000","S15079","Yes","Study Procedures","Inclusion/Exclusion description",2012-03-01
"AA-AA-000-0000","S55694","No","Study Procedures","Inclusion/Exclusion description",2012-03-01
"AA-AA-000-0000","S89979","Yes","Study Procedures","Inclusion/Exclusion description",2012-03-01
"AA-AA-000-0000","S63009","Yes","Missing Data","Inclusion/Exclusion description",2012-03-01
"AA-AA-000-0000","S36886","Yes","Exclusion Criteria","Inclusion/Exclusion description",2012-03-01
"AA-AA-000-0000","S78571","Yes","Missing Data","Inclusion/Exclusion description",2012-03-01
"AA-AA-000-0000","S51812","Yes","Missing Data","Inclusion/Exclusion description",2012-03-01
"AA-AA-000-0000","S58341","No","Study Procedures","Inclusion/Exclusion description",2012-03-01
"AA-AA-000-0000","S96107","No","Study Procedures","Inclusion/Exclusion description",2012-03-01
"AA-AA-000-0000","S20468","Yes","Study Procedures","Inclusion/Exclusion description",2012-03-01
"AA-AA-000-0000","S4201","Yes","Informed Consent","Inclusion/Exclusion description",2012-03-01
"AA-AA-000-0000","S62607","Yes","Missing Data","Inclusion/Exclusion description",2012-03-01
"AA-AA-000-0000","S91571","No","Missing Data","Inclusion/Exclusion description",2012-03-01
"AA-AA-000-0000","S66858","Yes","Missing Data","Inclusion/Exclusion description",2012-03-01
"AA-AA-000-0000","S9283","Yes","Informed Consent","Inclusion/Exclusion description",2012-03-01
"AA-AA-000-0000","S48812","No","Informed Consent","Inclusion/Exclusion description",2012-03-01
"AA-AA-000-0000","S52047","Yes","Study Procedures","Inclusion/Exclusion description",2012-03-01
"AA-AA-000-0000","S92349","No","Study Procedures","Inclusion/Exclusion description",2012-03-01
"AA-AA-000-0000","S46895","No","Study Procedures","Inclusion/Exclusion description",2012-03-01
"AA-AA-000-0000","S56444","Yes","Informed Consent","Inclusion/Exclusion description",2012-03-01
"AA-AA-000-0000","S17499","No","Informed Consent","Inclusion/Exclusion description",2012-03-01
"AA-AA-000-0000","S75548","Yes","Informed Consent","Inclusion/Exclusion description",2012-03-01
"AA-AA-000-0000","S56762","No","Informed Consent","Inclusion/Exclusion description",2012-03-01
"AA-AA-000-0000","S30086","No","Study Procedures","Inclusion/Exclusion description",2012-03-01
"AA-AA-000-0000","S61670","No","Informed Consent","Inclusion/Exclusion description",2012-03-01
"AA-AA-000-0000","S75551","Yes","Missing Data","Inclusion/Exclusion description",2012-03-01
"AA-AA-000-0000","S45628","Yes","Study Procedures","Inclusion/Exclusion description",2012-03-01
"AA-AA-000-0000","S21491","Yes","Missing Data","Inclusion/Exclusion description",2012-03-01
"AA-AA-000-0000","S23112","No","Missing Data","Inclusion/Exclusion description",2012-03-01
"AA-AA-000-0000","S1505","No","Study Procedures","Inclusion/Exclusion description",2012-03-01
"AA-AA-000-0000","S32805","Yes","Study Procedures","Inclusion/Exclusion description",2012-03-01
"AA-AA-000-0000","S1524","Yes","Study Procedures","Inclusion/Exclusion description",2012-03-01
"AA-AA-000-0000","S58315","Yes","Informed Consent","Inclusion/Exclusion description",2012-03-01
"AA-AA-000-0000","S6700","No","Missing Data","Inclusion/Exclusion description",2012-03-01
"AA-AA-000-0000","S25706","Yes","Informed Consent","Inclusion/Exclusion description",2012-03-01
"AA-AA-000-0000","S69605","Yes","Informed Consent","Inclusion/Exclusion description",2012-03-01
"AA-AA-000-0000","S13011","No","Study Procedures","Inclusion/Exclusion description",2012-03-01
"AA-AA-000-0000","S81289","Yes","Missing Data","Inclusion/Exclusion description",2012-03-01
"AA-AA-000-0000","S19608","No","Missing Data","Inclusion/Exclusion description",2012-03-01
"AA-AA-000-0000","S94084","Yes","Informed Consent","Inclusion/Exclusion description",2012-03-01
"AA-AA-000-0000","S35306","No","Study Procedures","Inclusion/Exclusion description",2012-03-01
"AA-AA-000-0000","S12836","No","Exclusion Criteria","Inclusion/Exclusion description",2012-03-01
"AA-AA-000-0000","S8545","Yes","Missing Data","Inclusion/Exclusion description",2012-03-01
"AA-AA-000-0000","S73010","Yes","Study Procedures","Inclusion/Exclusion description",2012-03-01
"AA-AA-000-0000","S7193","No","Study Procedures","Inclusion/Exclusion description",2012-03-01
"AA-AA-000-0000","S41608","Yes","Missing Data","Inclusion/Exclusion description",2012-03-01
"AA-AA-000-0000","S52047","Yes","Missing Data","Inclusion/Exclusion description",2012-03-01
"AA-AA-000-0000","S4719","No","Informed Consent","Inclusion/Exclusion description",2012-03-01
"AA-AA-000-0000","S36196","Yes","Study Procedures","Inclusion/Exclusion description",2012-03-01
"AA-AA-000-0000","S49591","Yes","Study Procedures","Inclusion/Exclusion description",2012-03-01
"AA-AA-000-0000","S26740","Yes","Inclusion Criteria","Inclusion/Exclusion description",2012-03-01
"AA-AA-000-0000","S65919","Yes","Study Procedures","Inclusion/Exclusion description",2012-03-01
"AA-AA-000-0000","S63470","No","Exclusion Criteria","Inclusion/Exclusion description",2012-03-01
"AA-AA-000-0000","S79136","Yes","Missing Data","Inclusion/Exclusion description",2012-03-01
"AA-AA-000-0000","S26740","No","Missing Data","Inclusion/Exclusion description",2012-03-01
"AA-AA-000-0000","S80104","No","Informed Consent","Inclusion/Exclusion description",2012-03-01
"AA-AA-000-0000","S79759","No","Study Procedures","Inclusion/Exclusion description",2012-03-01
"AA-AA-000-0000","S78571","No","Study Procedures","Inclusion/Exclusion description",2012-03-01
"AA-AA-000-0000","S63755","No","Study Procedures","Inclusion/Exclusion description",2012-03-01
"AA-AA-000-0000","S93973","No","Study Procedures","Inclusion/Exclusion description",2012-03-01
"AA-AA-000-0000","S26237","No","Informed Consent","Inclusion/Exclusion description",2012-03-01
"AA-AA-000-0000","S8459","No","Study Procedures","Inclusion/Exclusion description",2012-03-01
"AA-AA-000-0000","S46573","Yes","Informed Consent","Inclusion/Exclusion description",2012-03-01
"AA-AA-000-0000","S16470","Yes","Informed Consent","Inclusion/Exclusion description",2012-03-01
"AA-AA-000-0000","S26717","Yes","Missing Data","Inclusion/Exclusion description",2012-03-01
"AA-AA-000-0000","S6528","No","Informed Consent","Inclusion/Exclusion description",2012-03-01
"AA-AA-000-0000","S35050","No","Informed Consent","Inclusion/Exclusion description",2012-03-01
"AA-AA-000-0000","S55631","No","Exclusion Criteria","Inclusion/Exclusion description",2012-03-01
"AA-AA-000-0000","S12402","Yes","Study Procedures","Inclusion/Exclusion description",2012-03-01
"AA-AA-000-0000","S96278","No","Study Procedures","Inclusion/Exclusion description",2012-03-01
"AA-AA-000-0000","S74654","Yes","Missing Data","Inclusion/Exclusion description",2012-03-01
"AA-AA-000-0000","S41890","No","Inclusion Criteria","Inclusion/Exclusion description",2012-03-01
"AA-AA-000-0000","S67390","No","Study Procedures","Inclusion/Exclusion description",2012-03-01
"AA-AA-000-0000","S54797","Yes","Study Procedures","Inclusion/Exclusion description",2012-03-01
"AA-AA-000-0000","S33394","No","Study Procedures","Inclusion/Exclusion description",2012-03-01
"AA-AA-000-0000","S71307","No","Informed Consent","Inclusion/Exclusion description",2012-03-01
"AA-AA-000-0000","S13662","No","Study Procedures","Inclusion/Exclusion description",2012-03-01
"AA-AA-000-0000","S42753","Yes","Study Procedures","Inclusion/Exclusion description",2012-03-01
"AA-AA-000-0000","S96053","Yes","Study Procedures","Inclusion/Exclusion description",2012-03-01
"AA-AA-000-0000","S91008","Yes","Study Procedures","Inclusion/Exclusion description",2012-03-01
"AA-AA-000-0000","S31737","No","Missing Data","Inclusion/Exclusion description",2012-03-01
"AA-AA-000-0000","S43241","No","Study Procedures","Inclusion/Exclusion description",2012-03-01
"AA-AA-000-0000","S22616","No","Exclusion Criteria","Inclusion/Exclusion description",2012-03-01
"AA-AA-000-0000","S43465","No","Study Procedures","Inclusion/Exclusion description",2012-03-01
"AA-AA-000-0000","S20468","Yes","Informed Consent","Inclusion/Exclusion description",2012-03-01
"AA-AA-000-0000","S92349","Yes","Informed Consent","Inclusion/Exclusion description",2012-03-01
"AA-AA-000-0000","S96070","No","Missing Data","Inclusion/Exclusion description",2012-03-01
"AA-AA-000-0000","S51380","No","Study Procedures","Inclusion/Exclusion description",2012-03-01
"AA-AA-000-0000","S31773","Yes","Informed Consent","Inclusion/Exclusion description",2012-03-01
"AA-AA-000-0000","S58285","Yes","Study Procedures","Inclusion/Exclusion description",2012-03-01
"AA-AA-000-0000","S71734","Yes","Missing Data","Inclusion/Exclusion description",2012-03-01
"AA-AA-000-0000","S12454","No","Informed Consent","Inclusion/Exclusion description",2012-03-01
"AA-AA-000-0000","S37519","Yes","Exclusion Criteria","Inclusion/Exclusion description",2012-03-01
"AA-AA-000-0000","S7559","No","Informed Consent","Inclusion/Exclusion description",2012-03-01
"AA-AA-000-0000","S76386","No","Missing Data","Inclusion/Exclusion description",2012-03-01
"AA-AA-000-0000","S34559","No","Exclusion Criteria","Inclusion/Exclusion description",2012-03-01
"AA-AA-000-0000","S85597","No","Inclusion Criteria","Inclusion/Exclusion description",2012-03-01
"AA-AA-000-0000","S26740","Yes","Study Procedures","Inclusion/Exclusion description",2012-03-01
"AA-AA-000-0000","S5140","Yes","Missing Data","Inclusion/Exclusion description",2012-03-01
"AA-AA-000-0000","S7156","Yes","Informed Consent","Inclusion/Exclusion description",2012-03-01
"AA-AA-000-0000","S85267","Yes","Inclusion Criteria","Inclusion/Exclusion description",2012-03-01
"AA-AA-000-0000","S34157","Yes","Missing Data","Inclusion/Exclusion description",2012-03-01
"AA-AA-000-0000","S83309","Yes","Informed Consent","Inclusion/Exclusion description",2012-03-01
"AA-AA-000-0000","S87088","No","Missing Data","Inclusion/Exclusion description",2012-03-01
"AA-AA-000-0000","S41298","No","Missing Data","Inclusion/Exclusion description",2012-03-01
"AA-AA-000-0000","S15734","No","Inclusion Criteria","Inclusion/Exclusion description",2012-03-01
"AA-AA-000-0000","S95245","Yes","Study Procedures","Inclusion/Exclusion description",2012-03-01
"AA-AA-000-0000","S55370","No","Study Procedures","Inclusion/Exclusion description",2012-03-01
"AA-AA-000-0000","S6786","No","Informed Consent","Inclusion/Exclusion description",2012-03-01
"AA-AA-000-0000","S74519","Yes","Exclusion Criteria","Inclusion/Exclusion description",2012-03-01
"AA-AA-000-0000","S13775","Yes","Inclusion Criteria","Inclusion/Exclusion description",2012-03-01
"AA-AA-000-0000","S66000","No","Exclusion Criteria","Inclusion/Exclusion description",2012-03-01
"AA-AA-000-0000","S37258","Yes","Study Procedures","Inclusion/Exclusion description",2012-03-01
"AA-AA-000-0000","S3548","No","Study Procedures","Inclusion/Exclusion description",2012-03-01
"AA-AA-000-0000","S7173","No","Missing Data","Inclusion/Exclusion description",2012-03-01
"AA-AA-000-0000","S97597","Yes","Missing Data","Inclusion/Exclusion description",2012-03-01
"AA-AA-000-0000","S18183","Yes","Missing Data","Inclusion/Exclusion description",2012-03-01
"AA-AA-000-0000","S80160","Yes","Study Procedures","Inclusion/Exclusion description",2012-03-01
"AA-AA-000-0000","S75060","No","Informed Consent","Inclusion/Exclusion description",2012-03-01
"AA-AA-000-0000","S43620","Yes","Missing Data","Inclusion/Exclusion description",2012-03-01
"AA-AA-000-0000","S6419","Yes","Study Procedures","Inclusion/Exclusion description",2012-03-01
"AA-AA-000-0000","S84687","Yes","Missing Data","Inclusion/Exclusion description",2012-03-01
"AA-AA-000-0000","S52438","Yes","Study Procedures","Inclusion/Exclusion description",2012-03-01
"AA-AA-000-0000","S59806","No","Missing Data","Inclusion/Exclusion description",2012-03-01
"AA-AA-000-0000","S30924","No","Informed Consent","Inclusion/Exclusion description",2012-03-01
"AA-AA-000-0000","S79136","Yes","Study Procedures","Inclusion/Exclusion description",2012-03-01
"AA-AA-000-0000","S85111","Yes","Missing Data","Inclusion/Exclusion description",2012-03-01
"AA-AA-000-0000","S17499","Yes","Informed Consent","Inclusion/Exclusion description",2012-03-01
"AA-AA-000-0000","S78552","Yes","Informed Consent","Inclusion/Exclusion description",2012-03-01
"AA-AA-000-0000","S17026","No","Informed Consent","Inclusion/Exclusion description",2012-03-01
"AA-AA-000-0000","S44636","Yes","Informed Consent","Inclusion/Exclusion description",2012-03-01
"AA-AA-000-0000","S75527","Yes","Informed Consent","Inclusion/Exclusion description",2012-03-01
"AA-AA-000-0000","S26943","No","Study Procedures","Inclusion/Exclusion description",2012-03-01
"AA-AA-000-0000","S46333","Yes","Missing Data","Inclusion/Exclusion description",2012-03-01
"AA-AA-000-0000","S19255","No","Inclusion Criteria","Inclusion/Exclusion description",2012-03-01
"AA-AA-000-0000","S28543","No","Informed Consent","Inclusion/Exclusion description",2012-03-01
"AA-AA-000-0000","S93299","No","Study Procedures","Inclusion/Exclusion description",2012-03-01
"AA-AA-000-0000","S44636","Yes","Study Procedures","Inclusion/Exclusion description",2012-03-01
"AA-AA-000-0000","S56696","Yes","Missing Data","Inclusion/Exclusion description",2012-03-01
"AA-AA-000-0000","S11423","No","Study Procedures","Inclusion/Exclusion description",2012-03-01
"AA-AA-000-0000","S10555","No","Study Procedures","Inclusion/Exclusion description",2012-03-01
"AA-AA-000-0000","S21660","Yes","Missing Data","Inclusion/Exclusion description",2012-03-01
"AA-AA-000-0000","S23641","No","Study Procedures","Inclusion/Exclusion description",2012-03-01
"AA-AA-000-0000","S61163","No","Study Procedures","Inclusion/Exclusion description",2012-03-01
"AA-AA-000-0000","S73010","No","Exclusion Criteria","Inclusion/Exclusion description",2012-03-01
"AA-AA-000-0000","S29206","No","Study Procedures","Inclusion/Exclusion description",2012-03-01
"AA-AA-000-0000","S55728","Yes","Informed Consent","Inclusion/Exclusion description",2012-03-01
"AA-AA-000-0000","S50653","Yes","Missing Data","Inclusion/Exclusion description",2012-03-01
"AA-AA-000-0000","S49686","Yes","Exclusion Criteria","Inclusion/Exclusion description",2012-03-01
"AA-AA-000-0000","S13749","Yes","Missing Data","Inclusion/Exclusion description",2012-03-01
"AA-AA-000-0000","S63928","Yes","Study Procedures","Inclusion/Exclusion description",2012-03-01
"AA-AA-000-0000","S24389","No","Missing Data","Inclusion/Exclusion description",2012-03-01
"AA-AA-000-0000","S34559","No","Study Procedures","Inclusion/Exclusion description",2012-03-01
"AA-AA-000-0000","S96574","No","Informed Consent","Inclusion/Exclusion description",2012-03-01
"AA-AA-000-0000","S91112","No","Missing Data","Inclusion/Exclusion description",2012-03-01
"AA-AA-000-0000","S60570","Yes","Informed Consent","Inclusion/Exclusion description",2012-03-01
"AA-AA-000-0000","S9005","Yes","Informed Consent","Inclusion/Exclusion description",2012-03-01
"AA-AA-000-0000","S36728","Yes","Missing Data","Inclusion/Exclusion description",2012-03-01
"AA-AA-000-0000","S38629","Yes","Informed Consent","Inclusion/Exclusion description",2012-03-01
"AA-AA-000-0000","S47700","Yes","Study Procedures","Inclusion/Exclusion description",2012-03-01
"AA-AA-000-0000","S60833","No","Study Procedures","Inclusion/Exclusion description",2012-03-01
"AA-AA-000-0000","S80107","No","Missing Data","Inclusion/Exclusion description",2012-03-01
"AA-AA-000-0000","S55370","No","Missing Data","Inclusion/Exclusion description",2012-03-01
"AA-AA-000-0000","S42745","Yes","Study Procedures","Inclusion/Exclusion description",2012-03-01
"AA-AA-000-0000","S41126","Yes","Exclusion Criteria","Inclusion/Exclusion description",2012-03-01
"AA-AA-000-0000","S66365","No","Informed Consent","Inclusion/Exclusion description",2012-03-01
"AA-AA-000-0000","S73552","Yes","Inclusion Criteria","Inclusion/Exclusion description",2012-03-01
"AA-AA-000-0000","S64375","No","Informed Consent","Inclusion/Exclusion description",2012-03-01
"AA-AA-000-0000","S32051","Yes","Missing Data","Inclusion/Exclusion description",2012-03-01
"AA-AA-000-0000","S42343","No","Study Procedures","Inclusion/Exclusion description",2012-03-01
"AA-AA-000-0000","S43241","No","Informed Consent","Inclusion/Exclusion description",2012-03-01
"AA-AA-000-0000","S3548","No","Inclusion Criteria","Inclusion/Exclusion description",2012-03-01
"AA-AA-000-0000","S23553","No","Study Procedures","Inclusion/Exclusion description",2012-03-01
"AA-AA-000-0000","S25574","Yes","Study Procedures","Inclusion/Exclusion description",2012-03-01
"AA-AA-000-0000","S40145","Yes","Study Procedures","Inclusion/Exclusion description",2012-03-01
"AA-AA-000-0000","S6032","No","Missing Data","Inclusion/Exclusion description",2012-03-01
"AA-AA-000-0000","S46573","No","Study Procedures","Inclusion/Exclusion description",2012-03-01
"AA-AA-000-0000","S51380","No","Study Procedures","Inclusion/Exclusion description",2012-03-01
"AA-AA-000-0000","S25188","Yes","Missing Data","Inclusion/Exclusion description",2012-03-01
"AA-AA-000-0000","S71508","Yes","Study Procedures","Inclusion/Exclusion description",2012-03-01
"AA-AA-000-0000","S10555","Yes","Missing Data","Inclusion/Exclusion description",2012-03-01
"AA-AA-000-0000","S94352","Yes","Missing Data","Inclusion/Exclusion description",2012-03-01
"AA-AA-000-0000","S86198","No","Informed Consent","Inclusion/Exclusion description",2012-03-01
"AA-AA-000-0000","S47980","No","Missing Data","Inclusion/Exclusion description",2012-03-01
"AA-AA-000-0000","S78806","Yes","Missing Data","Inclusion/Exclusion description",2012-03-01
"AA-AA-000-0000","S56565","No","Informed Consent","Inclusion/Exclusion description",2012-03-01
"AA-AA-000-0000","S38785","Yes","Missing Data","Inclusion/Exclusion description",2012-03-01
"AA-AA-000-0000","S15521","Yes","Missing Data","Inclusion/Exclusion description",2012-03-01
"AA-AA-000-0000","S42753","Yes","Inclusion Criteria","Inclusion/Exclusion description",2012-03-01
"AA-AA-000-0000","S77607","Yes","Study Procedures","Inclusion/Exclusion description",2012-03-01
"AA-AA-000-0000","S34327","No","Study Procedures","Inclusion/Exclusion description",2012-03-01
"AA-AA-000-0000","S30183","Yes","Informed Consent","Inclusion/Exclusion description",2012-03-01
"AA-AA-000-0000","S13976","Yes","Informed Consent","Inclusion/Exclusion description",2012-03-01
"AA-AA-000-0000","S18183","No","Study Procedures","Inclusion/Exclusion description",2012-03-01
"AA-AA-000-0000","S69130","No","Informed Consent","Inclusion/Exclusion description",2012-03-01
"AA-AA-000-0000","S87145","No","Study Procedures","Inclusion/Exclusion description",2012-03-01
"AA-AA-000-0000","S23519","No","Informed Consent","Inclusion/Exclusion description",2012-03-01
"AA-AA-000-0000","S31403","No","Missing Data","Inclusion/Exclusion description",2012-03-01
"AA-AA-000-0000","S64520","Yes","Missing Data","Inclusion/Exclusion description",2012-03-01
"AA-AA-000-0000","S14046","No","Missing Data","Inclusion/Exclusion description",2012-03-01
"AA-AA-000-0000","S62190","No","Study Procedures","Inclusion/Exclusion description",2012-03-01
"AA-AA-000-0000","S91199","Yes","Missing Data","Inclusion/Exclusion description",2012-03-01
"AA-AA-000-0000","S87114","No","Informed Consent","Inclusion/Exclusion description",2012-03-01
"AA-AA-000-0000","S35234","No","Study Procedures","Inclusion/Exclusion description",2012-03-01
"AA-AA-000-0000","S57281","Yes","Study Procedures","Inclusion/Exclusion description",2012-03-01
"AA-AA-000-0000","S65083","Yes","Informed Consent","Inclusion/Exclusion description",2012-03-01
"AA-AA-000-0000","S51674","No","Study Procedures","Inclusion/Exclusion description",2012-03-01
"AA-AA-000-0000","S4201","Yes","Informed Consent","Inclusion/Exclusion description",2012-03-01
"AA-AA-000-0000","S38629","Yes","Missing Data","Inclusion/Exclusion description",2012-03-01
"AA-AA-000-0000","S13636","Yes","Study Procedures","Inclusion/Exclusion description",2012-03-01
"AA-AA-000-0000","S53623","No","Informed Consent","Inclusion/Exclusion description",2012-03-01
"AA-AA-000-0000","S66587","Yes","Informed Consent","Inclusion/Exclusion description",2012-03-01
"AA-AA-000-0000","S9617","No","Study Procedures","Inclusion/Exclusion description",2012-03-01
"AA-AA-000-0000","S34327","No","Missing Data","Inclusion/Exclusion description",2012-03-01
"AA-AA-000-0000","S91710","No","Informed Consent","Inclusion/Exclusion description",2012-03-01
"AA-AA-000-0000","S17064","No","Study Procedures","Inclusion/Exclusion description",2012-03-01
"AA-AA-000-0000","S91694","Yes","Study Procedures","Inclusion/Exclusion description",2012-03-01
"AA-AA-000-0000","S28760","No","Study Procedures","Inclusion/Exclusion description",2012-03-01
"AA-AA-000-0000","S19104","No","Informed Consent","Inclusion/Exclusion description",2012-03-01
"AA-AA-000-0000","S8126","Yes","Missing Data","Inclusion/Exclusion description",2012-03-01
"AA-AA-000-0000","S11029","No","Study Procedures","Inclusion/Exclusion description",2012-03-01
"AA-AA-000-0000","S25994","No","Study Procedures","Inclusion/Exclusion description",2012-03-01
"AA-AA-000-0000","S52047","No","Missing Data","Inclusion/Exclusion description",2012-03-01
"AA-AA-000-0000","S96757","No","Missing Data","Inclusion/Exclusion description",2012-03-01
"AA-AA-000-0000","S60588","No","Missing Data","Inclusion/Exclusion description",2012-03-01
"AA-AA-000-0000","S7201","No","Missing Data","Inclusion/Exclusion description",2012-03-01
"AA-AA-000-0000","S74901","No","Study Procedures","Inclusion/Exclusion description",2012-03-01
"AA-AA-000-0000","S48812","No","Study Procedures","Inclusion/Exclusion description",2012-03-01
"AA-AA-000-0000","S46976","No","Study Procedures","Inclusion/Exclusion description",2012-03-01
"AA-AA-000-0000","S84021","Yes","Informed Consent","Inclusion/Exclusion description",2012-03-01
"AA-AA-000-0000","S98839","No","Missing Data","Inclusion/Exclusion description",2012-03-01
"AA-AA-000-0000","S75216","Yes","Missing Data","Inclusion/Exclusion description",2012-03-01
"AA-AA-000-0000","S99639","No","Missing Data","Inclusion/Exclusion description",2012-03-01
"AA-AA-000-0000","S76424","Yes","Study Procedures","Inclusion/Exclusion description",2012-03-01
"AA-AA-000-0000","S69684","No","Study Procedures","Inclusion/Exclusion description",2012-03-01
"AA-AA-000-0000","S54677","Yes","Study Procedures","Inclusion/Exclusion description",2012-03-01
"AA-AA-000-0000","S91199","Yes","Informed Consent","Inclusion/Exclusion description",2012-03-01
"AA-AA-000-0000","S25574","No","Exclusion Criteria","Inclusion/Exclusion description",2012-03-01
"AA-AA-000-0000","S16470","Yes","Missing Data","Inclusion/Exclusion description",2012-03-01
"AA-AA-000-0000","S6022","Yes","Informed Consent","Inclusion/Exclusion description",2012-03-01
"AA-AA-000-0000","S22366","Yes","Informed Consent","Inclusion/Exclusion description",2012-03-01
"AA-AA-000-0000","S24778","Yes","Inclusion Criteria","Inclusion/Exclusion description",2012-03-01
"AA-AA-000-0000","S71069","No","Missing Data","Inclusion/Exclusion description",2012-03-01
"AA-AA-000-0000","S54437","No","Informed Consent","Inclusion/Exclusion description",2012-03-01
"AA-AA-000-0000","S10821","No","Informed Consent","Inclusion/Exclusion description",2012-03-01
"AA-AA-000-0000","S29729","Yes","Informed Consent","Inclusion/Exclusion description",2012-03-01
"AA-AA-000-0000","S97137","No","Missing Data","Inclusion/Exclusion description",2012-03-01
"AA-AA-000-0000","S82873","Yes","Missing Data","Inclusion/Exclusion description",2012-03-01
"AA-AA-000-0000","S13636","No","Inclusion Criteria","Inclusion/Exclusion description",2012-03-01
"AA-AA-000-0000","S28507","Yes","Informed Consent","Inclusion/Exclusion description",2012-03-01
"AA-AA-000-0000","S77607","No","Informed Consent","Inclusion/Exclusion description",2012-03-01
"AA-AA-000-0000","S53614","Yes","Missing Data","Inclusion/Exclusion description",2012-03-01
"AA-AA-000-0000","S9818","No","Inclusion Criteria","Inclusion/Exclusion description",2012-03-01
"AA-AA-000-0000","S23519","Yes","Missing Data","Inclusion/Exclusion description",2012-03-01
"AA-AA-000-0000","S27538","Yes","Informed Consent","Inclusion/Exclusion description",2012-03-01
"AA-AA-000-0000","S72738","Yes","Study Procedures","Inclusion/Exclusion description",2012-03-01
"AA-AA-000-0000","S58480","Yes","Exclusion Criteria","Inclusion/Exclusion description",2012-03-01
"AA-AA-000-0000","S61706","Yes","Missing Data","Inclusion/Exclusion description",2012-03-01
"AA-AA-000-0000","S68947","No","Study Procedures","Inclusion/Exclusion description",2012-03-01
"AA-AA-000-0000","S42745","Yes","Exclusion Criteria","Inclusion/Exclusion description",2012-03-01
"AA-AA-000-0000","S63016","Yes","Informed Consent","Inclusion/Exclusion description",2012-03-01
"AA-AA-000-0000","S46895","Yes","Missing Data","Inclusion/Exclusion description",2012-03-01
"AA-AA-000-0000","S59284","No","Informed Consent","Inclusion/Exclusion description",2012-03-01
"AA-AA-000-0000","S72238","No","Missing Data","Inclusion/Exclusion description",2012-03-01
"AA-AA-000-0000","S12454","No","Study Procedures","Inclusion/Exclusion description",2012-03-01
"AA-AA-000-0000","S10731","No","Study Procedures","Inclusion/Exclusion description",2012-03-01
"AA-AA-000-0000","S20468","Yes","Inclusion Criteria","Inclusion/Exclusion description",2012-03-01
"AA-AA-000-0000","S71929","No","Exclusion Criteria","Inclusion/Exclusion description",2012-03-01
"AA-AA-000-0000","S82537","No","Informed Consent","Inclusion/Exclusion description",2012-03-01
"AA-AA-000-0000","S69905","No","Missing Data","Inclusion/Exclusion description",2012-03-01
"AA-AA-000-0000","S59281","Yes","Inclusion Criteria","Inclusion/Exclusion description",2012-03-01
"AA-AA-000-0000","S46573","No","Missing Data","Inclusion/Exclusion description",2012-03-01
"AA-AA-000-0000","S69485","Yes","Informed Consent","Inclusion/Exclusion description",2012-03-01
"AA-AA-000-0000","S35737","Yes","Informed Consent","Inclusion/Exclusion description",2012-03-01
"AA-AA-000-0000","S61670","No","Exclusion Criteria","Inclusion/Exclusion description",2012-03-01
"AA-AA-000-0000","S50653","No","Study Procedures","Inclusion/Exclusion description",2012-03-01
"AA-AA-000-0000","S3546","No","Informed Consent","Inclusion/Exclusion description",2012-03-01
"AA-AA-000-0000","S47980","No","Study Procedures","Inclusion/Exclusion description",2012-03-01
"AA-AA-000-0000","S28082","No","Informed Consent","Inclusion/Exclusion description",2012-03-01
"AA-AA-000-0000","S74207","No","Study Procedures","Inclusion/Exclusion description",2012-03-01
"AA-AA-000-0000","S74728","Yes","Study Procedures","Inclusion/Exclusion description",2012-03-01
"AA-AA-000-0000","S13636","No","Informed Consent","Inclusion/Exclusion description",2012-03-01
"AA-AA-000-0000","S99475","Yes","Study Procedures","Inclusion/Exclusion description",2012-03-01
"AA-AA-000-0000","S19037","Yes","Study Procedures","Inclusion/Exclusion description",2012-03-01
"AA-AA-000-0000","S35306","No","Informed Consent","Inclusion/Exclusion description",2012-03-01
"AA-AA-000-0000","S56770","Yes","Study Procedures","Inclusion/Exclusion description",2012-03-01
"AA-AA-000-0000","S3285","No","Missing Data","Inclusion/Exclusion description",2012-03-01
"AA-AA-000-0000","S28612","Yes","Informed Consent","Inclusion/Exclusion description",2012-03-01
"AA-AA-000-0000","S99475","No","Inclusion Criteria","Inclusion/Exclusion description",2012-03-01
"AA-AA-000-0000","S7775","No","Study Procedures","Inclusion/Exclusion description",2012-03-01
"AA-AA-000-0000","S66500","No","Study Procedures","Inclusion/Exclusion description",2012-03-01
"AA-AA-000-0000","S43308","No","Missing Data","Inclusion/Exclusion description",2012-03-01
"AA-AA-000-0000","S97620","No","Study Procedures","Inclusion/Exclusion description",2012-03-01
"AA-AA-000-0000","S72124","Yes","Informed Consent","Inclusion/Exclusion description",2012-03-01
"AA-AA-000-0000","S10304","Yes","Study Procedures","Inclusion/Exclusion description",2012-03-01
"AA-AA-000-0000","S56444","Yes","Study Procedures","Inclusion/Exclusion description",2012-03-01
"AA-AA-000-0000","S54437","Yes","Missing Data","Inclusion/Exclusion description",2012-03-01
"AA-AA-000-0000","S43843","Yes","Informed Consent","Inclusion/Exclusion description",2012-03-01
"AA-AA-000-0000","S69884","No","Study Procedures","Inclusion/Exclusion description",2012-03-01
"AA-AA-000-0000","S10055","No","Informed Consent","Inclusion/Exclusion description",2012-03-01
"AA-AA-000-0000","S14201","Yes","Informed Consent","Inclusion/Exclusion description",2012-03-01
"AA-AA-000-0000","S85267","Yes","Study Procedures","Inclusion/Exclusion description",2012-03-01
"AA-AA-000-0000","S20392","No","Informed Consent","Inclusion/Exclusion description",2012-03-01
"AA-AA-000-0000","S44278","No","Inclusion Criteria","Inclusion/Exclusion description",2012-03-01
"AA-AA-000-0000","S71689","Yes","Informed Consent","Inclusion/Exclusion description",2012-03-01
"AA-AA-000-0000","S28296","No","Missing Data","Inclusion/Exclusion description",2012-03-01
"AA-AA-000-0000","S41608","No","Missing Data","Inclusion/Exclusion description",2012-03-01
"AA-AA-000-0000","S6762","Yes","Informed Consent","Inclusion/Exclusion description",2012-03-01
"AA-AA-000-0000","S16470","Yes","Missing Data","Inclusion/Exclusion description",2012-03-01
"AA-AA-000-0000","S543","Yes","Informed Consent","Inclusion/Exclusion description",2012-03-01
"AA-AA-000-0000","S70927","No","Missing Data","Inclusion/Exclusion description",2012-03-01
"AA-AA-000-0000","S78132","No","Study Procedures","Inclusion/Exclusion description",2012-03-01
"AA-AA-000-0000","S98419","No","Study Procedures","Inclusion/Exclusion description",2012-03-01
"AA-AA-000-0000","S384","Yes","Missing Data","Inclusion/Exclusion description",2012-03-01
"AA-AA-000-0000","S4606","Yes","Missing Data","Inclusion/Exclusion description",2012-03-01
"AA-AA-000-0000","S58783","No","Inclusion Criteria","Inclusion/Exclusion description",2012-03-01
"AA-AA-000-0000","S96707","No","Study Procedures","Inclusion/Exclusion description",2012-03-01
"AA-AA-000-0000","S78779","Yes","Missing Data","Inclusion/Exclusion description",2012-03-01
"AA-AA-000-0000","S66158","Yes","Missing Data","Inclusion/Exclusion description",2012-03-01
"AA-AA-000-0000","S10731","No","Informed Consent","Inclusion/Exclusion description",2012-03-01
"AA-AA-000-0000","S75548","Yes","Study Procedures","Inclusion/Exclusion description",2012-03-01
"AA-AA-000-0000","S71809","Yes","Missing Data","Inclusion/Exclusion description",2012-03-01
"AA-AA-000-0000","S96107","No","Missing Data","Inclusion/Exclusion description",2012-03-01
"AA-AA-000-0000","S66674","Yes","Study Procedures","Inclusion/Exclusion description",2012-03-01
"AA-AA-000-0000","S33394","No","Informed Consent","Inclusion/Exclusion description",2012-03-01
"AA-AA-000-0000","S89940","No","Study Procedures","Inclusion/Exclusion description",2012-03-01
"AA-AA-000-0000","S53623","No","Informed Consent","Inclusion/Exclusion description",2012-03-01
"AA-AA-000-0000","S17064","No","Missing Data","Inclusion/Exclusion description",2012-03-01
"AA-AA-000-0000","S81289","No","Missing Data","Inclusion/Exclusion description",2012-03-01
"AA-AA-000-0000","S8126","No","Study Procedures","Inclusion/Exclusion description",2012-03-01
"AA-AA-000-0000","S8070","Yes","Study Procedures","Inclusion/Exclusion description",2012-03-01
"AA-AA-000-0000","S28134","No","Inclusion Criteria","Inclusion/Exclusion description",2012-03-01
"AA-AA-000-0000","S52428","No","Study Procedures","Inclusion/Exclusion description",2012-03-01
"AA-AA-000-0000","S44278","No","Study Procedures","Inclusion/Exclusion description",2012-03-01
"AA-AA-000-0000","S18113","Yes","Informed Consent","Inclusion/Exclusion description",2012-03-01
"AA-AA-000-0000","S21162","No","Missing Data","Inclusion/Exclusion description",2012-03-01
"AA-AA-000-0000","S48812","Yes","Missing Data","Inclusion/Exclusion description",2012-03-01
"AA-AA-000-0000","S437","No","Informed Consent","Inclusion/Exclusion description",2012-03-01
"AA-AA-000-0000","S68220","Yes","Exclusion Criteria","Inclusion/Exclusion description",2012-03-01
"AA-AA-000-0000","S50531","Yes","Missing Data","Inclusion/Exclusion description",2012-03-01
"AA-AA-000-0000","S543","Yes","Missing Data","Inclusion/Exclusion description",2012-03-01
"AA-AA-000-0000","S90630","No","Informed Consent","Inclusion/Exclusion description",2012-03-01
"AA-AA-000-0000","S23573","No","Missing Data","Inclusion/Exclusion description",2012-03-01
"AA-AA-000-0000","S79443","No","Informed Consent","Inclusion/Exclusion description",2012-03-01
"AA-AA-000-0000","S3285","Yes","Missing Data","Inclusion/Exclusion description",2012-03-01
"AA-AA-000-0000","S56565","No","Study Procedures","Inclusion/Exclusion description",2012-03-01
"AA-AA-000-0000","S13662","Yes","Missing Data","Inclusion/Exclusion description",2012-03-01
"AA-AA-000-0000","S62825","No","Study Procedures","Inclusion/Exclusion description",2012-03-01
"AA-AA-000-0000","S34163","No","Missing Data","Inclusion/Exclusion description",2012-03-01
"AA-AA-000-0000","S33945","No","Missing Data","Inclusion/Exclusion description",2012-03-01
"AA-AA-000-0000","S2143","No","Missing Data","Inclusion/Exclusion description",2012-03-01
"AA-AA-000-0000","S82738","No","Informed Consent","Inclusion/Exclusion description",2012-03-01
"AA-AA-000-0000","S3221","Yes","Missing Data","Inclusion/Exclusion description",2012-03-01
"AA-AA-000-0000","S50779","No","Inclusion Criteria","Inclusion/Exclusion description",2012-03-01
"AA-AA-000-0000","S39820","Yes","Study Procedures","Inclusion/Exclusion description",2012-03-01
"AA-AA-000-0000","S10169","No","Missing Data","Inclusion/Exclusion description",2012-03-01
"AA-AA-000-0000","S89722","Yes","Informed Consent","Inclusion/Exclusion description",2012-03-01
"AA-AA-000-0000","S9617","Yes","Missing Data","Inclusion/Exclusion description",2012-03-01
"AA-AA-000-0000","S35737","Yes","Informed Consent","Inclusion/Exclusion description",2012-03-01
"AA-AA-000-0000","S53855","No","Informed Consent","Inclusion/Exclusion description",2012-03-01
"AA-AA-000-0000","S66061","No","Informed Consent","Inclusion/Exclusion description",2012-03-01
"AA-AA-000-0000","S90630","Yes","Study Procedures","Inclusion/Exclusion description",2012-03-01
"AA-AA-000-0000","S59666","Yes","Missing Data","Inclusion/Exclusion description",2012-03-01
"AA-AA-000-0000","S46390","Yes","Missing Data","Inclusion/Exclusion description",2012-03-01
"AA-AA-000-0000","S86198","Yes","Informed Consent","Inclusion/Exclusion description",2012-03-01
"AA-AA-000-0000","S51782","Yes","Informed Consent","Inclusion/Exclusion description",2012-03-01
"AA-AA-000-0000","S36728","No","Informed Consent","Inclusion/Exclusion description",2012-03-01
"AA-AA-000-0000","S25190","Yes","Informed Consent","Inclusion/Exclusion description",2012-03-01
"AA-AA-000-0000","S67292","Yes","Exclusion Criteria","Inclusion/Exclusion description",2012-03-01
"AA-AA-000-0000","S28149","No","Informed Consent","Inclusion/Exclusion description",2012-03-01
"AA-AA-000-0000","S12836","No","Exclusion Criteria","Inclusion/Exclusion description",2012-03-01
"AA-AA-000-0000","S78571","No","Missing Data","Inclusion/Exclusion description",2012-03-01
"AA-AA-000-0000","S85521","No","Missing Data","Inclusion/Exclusion description",2012-03-01
"AA-AA-000-0000","S50927","Yes","Missing Data","Inclusion/Exclusion description",2012-03-01
"AA-AA-000-0000","S82537","No","Inclusion Criteria","Inclusion/Exclusion description",2012-03-01
"AA-AA-000-0000","S32416","Yes","Missing Data","Inclusion/Exclusion description",2012-03-01
"AA-AA-000-0000","S82738","No","Missing Data","Inclusion/Exclusion description",2012-03-01
"AA-AA-000-0000","S19608","No","Missing Data","Inclusion/Exclusion description",2012-03-01
"AA-AA-000-0000","S25649","No","Missing Data","Inclusion/Exclusion description",2012-03-01
"AA-AA-000-0000","S30086","No","Study Procedures","Inclusion/Exclusion description",2012-03-01
"AA-AA-000-0000","S47665","Yes","Informed Consent","Inclusion/Exclusion description",2012-03-01
"AA-AA-000-0000","S88566","Yes","Informed Consent","Inclusion/Exclusion description",2012-03-01
"AA-AA-000-0000","S67390","Yes","Study Procedures","Inclusion/Exclusion description",2012-03-01
"AA-AA-000-0000","S30924","No","Study Procedures","Inclusion/Exclusion description",2012-03-01
"AA-AA-000-0000","S90674","No","Informed Consent","Inclusion/Exclusion description",2012-03-01
"AA-AA-000-0000","S46425","No","Informed Consent","Inclusion/Exclusion description",2012-03-01
"AA-AA-000-0000","S79759","No","Missing Data","Inclusion/Exclusion description",2012-03-01
"AA-AA-000-0000","S86180","No","Missing Data","Inclusion/Exclusion description",2012-03-01
"AA-AA-000-0000","S80235","No","Study Procedures","Inclusion/Exclusion description",2012-03-01
"AA-AA-000-0000","S71658","No","Study Procedures","Inclusion/Exclusion description",2012-03-01
"AA-AA-000-0000","S82537","No","Study Procedures","Inclusion/Exclusion description",2012-03-01
"AA-AA-000-0000","S82706","No","Study Procedures","Inclusion/Exclusion description",2012-03-01
"AA-AA-000-0000","S30141","No","Study Procedures","Inclusion/Exclusion description",2012-03-01
"AA-AA-000-0000","S38745","No","Study Procedures","Inclusion/Exclusion description",2012-03-01
"AA-AA-000-0000","S1524","No","Missing Data","Inclusion/Exclusion description",2012-03-01
"AA-AA-000-0000","S349","Yes","Missing Data","Inclusion/Exclusion description",2012-03-01
"AA-AA-000-0000","S66721","Yes","Informed Consent","Inclusion/Exclusion description",2012-03-01
"AA-AA-000-0000","S50790","Yes","Missing Data","Inclusion/Exclusion description",2012-03-01
"AA-AA-000-0000","S62097","Yes","Informed Consent","Inclusion/Exclusion description",2012-03-01
"AA-AA-000-0000","S28476","No","Missing Data","Inclusion/Exclusion description",2012-03-01
"AA-AA-000-0000","S4064","No","Missing Data","Inclusion/Exclusion description",2012-03-01
"AA-AA-000-0000","S34053","Yes","Missing Data","Inclusion/Exclusion description",2012-03-01
"AA-AA-000-0000","S89464","Yes","Informed Consent","Inclusion/Exclusion description",2012-03-01
"AA-AA-000-0000","S50437","Yes","Study Procedures","Inclusion/Exclusion description",2012-03-01
"AA-AA-000-0000","S10308","No","Informed Consent","Inclusion/Exclusion description",2012-03-01
"AA-AA-000-0000","S48158","Yes","Missing Data","Inclusion/Exclusion description",2012-03-01
"AA-AA-000-0000","S70286","Yes","Missing Data","Inclusion/Exclusion description",2012-03-01
"AA-AA-000-0000","S75216","No","Study Procedures","Inclusion/Exclusion description",2012-03-01
"AA-AA-000-0000","S12584","No","Informed Consent","Inclusion/Exclusion description",2012-03-01
"AA-AA-000-0000","S61242","No","Inclusion Criteria","Inclusion/Exclusion description",2012-03-01
"AA-AA-000-0000","S543","Yes","Missing Data","Inclusion/Exclusion description",2012-03-01
"AA-AA-000-0000","S26943","No","Inclusion Criteria","Inclusion/Exclusion description",2012-03-01
"AA-AA-000-0000","S96574","No","Informed Consent","Inclusion/Exclusion description",2012-03-01
"AA-AA-000-0000","S85405","No","Informed Consent","Inclusion/Exclusion description",2012-03-01
"AA-AA-000-0000","S21703","Yes","Informed Consent","Inclusion/Exclusion description",2012-03-01
"AA-AA-000-0000","S36886","Yes","Study Procedures","Inclusion/Exclusion description",2012-03-01
"AA-AA-000-0000","S91542","Yes","Missing Data","Inclusion/Exclusion description",2012-03-01
"AA-AA-000-0000","S13860","Yes","Missing Data","Inclusion/Exclusion description",2012-03-01
"AA-AA-000-0000","S5702","Yes","Informed Consent","Inclusion/Exclusion description",2012-03-01
"AA-AA-000-0000","S48158","Yes","Informed Consent","Inclusion/Exclusion description",2012-03-01
"AA-AA-000-0000","S28507","No","Study Procedures","Inclusion/Exclusion description",2012-03-01
"AA-AA-000-0000","S44700","No","Study Procedures","Inclusion/Exclusion description",2012-03-01
"AA-AA-000-0000","S59956","Yes","Informed Consent","Inclusion/Exclusion description",2012-03-01
"AA-AA-000-0000","S66618","No","Informed Consent","Inclusion/Exclusion description",2012-03-01
"AA-AA-000-0000","S31222","No","Informed Consent","Inclusion/Exclusion description",2012-03-01
"AA-AA-000-0000","S53524","Yes","Study Procedures","Inclusion/Exclusion description",2012-03-01
"AA-AA-000-0000","S69238","No","Study Procedures","Inclusion/Exclusion description",2012-03-01
"AA-AA-000-0000","S29729","No","Missing Data","Inclusion/Exclusion description",2012-03-01
"AA-AA-000-0000","S41976","Yes","Missing Data","Inclusion/Exclusion description",2012-03-01
"AA-AA-000-0000","S55631","No","Study Procedures","Inclusion/Exclusion description",2012-03-01
"AA-AA-000-0000","S1000","No","Informed Consent","Inclusion/Exclusion description",2012-03-01
"AA-AA-000-0000","S24790","Yes","Missing Data","Inclusion/Exclusion description",2012-03-01
"AA-AA-000-0000","S34327","Yes","Informed Consent","Inclusion/Exclusion description",2012-03-01
"AA-AA-000-0000","S35050","No","Missing Data","Inclusion/Exclusion description",2012-03-01
"AA-AA-000-0000","S15030","No","Exclusion Criteria","Inclusion/Exclusion description",2012-03-01
"AA-AA-000-0000","S46333","Yes","Study Procedures","Inclusion/Exclusion description",2012-03-01
"AA-AA-000-0000","S78539","Yes","Study Procedures","Inclusion/Exclusion description",2012-03-01
"AA-AA-000-0000","S96425","Yes","Missing Data","Inclusion/Exclusion description",2012-03-01
"AA-AA-000-0000","S17427","No","Missing Data","Inclusion/Exclusion description",2012-03-01
"AA-AA-000-0000","S66031","No","Informed Consent","Inclusion/Exclusion description",2012-03-01
"AA-AA-000-0000","S38737","Yes","Missing Data","Inclusion/Exclusion description",2012-03-01
"AA-AA-000-0000","S31674","No","Informed Consent","Inclusion/Exclusion description",2012-03-01
"AA-AA-000-0000","S95245","Yes","Informed Consent","Inclusion/Exclusion description",2012-03-01
"AA-AA-000-0000","S52968","Yes","Informed Consent","Inclusion/Exclusion description",2012-03-01
"AA-AA-000-0000","S43843","Yes","Study Procedures","Inclusion/Exclusion description",2012-03-01
"AA-AA-000-0000","S57281","Yes","Missing Data","Inclusion/Exclusion description",2012-03-01
"AA-AA-000-0000","S20971","Yes","Study Procedures","Inclusion/Exclusion description",2012-03-01
"AA-AA-000-0000","S69740","Yes","Missing Data","Inclusion/Exclusion description",2012-03-01
"AA-AA-000-0000","S94643","Yes","Study Procedures","Inclusion/Exclusion description",2012-03-01
"AA-AA-000-0000","S46976","Yes","Study Procedures","Inclusion/Exclusion description",2012-03-01
"AA-AA-000-0000","S13976","Yes","Study Procedures","Inclusion/Exclusion description",2012-03-01
"AA-AA-000-0000","S91652","No","Missing Data","Inclusion/Exclusion description",2012-03-01
"AA-AA-000-0000","S78552","Yes","Missing Data","Inclusion/Exclusion description",2012-03-01
"AA-AA-000-0000","S69884","No","Missing Data","Inclusion/Exclusion description",2012-03-01
"AA-AA-000-0000","S91008","No","Study Procedures","Inclusion/Exclusion description",2012-03-01
"AA-AA-000-0000","S66587","No","Study Procedures","Inclusion/Exclusion description",2012-03-01
"AA-AA-000-0000","S87138","No","Study Procedures","Inclusion/Exclusion description",2012-03-01
"AA-AA-000-0000","S42751","No","Study Procedures","Inclusion/Exclusion description",2012-03-01
"AA-AA-000-0000","S56026","Yes","Exclusion Criteria","Inclusion/Exclusion description",2012-03-01
"AA-AA-000-0000","S4781","No","Informed Consent","Inclusion/Exclusion description",2012-03-01
"AA-AA-000-0000","S28476","No","Missing Data","Inclusion/Exclusion description",2012-03-01
"AA-AA-000-0000","S73552","Yes","Missing Data","Inclusion/Exclusion description",2012-03-01
"AA-AA-000-0000","S63009","Yes","Inclusion Criteria","Inclusion/Exclusion description",2012-03-01
"AA-AA-000-0000","S36810","No","Study Procedures","Inclusion/Exclusion description",2012-03-01
"AA-AA-000-0000","S95918","No","Informed Consent","Inclusion/Exclusion description",2012-03-01
"AA-AA-000-0000","S49600","Yes","Missing Data","Inclusion/Exclusion description",2012-03-01
"AA-AA-000-0000","S10712","No","Informed Consent","Inclusion/Exclusion description",2012-03-01
"AA-AA-000-0000","S8070","No","Study Procedures","Inclusion/Exclusion description",2012-03-01
"AA-AA-000-0000","S36576","Yes","Study Procedures","Inclusion/Exclusion description",2012-03-01
"AA-AA-000-0000","S34327","Yes","Informed Consent","Inclusion/Exclusion description",2012-03-01
"AA-AA-000-0000","S4476","No","Missing Data","Inclusion/Exclusion description",2012-03-01
"AA-AA-000-0000","S93954","No","Inclusion Criteria","Inclusion/Exclusion description",2012-03-01
"AA-AA-000-0000","S9553","Yes","Missing Data","Inclusion/Exclusion description",2012-03-01
"AA-AA-000-0000","S63009","Yes","Study Procedures","Inclusion/Exclusion description",2012-03-01
"AA-AA-000-0000","S97597","No","Missing Data","Inclusion/Exclusion description",2012-03-01
"AA-AA-000-0000","S32854","No","Informed Consent","Inclusion/Exclusion description",2012-03-01
"AA-AA-000-0000","S51092","Yes","Missing Data","Inclusion/Exclusion description",2012-03-01
"AA-AA-000-0000","S52444","Yes","Informed Consent","Inclusion/Exclusion description",2012-03-01
"AA-AA-000-0000","S91112","Yes","Informed Consent","Inclusion/Exclusion description",2012-03-01
"AA-AA-000-0000","S90862","No","Study Procedures","Inclusion/Exclusion description",2012-03-01
"AA-AA-000-0000","S62097","No","Missing Data","Inclusion/Exclusion description",2012-03-01
"AA-AA-000-0000","S86219","No","Missing Data","Inclusion/Exclusion description",2012-03-01
"AA-AA-000-0000","S30755","Yes","Missing Data","Inclusion/Exclusion description",2012-03-01
"AA-AA-000-0000","S71809","Yes","Inclusion Criteria","Inclusion/Exclusion description",2012-03-01
"AA-AA-000-0000","S78779","Yes","Missing Data","Inclusion/Exclusion description",2012-03-01
"AA-AA-000-0000","S98201","Yes","Informed Consent","Inclusion/Exclusion description",2012-03-01
"AA-AA-000-0000","S3546","No","Study Procedures","Inclusion/Exclusion description",2012-03-01
"AA-AA-000-0000","S79759","Yes","Missing Data","Inclusion/Exclusion description",2012-03-01
"AA-AA-000-0000","S45628","No","Missing Data","Inclusion/Exclusion description",2012-03-01
"AA-AA-000-0000","S51782","No","Study Procedures","Inclusion/Exclusion description",2012-03-01
"AA-AA-000-0000","S43465","Yes","Informed Consent","Inclusion/Exclusion description",2012-03-01
"AA-AA-000-0000","S9192","Yes","Informed Consent","Inclusion/Exclusion description",2012-03-01
"AA-AA-000-0000","S61706","Yes","Informed Consent","Inclusion/Exclusion description",2012-03-01
"AA-AA-000-0000","S35058","No","Missing Data","Inclusion/Exclusion description",2012-03-01
"AA-AA-000-0000","S19484","No","Missing Data","Inclusion/Exclusion description",2012-03-01
"AA-AA-000-0000","S4719","No","Study Procedures","Inclusion/Exclusion description",2012-03-01
"AA-AA-000-0000","S63016","No","Informed Consent","Inclusion/Exclusion description",2012-03-01
"AA-AA-000-0000","S21561","No","Informed Consent","Inclusion/Exclusion description",2012-03-01
"AA-AA-000-0000","S75016","No","Study Procedures","Inclusion/Exclusion description",2012-03-01
"AA-AA-000-0000","S31674","Yes","Missing Data","Inclusion/Exclusion description",2012-03-01
"AA-AA-000-0000","S20971","Yes","Study Procedures","Inclusion/Exclusion description",2012-03-01
"AA-AA-000-0000","S14454","No","Missing Data","Inclusion/Exclusion description",2012-03-01
"AA-AA-000-0000","S2826","Yes","Missing Data","Inclusion/Exclusion description",2012-03-01
"AA-AA-000-0000","S90455","No","Missing Data","Inclusion/Exclusion description",2012-03-01
"AA-AA-000-0000","S5680","No","Study Procedures","Inclusion/Exclusion description",2012-03-01
"AA-AA-000-0000","S9051","No","Informed Consent","Inclusion/Exclusion description",2012-03-01
"AA-AA-000-0000","S84391","No","Study Procedures","Inclusion/Exclusion description",2012-03-01
"AA-AA-000-0000","S27498","No","Missing Data","Inclusion/Exclusion description",2012-03-01
"AA-AA-000-0000","S12234","Yes","Study Procedures","Inclusion/Exclusion description",2012-03-01
"AA-AA-000-0000","S38814","No","Informed Consent","Inclusion/Exclusion description",2012-03-01
"AA-AA-000-0000","S96749","No","Informed Consent","Inclusion/Exclusion description",2012-03-01
"AA-AA-000-0000","S91185","No","Missing Data","Inclusion/Exclusion description",2012-03-01
"AA-AA-000-0000","S35834","No","Study Procedures","Inclusion/Exclusion description",2012-03-01
"AA-AA-000-0000","S20468","No","Study Procedures","Inclusion/Exclusion description",2012-03-01
"AA-AA-000-0000","S40167","Yes","Missing Data","Inclusion/Exclusion description",2012-03-01
"AA-AA-000-0000","S97790","No","Informed Consent","Inclusion/Exclusion description",2012-03-01
"AA-AA-000-0000","S37158","Yes","Informed Consent","Inclusion/Exclusion description",2012-03-01
"AA-AA-000-0000","S30541","Yes","Missing Data","Inclusion/Exclusion description",2012-03-01
"AA-AA-000-0000","S79388","Yes","Study Procedures","Inclusion/Exclusion description",2012-03-01
"AA-AA-000-0000","S28579","Yes","Informed Consent","Inclusion/Exclusion description",2012-03-01
"AA-AA-000-0000","S64268","No","Study Procedures","Inclusion/Exclusion description",2012-03-01
"AA-AA-000-0000","S31987","No","Informed Consent","Inclusion/Exclusion description",2012-03-01
"AA-AA-000-0000","S83282","No","Informed Consent","Inclusion/Exclusion description",2012-03-01
"AA-AA-000-0000","S91542","No","Missing Data","Inclusion/Exclusion description",2012-03-01
"AA-AA-000-0000","S72328","No","Informed Consent","Inclusion/Exclusion description",2012-03-01
"AA-AA-000-0000","S45628","No","Study Procedures","Inclusion/Exclusion description",2012-03-01
"AA-AA-000-0000","S66061","No","Exclusion Criteria","Inclusion/Exclusion description",2012-03-01
"AA-AA-000-0000","S2293","Yes","Missing Data","Inclusion/Exclusion description",2012-03-01
"AA-AA-000-0000","S37223","No","Study Procedures","Inclusion/Exclusion description",2012-03-01
"AA-AA-000-0000","S63016","No","Exclusion Criteria","Inclusion/Exclusion description",2012-03-01
"AA-AA-000-0000","S42353","No","Missing Data","Inclusion/Exclusion description",2012-03-01
"AA-AA-000-0000","S90150","No","Informed Consent","Inclusion/Exclusion description",2012-03-01
"AA-AA-000-0000","S41703","Yes","Study Procedures","Inclusion/Exclusion description",2012-03-01
"AA-AA-000-0000","S61706","Yes","Informed Consent","Inclusion/Exclusion description",2012-03-01
"AA-AA-000-0000","S3285","Yes","Study Procedures","Inclusion/Exclusion description",2012-03-01
"AA-AA-000-0000","S47665","No","Study Procedures","Inclusion/Exclusion description",2012-03-01
"AA-AA-000-0000","S15985","Yes","Missing Data","Inclusion/Exclusion description",2012-03-01
"AA-AA-000-0000","S66587","Yes","Informed Consent","Inclusion/Exclusion description",2012-03-01
"AA-AA-000-0000","S82502","No","Study Procedures","Inclusion/Exclusion description",2012-03-01
"AA-AA-000-0000","S43308","No","Missing Data","Inclusion/Exclusion description",2012-03-01
"AA-AA-000-0000","S69238","No","Missing Data","Inclusion/Exclusion description",2012-03-01
"AA-AA-000-0000","S21491","Yes","Study Procedures","Inclusion/Exclusion description",2012-03-01
"AA-AA-000-0000","S48813","Yes","Study Procedures","Inclusion/Exclusion description",2012-03-01
"AA-AA-000-0000","S69684","Yes","Missing Data","Inclusion/Exclusion description",2012-03-01
"AA-AA-000-0000","S38745","Yes","Informed Consent","Inclusion/Exclusion description",2012-03-01
"AA-AA-000-0000","S89722","Yes","Missing Data","Inclusion/Exclusion description",2012-03-01
"AA-AA-000-0000","S13775","Yes","Informed Consent","Inclusion/Exclusion description",2012-03-01
"AA-AA-000-0000","S97137","Yes","Missing Data","Inclusion/Exclusion description",2012-03-01
"AA-AA-000-0000","S78806","No","Missing Data","Inclusion/Exclusion description",2012-03-01
"AA-AA-000-0000","S52377","Yes","Informed Consent","Inclusion/Exclusion description",2012-03-01
"AA-AA-000-0000","S349","Yes","Informed Consent","Inclusion/Exclusion description",2012-03-01
"AA-AA-000-0000","S31582","Yes","Exclusion Criteria","Inclusion/Exclusion description",2012-03-01
"AA-AA-000-0000","S64254","No","Informed Consent","Inclusion/Exclusion description",2012-03-01
"AA-AA-000-0000","S29136","Yes","Informed Consent","Inclusion/Exclusion description",2012-03-01
"AA-AA-000-0000","S40230","Yes","Informed Consent","Inclusion/Exclusion description",2012-03-01
"AA-AA-000-0000","S61441","No","Informed Consent","Inclusion/Exclusion description",2012-03-01
"AA-AA-000-0000","S51700","No","Study Procedures","Inclusion/Exclusion description",2012-03-01
"AA-AA-000-0000","S93954","Yes","Informed Consent","Inclusion/Exclusion description",2012-03-01
"AA-AA-000-0000","S79388","No","Informed Consent","Inclusion/Exclusion description",2012-03-01
"AA-AA-000-0000","S33697","No","Study Procedures","Inclusion/Exclusion description",2012-03-01
"AA-AA-000-0000","S4201","No","Missing Data","Inclusion/Exclusion description",2012-03-01
"AA-AA-000-0000","S23054","Yes","Missing Data","Inclusion/Exclusion description",2012-03-01
"AA-AA-000-0000","S91694","Yes","Study Procedures","Inclusion/Exclusion description",2012-03-01
"AA-AA-000-0000","S86977","Yes","Study Procedures","Inclusion/Exclusion description",2012-03-01
"AA-AA-000-0000","S30329","Yes","Informed Consent","Inclusion/Exclusion description",2012-03-01
"AA-AA-000-0000","S29884","Yes","Study Procedures","Inclusion/Exclusion description",2012-03-01
"AA-AA-000-0000","S66327","Yes","Informed Consent","Inclusion/Exclusion description",2012-03-01
"AA-AA-000-0000","S51700","No","Informed Consent","Inclusion/Exclusion description",2012-03-01
"AA-AA-000-0000","S80827","Yes","Study Procedures","Inclusion/Exclusion description",2012-03-01
"AA-AA-000-0000","S35719","No","Exclusion Criteria","Inclusion/Exclusion description",2012-03-01
"AA-AA-000-0000","S52552","No","Missing Data","Inclusion/Exclusion description",2012-03-01
"AA-AA-000-0000","S44055","Yes","Missing Data","Inclusion/Exclusion description",2012-03-01
"AA-AA-000-0000","S64268","Yes","Inclusion Criteria","Inclusion/Exclusion description",2012-03-01
"AA-AA-000-0000","S74207","No","Informed Consent","Inclusion/Exclusion description",2012-03-01
"AA-AA-000-0000","S50135","Yes","Study Procedures","Inclusion/Exclusion description",2012-03-01
"AA-AA-000-0000","S30541","Yes","Missing Data","Inclusion/Exclusion description",2012-03-01
"AA-AA-000-0000","S25289","No","Informed Consent","Inclusion/Exclusion description",2012-03-01
"AA-AA-000-0000","S76424","Yes","Missing Data","Inclusion/Exclusion description",2012-03-01
"AA-AA-000-0000","S73984","Yes","Informed Consent","Inclusion/Exclusion description",2012-03-01
"AA-AA-000-0000","S56565","No","Missing Data","Inclusion/Exclusion description",2012-03-01
"AA-AA-000-0000","S36576","Yes","Missing Data","Inclusion/Exclusion description",2012-03-01
"AA-AA-000-0000","S28235","Yes","Study Procedures","Inclusion/Exclusion description",2012-03-01
"AA-AA-000-0000","S88436","No","Study Procedures","Inclusion/Exclusion description",2012-03-01
"AA-AA-000-0000","S32148","No","Informed Consent","Inclusion/Exclusion description",2012-03-01
"AA-AA-000-0000","S97597","Yes","Informed Consent","Inclusion/Exclusion description",2012-03-01
"AA-AA-000-0000","S84848","Yes","Informed Consent","Inclusion/Exclusion description",2012-03-01
"AA-AA-000-0000","S60833","Yes","Missing Data","Inclusion/Exclusion description",2012-03-01
"AA-AA-000-0000","S60833","Yes","Study Procedures","Inclusion/Exclusion description",2012-03-01
"AA-AA-000-0000","S17026","Yes","Study Procedures","Inclusion/Exclusion description",2012-03-01
"AA-AA-000-0000","S25947","No","Inclusion Criteria","Inclusion/Exclusion description",2012-03-01
"AA-AA-000-0000","S25117","Yes","Informed Consent","Inclusion/Exclusion description",2012-03-01
"AA-AA-000-0000","S89940","No","Informed Consent","Inclusion/Exclusion description",2012-03-01
"AA-AA-000-0000","S46204","No","Informed Consent","Inclusion/Exclusion description",2012-03-01
"AA-AA-000-0000","S82408","Yes","Informed Consent","Inclusion/Exclusion description",2012-03-01
"AA-AA-000-0000","S34559","No","Informed Consent","Inclusion/Exclusion description",2012-03-01
"AA-AA-000-0000","S47431","No","Study Procedures","Inclusion/Exclusion description",2012-03-01
"AA-AA-000-0000","S36886","Yes","Missing Data","Inclusion/Exclusion description",2012-03-01
"AA-AA-000-0000","S21158","Yes","Exclusion Criteria","Inclusion/Exclusion description",2012-03-01
"AA-AA-000-0000","S2517","No","Informed Consent","Inclusion/Exclusion description",2012-03-01
"AA-AA-000-0000","S91008","Yes","Study Procedures","Inclusion/Exclusion description",2012-03-01
"AA-AA-000-0000","S41298","Yes","Study Procedures","Inclusion/Exclusion description",2012-03-01
"AA-AA-000-0000","S15985","No","Study Procedures","Inclusion/Exclusion description",2012-03-01
"AA-AA-000-0000","S87138","No","Missing Data","Inclusion/Exclusion description",2012-03-01
"AA-AA-000-0000","S24661","No","Exclusion Criteria","Inclusion/Exclusion description",2012-03-01
"AA-AA-000-0000","S72389","No","Informed Consent","Inclusion/Exclusion description",2012-03-01
"AA-AA-000-0000","S4787","Yes","Study Procedures","Inclusion/Exclusion description",2012-03-01
"AA-AA-000-0000","S29578","Yes","Informed Consent","Inclusion/Exclusion description",2012-03-01
"AA-AA-000-0000","S29884","No","Missing Data","Inclusion/Exclusion description",2012-03-01
"AA-AA-000-0000","S93299","No","Missing Data","Inclusion/Exclusion description",2012-03-01
"AA-AA-000-0000","S11526","No","Informed Consent","Inclusion/Exclusion description",2012-03-01
"AA-AA-000-0000","S18113","No","Study Procedures","Inclusion/Exclusion description",2012-03-01
"AA-AA-000-0000","S56125","Yes","Missing Data","Inclusion/Exclusion description",2012-03-01
"AA-AA-000-0000","S38745","No","Informed Consent","Inclusion/Exclusion description",2012-03-01
"AA-AA-000-0000","S29977","Yes","Informed Consent","Inclusion/Exclusion description",2012-03-01
"AA-AA-000-0000","S69905","Yes","Informed Consent","Inclusion/Exclusion description",2012-03-01
"AA-AA-000-0000","S31222","No","Study Procedures","Inclusion/Exclusion description",2012-03-01
"AA-AA-000-0000","S91008","No","Missing Data","Inclusion/Exclusion description",2012-03-01
"AA-AA-000-0000","S37519","No","Missing Data","Inclusion/Exclusion description",2012-03-01
"AA-AA-000-0000","S40844","Yes","Study Procedures","Inclusion/Exclusion description",2012-03-01
"AA-AA-000-0000","S96757","Yes","Informed Consent","Inclusion/Exclusion description",2012-03-01
"AA-AA-000-0000","S75527","Yes","Missing Data","Inclusion/Exclusion description",2012-03-01
"AA-AA-000-0000","S384","No","Missing Data","Inclusion/Exclusion description",2012-03-01
"AA-AA-000-0000","S69740","No","Missing Data","Inclusion/Exclusion description",2012-03-01
"AA-AA-000-0000","S71658","No","Missing Data","Inclusion/Exclusion description",2012-03-01
"AA-AA-000-0000","S84021","Yes","Missing Data","Inclusion/Exclusion description",2012-03-01
"AA-AA-000-0000","S36814","No","Informed Consent","Inclusion/Exclusion description",2012-03-01
"AA-AA-000-0000","S51092","Yes","Informed Consent","Inclusion/Exclusion description",2012-03-01
"AA-AA-000-0000","S14454","No","Informed Consent","Inclusion/Exclusion description",2012-03-01
"AA-AA-000-0000","S22140","No","Study Procedures","Inclusion/Exclusion description",2012-03-01
"AA-AA-000-0000","S13100","No","Informed Consent","Inclusion/Exclusion description",2012-03-01
"AA-AA-000-0000","S76871","No","Study Procedures","Inclusion/Exclusion description",2012-03-01
"AA-AA-000-0000","S90331","Yes","Missing Data","Inclusion/Exclusion description",2012-03-01
"AA-AA-000-0000","S17055","No","Missing Data","Inclusion/Exclusion description",2012-03-01
"AA-AA-000-0000","S58717","No","Informed Consent","Inclusion/Exclusion description",2012-03-01
"AA-AA-000-0000","S79019","No","Missing Data","Inclusion/Exclusion description",2012-03-01
"AA-AA-000-0000","S51408","No","Study Procedures","Inclusion/Exclusion description",2012-03-01
"AA-AA-000-0000","S19368","Yes","Missing Data","Inclusion/Exclusion description",2012-03-01
"AA-AA-000-0000","S11205","Yes","Inclusion Criteria","Inclusion/Exclusion description",2012-03-01
"AA-AA-000-0000","S72738","Yes","Missing Data","Inclusion/Exclusion description",2012-03-01
"AA-AA-000-0000","S73021","Yes","Study Procedures","Inclusion/Exclusion description",2012-03-01
"AA-AA-000-0000","S40230","Yes","Informed Consent","Inclusion/Exclusion description",2012-03-01
"AA-AA-000-0000","S82517","No","Study Procedures","Inclusion/Exclusion description",2012-03-01
"AA-AA-000-0000","S86409","Yes","Missing Data","Inclusion/Exclusion description",2012-03-01
"AA-AA-000-0000","S74728","No","Missing Data","Inclusion/Exclusion description",2012-03-01
"AA-AA-000-0000","S20971","Yes","Informed Consent","Inclusion/Exclusion description",2012-03-01
"AA-AA-000-0000","S90815","Yes","Informed Consent","Inclusion/Exclusion description",2012-03-01
"AA-AA-000-0000","S34410","No","Missing Data","Inclusion/Exclusion description",2012-03-01
"AA-AA-000-0000","S92424","No","Missing Data","Inclusion/Exclusion description",2012-03-01
"AA-AA-000-0000","S42751","Yes","Informed Consent","Inclusion/Exclusion description",2012-03-01
"AA-AA-000-0000","S6022","No","Inclusion Criteria","Inclusion/Exclusion description",2012-03-01
"AA-AA-000-0000","S52102","Yes","Study Procedures","Inclusion/Exclusion description",2012-03-01
"AA-AA-000-0000","S94643","Yes","Study Procedures","Inclusion/Exclusion description",2012-03-01
"AA-AA-000-0000","S75548","Yes","Informed Consent","Inclusion/Exclusion description",2012-03-01
"AA-AA-000-0000","S86802","Yes","Missing Data","Inclusion/Exclusion description",2012-03-01
"AA-AA-000-0000","S42343","No","Informed Consent","Inclusion/Exclusion description",2012-03-01
"AA-AA-000-0000","S84908","Yes","Informed Consent","Inclusion/Exclusion description",2012-03-01
"AA-AA-000-0000","S3138","Yes","Missing Data","Inclusion/Exclusion description",2012-03-01
"AA-AA-000-0000","S83378","Yes","Study Procedures","Inclusion/Exclusion description",2012-03-01
"AA-AA-000-0000","S44278","No","Inclusion Criteria","Inclusion/Exclusion description",2012-03-01
"AA-AA-000-0000","S32542","Yes","Informed Consent","Inclusion/Exclusion description",2012-03-01
"AA-AA-000-0000","S5099","Yes","Informed Consent","Inclusion/Exclusion description",2012-03-01
"AA-AA-000-0000","S84941","No","Missing Data","Inclusion/Exclusion description",2012-03-01
"AA-AA-000-0000","S46545","Yes","Informed Consent","Inclusion/Exclusion description",2012-03-01
"AA-AA-000-0000","S37943","No","Informed Consent","Inclusion/Exclusion description",2012-03-01
"AA-AA-000-0000","S34163","Yes","Informed Consent","Inclusion/Exclusion description",2012-03-01
"AA-AA-000-0000","S60588","Yes","Study Procedures","Inclusion/Exclusion description",2012-03-01
"AA-AA-000-0000","S69543","Yes","Missing Data","Inclusion/Exclusion description",2012-03-01
"AA-AA-000-0000","S45628","No","Study Procedures","Inclusion/Exclusion description",2012-03-01
"AA-AA-000-0000","S88305","Yes","Missing Data","Inclusion/Exclusion description",2012-03-01
"AA-AA-000-0000","S28476","No","Study Procedures","Inclusion/Exclusion description",2012-03-01
"AA-AA-000-0000","S39191","No","Missing Data","Inclusion/Exclusion description",2012-03-01
"AA-AA-000-0000","S36886","No","Missing Data","Inclusion/Exclusion description",2012-03-01
"AA-AA-000-0000","S38785","No","Missing Data","Inclusion/Exclusion description",2012-03-01
"AA-AA-000-0000","S12836","Yes","Missing Data","Inclusion/Exclusion description",2012-03-01
"AA-AA-000-0000","S28579","No","Missing Data","Inclusion/Exclusion description",2012-03-01
"AA-AA-000-0000","S94354","Yes","Missing Data","Inclusion/Exclusion description",2012-03-01
"AA-AA-000-0000","S27345","No","Informed Consent","Inclusion/Exclusion description",2012-03-01
"AA-AA-000-0000","S6096","No","Study Procedures","Inclusion/Exclusion description",2012-03-01
"AA-AA-000-0000","S38629","Yes","Informed Consent","Inclusion/Exclusion description",2012-03-01
"AA-AA-000-0000","S12836","No","Informed Consent","Inclusion/Exclusion description",2012-03-01
"AA-AA-000-0000","S5760","No","Study Procedures","Inclusion/Exclusion description",2012-03-01
"AA-AA-000-0000","S6786","Yes","Informed Consent","Inclusion/Exclusion description",2012-03-01
"AA-AA-000-0000","S51782","No","Study Procedures","Inclusion/Exclusion description",2012-03-01
"AA-AA-000-0000","S44509","No","Exclusion Criteria","Inclusion/Exclusion description",2012-03-01
"AA-AA-000-0000","S40145","Yes","Missing Data","Inclusion/Exclusion description",2012-03-01
"AA-AA-000-0000","S12296","No","Informed Consent","Inclusion/Exclusion description",2012-03-01
"AA-AA-000-0000","S50953","No","Study Procedures","Inclusion/Exclusion description",2012-03-01
"AA-AA-000-0000","S75551","Yes","Study Procedures","Inclusion/Exclusion description",2012-03-01
"AA-AA-000-0000","S42353","Yes","Missing Data","Inclusion/Exclusion description",2012-03-01
"AA-AA-000-0000","S47665","Yes","Missing Data","Inclusion/Exclusion description",2012-03-01
"AA-AA-000-0000","S94455","No","Study Procedures","Inclusion/Exclusion description",2012-03-01
"AA-AA-000-0000","S18655","No","Study Procedures","Inclusion/Exclusion description",2012-03-01
"AA-AA-000-0000","S19484","No","Study Procedures","Inclusion/Exclusion description",2012-03-01
"AA-AA-000-0000","S60601","Yes","Study Procedures","Inclusion/Exclusion description",2012-03-01
"AA-AA-000-0000","S56091","No","Missing Data","Inclusion/Exclusion description",2012-03-01
"AA-AA-000-0000","S10055","Yes","Study Procedures","Inclusion/Exclusion description",2012-03-01
"AA-AA-000-0000","S84391","Yes","Inclusion Criteria","Inclusion/Exclusion description",2012-03-01
"AA-AA-000-0000","S73984","Yes","Study Procedures","Inclusion/Exclusion description",2012-03-01
"AA-AA-000-0000","S76397","Yes","Missing Data","Inclusion/Exclusion description",2012-03-01
"AA-AA-000-0000","S62533","No","Study Procedures","Inclusion/Exclusion description",2012-03-01
"AA-AA-000-0000","S19368","No","Exclusion Criteria","Inclusion/Exclusion description",2012-03-01
"AA-AA-000-0000","S3541","Yes","Study Procedures","Inclusion/Exclusion description",2012-03-01
"AA-AA-000-0000","S349","No","Missing Data","Inclusion/Exclusion description",2012-03-01
"AA-AA-000-0000","S62533","No","Study Procedures","Inclusion/Exclusion description",2012-03-01
"AA-AA-000-0000","S12402","Yes","Exclusion Criteria","Inclusion/Exclusion description",2012-03-01
"AA-AA-000-0000","S79443","Yes","Missing Data","Inclusion/Exclusion description",2012-03-01
"AA-AA-000-0000","S42240","No","Study Procedures","Inclusion/Exclusion description",2012-03-01
"AA-AA-000-0000","S66618","No","Study Procedures","Inclusion/Exclusion description",2012-03-01
"AA-AA-000-0000","S96835","Yes","Missing Data","Inclusion/Exclusion description",2012-03-01
"AA-AA-000-0000","S23519","No","Study Procedures","Inclusion/Exclusion description",2012-03-01
"AA-AA-000-0000","S47980","No","Study Procedures","Inclusion/Exclusion description",2012-03-01
"AA-AA-000-0000","S39000","Yes","Missing Data","Inclusion/Exclusion description",2012-03-01
"AA-AA-000-0000","S65083","No","Informed Consent","Inclusion/Exclusion description",2012-03-01
"AA-AA-000-0000","S70885","Yes","Exclusion Criteria","Inclusion/Exclusion description",2012-03-01
"AA-AA-000-0000","S49115","Yes","Informed Consent","Inclusion/Exclusion description",2012-03-01
"AA-AA-000-0000","S34053","No","Missing Data","Inclusion/Exclusion description",2012-03-01
"AA-AA-000-0000","S50927","No","Informed Consent","Inclusion/Exclusion description",2012-03-01
"AA-AA-000-0000","S8342","No","Missing Data","Inclusion/Exclusion description",2012-03-01
"AA-AA-000-0000","S19104","Yes","Missing Data","Inclusion/Exclusion description",2012-03-01
"AA-AA-000-0000","S42412","No","Informed Consent","Inclusion/Exclusion description",2012-03-01
"AA-AA-000-0000","S38785","Yes","Study Procedures","Inclusion/Exclusion description",2012-03-01
"AA-AA-000-0000","S92734","No","Exclusion Criteria","Inclusion/Exclusion description",2012-03-01
"AA-AA-000-0000","S13636","Yes","Study Procedures","Inclusion/Exclusion description",2012-03-01
"AA-AA-000-0000","S66158","Yes","Missing Data","Inclusion/Exclusion description",2012-03-01
"AA-AA-000-0000","S82537","Yes","Inclusion Criteria","Inclusion/Exclusion description",2012-03-01
"AA-AA-000-0000","S3285","No","Exclusion Criteria","Inclusion/Exclusion description",2012-03-01
"AA-AA-000-0000","S98267","No","Informed Consent","Inclusion/Exclusion description",2012-03-01
"AA-AA-000-0000","S15521","No","Study Procedures","Inclusion/Exclusion description",2012-03-01
"AA-AA-000-0000","S91199","Yes","Informed Consent","Inclusion/Exclusion description",2012-03-01
"AA-AA-000-0000","S68947","No","Missing Data","Inclusion/Exclusion description",2012-03-01
"AA-AA-000-0000","S43670","No","Informed Consent","Inclusion/Exclusion description",2012-03-01
"AA-AA-000-0000","S33100","No","Study Procedures","Inclusion/Exclusion description",2012-03-01
"AA-AA-000-0000","S5475","No","Study Procedures","Inclusion/Exclusion description",2012-03-01
"AA-AA-000-0000","S77607","Yes","Study Procedures","Inclusion/Exclusion description",2012-03-01
"AA-AA-000-0000","S71658","No","Informed Consent","Inclusion/Exclusion description",2012-03-01
"AA-AA-000-0000","S20971","No","Missing Data","Inclusion/Exclusion description",2012-03-01
"AA-AA-000-0000","S17427","Yes","Missing Data","Inclusion/Exclusion description",2012-03-01
"AA-AA-000-0000","S5727","No","Informed Consent","Inclusion/Exclusion description",2012-03-01
"AA-AA-000-0000","S93758","No","Missing Data","Inclusion/Exclusion description",2012-03-01
"AA-AA-000-0000","S92643","Yes","Study Procedures","Inclusion/Exclusion description",2012-03-01
"AA-AA-000-0000","S40167","No","Study Procedures","Inclusion/Exclusion description",2012-03-01
"AA-AA-000-0000","S69605","Yes","Missing Data","Inclusion/Exclusion description",2012-03-01
"AA-AA-000-0000","S61242","No","Missing Data","Inclusion/Exclusion description",2012-03-01
"AA-AA-000-0000","S26696","No","Informed Consent","Inclusion/Exclusion description",2012-03-01
"AA-AA-000-0000","S85511","Yes","Study Procedures","Inclusion/Exclusion description",2012-03-01
"AA-AA-000-0000","S78717","Yes","Informed Consent","Inclusion/Exclusion description",2012-03-01
"AA-AA-000-0000","S10135","Yes","Missing Data","Inclusion/Exclusion description",2012-03-01
"AA-AA-000-0000","S62014","Yes","Study Procedures","Inclusion/Exclusion description",2012-03-01
"AA-AA-000-0000","S79019","No","Informed Consent","Inclusion/Exclusion description",2012-03-01
"AA-AA-000-0000","S3285","Yes","Study Procedures","Inclusion/Exclusion description",2012-03-01
"AA-AA-000-0000","S19484","Yes","Missing Data","Inclusion/Exclusion description",2012-03-01
"AA-AA-000-0000","S32542","Yes","Study Procedures","Inclusion/Exclusion description",2012-03-01
"AA-AA-000-0000","S52968","Yes","Missing Data","Inclusion/Exclusion description",2012-03-01
"AA-AA-000-0000","S902","Yes","Missing Data","Inclusion/Exclusion description",2012-03-01
"AA-AA-000-0000","S40868","Yes","Informed Consent","Inclusion/Exclusion description",2012-03-01
"AA-AA-000-0000","S8342","No","Study Procedures","Inclusion/Exclusion description",2012-03-01
"AA-AA-000-0000","S97620","Yes","Study Procedures","Inclusion/Exclusion description",2012-03-01
"AA-AA-000-0000","S40424","Yes","Missing Data","Inclusion/Exclusion description",2012-03-01
"AA-AA-000-0000","S32005","Yes","Informed Consent","Inclusion/Exclusion description",2012-03-01
"AA-AA-000-0000","S80969","No","Study Procedures","Inclusion/Exclusion description",2012-03-01
"AA-AA-000-0000","S43620","Yes","Study Procedures","Inclusion/Exclusion description",2012-03-01
"AA-AA-000-0000","S90331","Yes","Study Procedures","Inclusion/Exclusion description",2012-03-01
"AA-AA-000-0000","S97812","Yes","Informed Consent","Inclusion/Exclusion description",2012-03-01
"AA-AA-000-0000","S87114","Yes","Study Procedures","Inclusion/Exclusion description",2012-03-01
"AA-AA-000-0000","S69130","No","Inclusion Criteria","Inclusion/Exclusion description",2012-03-01
"AA-AA-000-0000","S30043","Yes","Study Procedures","Inclusion/Exclusion description",2012-03-01
"AA-AA-000-0000","S47980","Yes","Informed Consent","Inclusion/Exclusion description",2012-03-01
"AA-AA-000-0000","S86198","Yes","Study Procedures","Inclusion/Exclusion description",2012-03-01
"AA-AA-000-0000","S79778","No","Missing Data","Inclusion/Exclusion description",2012-03-01
"AA-AA-000-0000","S78836","Yes","Study Procedures","Inclusion/Exclusion description",2012-03-01
"AA-AA-000-0000","S15149","Yes","Informed Consent","Inclusion/Exclusion description",2012-03-01
"AA-AA-000-0000","S71658","Yes","Informed Consent","Inclusion/Exclusion description",2012-03-01
"AA-AA-000-0000","S93182","No","Study Procedures","Inclusion/Exclusion description",2012-03-01
"AA-AA-000-0000","S10771","No","Informed Consent","Inclusion/Exclusion description",2012-03-01
"AA-AA-000-0000","S49600","Yes","Informed Consent","Inclusion/Exclusion description",2012-03-01
"AA-AA-000-0000","S88758","Yes","Study Procedures","Inclusion/Exclusion description",2012-03-01
"AA-AA-000-0000","S98330","No","Missing Data","Inclusion/Exclusion description",2012-03-01
"AA-AA-000-0000","S63176","No","Informed Consent","Inclusion/Exclusion description",2012-03-01
"AA-AA-000-0000","S69740","No","Informed Consent","Inclusion/Exclusion description",2012-03-01
"AA-AA-000-0000","S79201","Yes","Study Procedures","Inclusion/Exclusion description",2012-03-01
"AA-AA-000-0000","S97280","Yes","Inclusion Criteria","Inclusion/Exclusion description",2012-03-01
"AA-AA-000-0000","S52675","No","Missing Data","Inclusion/Exclusion description",2012-03-01
"AA-AA-000-0000","S78836","Yes","Study Procedures","Inclusion/Exclusion description",2012-03-01
"AA-AA-000-0000","S16470","No","Study Procedures","Inclusion/Exclusion description",2012-03-01
"AA-AA-000-0000","S11205","Yes","Study Procedures","Inclusion/Exclusion description",2012-03-01
"AA-AA-000-0000","S73984","No","Missing Data","Inclusion/Exclusion description",2012-03-01
"AA-AA-000-0000","S88436","Yes","Informed Consent","Inclusion/Exclusion description",2012-03-01
"AA-AA-000-0000","S75112","Yes","Study Procedures","Inclusion/Exclusion description",2012-03-01
"AA-AA-000-0000","S6096","Yes","Missing Data","Inclusion/Exclusion description",2012-03-01
"AA-AA-000-0000","S10555","No","Informed Consent","Inclusion/Exclusion description",2012-03-01
"AA-AA-000-0000","S50953","Yes","Missing Data","Inclusion/Exclusion description",2012-03-01
"AA-AA-000-0000","S63767","No","Exclusion Criteria","Inclusion/Exclusion description",2012-03-01
"AA-AA-000-0000","S90769","Yes","Informed Consent","Inclusion/Exclusion description",2012-03-01
"AA-AA-000-0000","S38785","Yes","Study Procedures","Inclusion/Exclusion description",2012-03-01
"AA-AA-000-0000","S27025","Yes","Missing Data","Inclusion/Exclusion description",2012-03-01
"AA-AA-000-0000","S76175","No","Inclusion Criteria","Inclusion/Exclusion description",2012-03-01
"AA-AA-000-0000","S44278","Yes","Missing Data","Inclusion/Exclusion description",2012-03-01
"AA-AA-000-0000","S19752","Yes","Exclusion Criteria","Inclusion/Exclusion description",2012-03-01
"AA-AA-000-0000","S7193","Yes","Study Procedures","Inclusion/Exclusion description",2012-03-01
"AA-AA-000-0000","S85279","Yes","Inclusion Criteria","Inclusion/Exclusion description",2012-03-01
"AA-AA-000-0000","S98076","No","Study Procedures","Inclusion/Exclusion description",2012-03-01
"AA-AA-000-0000","S65486","No","Missing Data","Inclusion/Exclusion description",2012-03-01
"AA-AA-000-0000","S10678","No","Study Procedures","Inclusion/Exclusion description",2012-03-01
"AA-AA-000-0000","S73008","No","Informed Consent","Inclusion/Exclusion description",2012-03-01
"AA-AA-000-0000","S58347","No","Informed Consent","Inclusion/Exclusion description",2012-03-01
"AA-AA-000-0000","S11526","Yes","Missing Data","Inclusion/Exclusion description",2012-03-01
"AA-AA-000-0000","S91008","Yes","Study Procedures","Inclusion/Exclusion description",2012-03-01
"AA-AA-000-0000","S91789","No","Study Procedures","Inclusion/Exclusion description",2012-03-01
"AA-AA-000-0000","S9545","No","Study Procedures","Inclusion/Exclusion description",2012-03-01
"AA-AA-000-0000","S17499","No","Study Procedures","Inclusion/Exclusion description",2012-03-01
"AA-AA-000-0000","S3290","Yes","Inclusion Criteria","Inclusion/Exclusion description",2012-03-01
"AA-AA-000-0000","S40868","Yes","Study Procedures","Inclusion/Exclusion description",2012-03-01
"AA-AA-000-0000","S73213","Yes","Study Procedures","Inclusion/Exclusion description",2012-03-01
"AA-AA-000-0000","S41767","Yes","Missing Data","Inclusion/Exclusion description",2012-03-01
"AA-AA-000-0000","S5475","No","Study Procedures","Inclusion/Exclusion description",2012-03-01
"AA-AA-000-0000","S90436","No","Study Procedures","Inclusion/Exclusion description",2012-03-01
"AA-AA-000-0000","S75016","No","Missing Data","Inclusion/Exclusion description",2012-03-01
"AA-AA-000-0000","S49753","Yes","Study Procedures","Inclusion/Exclusion description",2012-03-01
"AA-AA-000-0000","S88218","Yes","Informed Consent","Inclusion/Exclusion description",2012-03-01
"AA-AA-000-0000","S65486","Yes","Study Procedures","Inclusion/Exclusion description",2012-03-01
"AA-AA-000-0000","S43474","Yes","Missing Data","Inclusion/Exclusion description",2012-03-01
"AA-AA-000-0000","S29578","Yes","Study Procedures","Inclusion/Exclusion description",2012-03-01
"AA-AA-000-0000","S79133","Yes","Missing Data","Inclusion/Exclusion description",2012-03-01
"AA-AA-000-0000","S94084","No","Study Procedures","Inclusion/Exclusion description",2012-03-01
"AA-AA-000-0000","S26565","Yes","Study Procedures","Inclusion/Exclusion description",2012-03-01
"AA-AA-000-0000","S24389","Yes","Informed Consent","Inclusion/Exclusion description",2012-03-01
"AA-AA-000-0000","S35719","Yes","Informed Consent","Inclusion/Exclusion description",2012-03-01
"AA-AA-000-0000","S35234","No","Missing Data","Inclusion/Exclusion description",2012-03-01
"AA-AA-000-0000","S44278","Yes","Study Procedures","Inclusion/Exclusion description",2012-03-01
"AA-AA-000-0000","S93758","No","Informed Consent","Inclusion/Exclusion description",2012-03-01
"AA-AA-000-0000","S50531","No","Study Procedures","Inclusion/Exclusion description",2012-03-01
"AA-AA-000-0000","S51782","No","Study Procedures","Inclusion/Exclusion description",2012-03-01
"AA-AA-000-0000","S34830","No","Study Procedures","Inclusion/Exclusion description",2012-03-01
"AA-AA-000-0000","S64117","No","Study Procedures","Inclusion/Exclusion description",2012-03-01
"AA-AA-000-0000","S74871","No","Missing Data","Inclusion/Exclusion description",2012-03-01
"AA-AA-000-0000","S9617","Yes","Study Procedures","Inclusion/Exclusion description",2012-03-01
"AA-AA-000-0000","S28722","Yes","Missing Data","Inclusion/Exclusion description",2012-03-01
"AA-AA-000-0000","S30183","Yes","Informed Consent","Inclusion/Exclusion description",2012-03-01
"AA-AA-000-0000","S95738","No","Missing Data","Inclusion/Exclusion description",2012-03-01
"AA-AA-000-0000","S88306","Yes","Missing Data","Inclusion/Exclusion description",2012-03-01
"AA-AA-000-0000","S66365","Yes","Study Procedures","Inclusion/Exclusion description",2012-03-01
"AA-AA-000-0000","S35204","No","Study Procedures","Inclusion/Exclusion description",2012-03-01
"AA-AA-000-0000","S60126","Yes","Informed Consent","Inclusion/Exclusion description",2012-03-01
"AA-AA-000-0000","S32051","Yes","Missing Data","Inclusion/Exclusion description",2012-03-01
"AA-AA-000-0000","S15848","Yes","Informed Consent","Inclusion/Exclusion description",2012-03-01
"AA-AA-000-0000","S17499","No","Missing Data","Inclusion/Exclusion description",2012-03-01
"AA-AA-000-0000","S50135","Yes","Study Procedures","Inclusion/Exclusion description",2012-03-01
"AA-AA-000-0000","S66618","Yes","Study Procedures","Inclusion/Exclusion description",2012-03-01
"AA-AA-000-0000","S13400","Yes","Informed Consent","Inclusion/Exclusion description",2012-03-01
"AA-AA-000-0000","S13810","No","Missing Data","Inclusion/Exclusion description",2012-03-01
"AA-AA-000-0000","S11732","Yes","Informed Consent","Inclusion/Exclusion description",2012-03-01
"AA-AA-000-0000","S98267","No","Study Procedures","Inclusion/Exclusion description",2012-03-01
"AA-AA-000-0000","S78552","No","Missing Data","Inclusion/Exclusion description",2012-03-01
"AA-AA-000-0000","S9005","No","Study Procedures","Inclusion/Exclusion description",2012-03-01
"AA-AA-000-0000","S93551","Yes","Missing Data","Inclusion/Exclusion description",2012-03-01
"AA-AA-000-0000","S25158","Yes","Missing Data","Inclusion/Exclusion description",2012-03-01
"AA-AA-000-0000","S78806","Yes","Informed Consent","Inclusion/Exclusion description",2012-03-01
"AA-AA-000-0000","S12402","Yes","Study Procedures","Inclusion/Exclusion description",2012-03-01
"AA-AA-000-0000","S78779","Yes","Informed Consent","Inclusion/Exclusion description",2012-03-01
"AA-AA-000-0000","S51248","No","Informed Consent","Inclusion/Exclusion description",2012-03-01
"AA-AA-000-0000","S90769","No","Missing Data","Inclusion/Exclusion description",2012-03-01
"AA-AA-000-0000","S53537","No","Study Procedures","Inclusion/Exclusion description",2012-03-01
"AA-AA-000-0000","S73691","Yes","Missing Data","Inclusion/Exclusion description",2012-03-01
"AA-AA-000-0000","S51380","Yes","Missing Data","Inclusion/Exclusion description",2012-03-01
"AA-AA-000-0000","S1663","Yes","Informed Consent","Inclusion/Exclusion description",2012-03-01
"AA-AA-000-0000","S38681","Yes","Study Procedures","Inclusion/Exclusion description",2012-03-01
"AA-AA-000-0000","S26740","Yes","Missing Data","Inclusion/Exclusion description",2012-03-01
"AA-AA-000-0000","S22366","No","Study Procedures","Inclusion/Exclusion description",2012-03-01
"AA-AA-000-0000","S39820","Yes","Informed Consent","Inclusion/Exclusion description",2012-03-01
"AA-AA-000-0000","S83042","No","Study Procedures","Inclusion/Exclusion description",2012-03-01
"AA-AA-000-0000","S91542","Yes","Study Procedures","Inclusion/Exclusion description",2012-03-01
"AA-AA-000-0000","S91542","Yes","Study Procedures","Inclusion/Exclusion description",2012-03-01
"AA-AA-000-0000","S6700","No","Exclusion Criteria","Inclusion/Exclusion description",2012-03-01
"AA-AA-000-0000","S4719","No","Study Procedures","Inclusion/Exclusion description",2012-03-01
"AA-AA-000-0000","S61163","No","Informed Consent","Inclusion/Exclusion description",2012-03-01
"AA-AA-000-0000","S98076","No","Missing Data","Inclusion/Exclusion description",2012-03-01
"AA-AA-000-0000","S98343","No","Informed Consent","Inclusion/Exclusion description",2012-03-01
"AA-AA-000-0000","S51906","No","Missing Data","Inclusion/Exclusion description",2012-03-01
"AA-AA-000-0000","S44636","No","Study Procedures","Inclusion/Exclusion description",2012-03-01
"AA-AA-000-0000","S92389","No","Missing Data","Inclusion/Exclusion description",2012-03-01
"AA-AA-000-0000","S99062","Yes","Study Procedures","Inclusion/Exclusion description",2012-03-01
"AA-AA-000-0000","S59674","Yes","Exclusion Criteria","Inclusion/Exclusion description",2012-03-01
"AA-AA-000-0000","S543","Yes","Missing Data","Inclusion/Exclusion description",2012-03-01
"AA-AA-000-0000","S36177","No","Informed Consent","Inclusion/Exclusion description",2012-03-01
"AA-AA-000-0000","S39259","Yes","Study Procedures","Inclusion/Exclusion description",2012-03-01
"AA-AA-000-0000","S56770","No","Inclusion Criteria","Inclusion/Exclusion description",2012-03-01
"AA-AA-000-0000","S79445","Yes","Study Procedures","Inclusion/Exclusion description",2012-03-01
"AA-AA-000-0000","S16470","No","Missing Data","Inclusion/Exclusion description",2012-03-01
"AA-AA-000-0000","S10097","Yes","Study Procedures","Inclusion/Exclusion description",2012-03-01
"AA-AA-000-0000","S44278","Yes","Informed Consent","Inclusion/Exclusion description",2012-03-01
"AA-AA-000-0000","S32336","Yes","Inclusion Criteria","Inclusion/Exclusion description",2012-03-01
"AA-AA-000-0000","S92424","Yes","Missing Data","Inclusion/Exclusion description",2012-03-01
"AA-AA-000-0000","S9617","No","Missing Data","Inclusion/Exclusion description",2012-03-01
"AA-AA-000-0000","S23661","No","Study Procedures","Inclusion/Exclusion description",2012-03-01
"AA-AA-000-0000","S38419","Yes","Study Procedures","Inclusion/Exclusion description",2012-03-01
"AA-AA-000-0000","S42563","Yes","Informed Consent","Inclusion/Exclusion description",2012-03-01
"AA-AA-000-0000","S12402","Yes","Missing Data","Inclusion/Exclusion description",2012-03-01
"AA-AA-000-0000","S60601","Yes","Exclusion Criteria","Inclusion/Exclusion description",2012-03-01
"AA-AA-000-0000","S55694","No","Informed Consent","Inclusion/Exclusion description",2012-03-01
"AA-AA-000-0000","S66674","Yes","Missing Data","Inclusion/Exclusion description",2012-03-01
"AA-AA-000-0000","S26943","Yes","Study Procedures","Inclusion/Exclusion description",2012-03-01
"AA-AA-000-0000","S78539","No","Study Procedures","Inclusion/Exclusion description",2012-03-01
"AA-AA-000-0000","S92349","No","Informed Consent","Inclusion/Exclusion description",2012-03-01
"AA-AA-000-0000","S81541","No","Missing Data","Inclusion/Exclusion description",2012-03-01
"AA-AA-000-0000","S82487","No","Missing Data","Inclusion/Exclusion description",2012-03-01
"AA-AA-000-0000","S84391","Yes","Study Procedures","Inclusion/Exclusion description",2012-03-01
"AA-AA-000-0000","S5553","No","Study Procedures","Inclusion/Exclusion description",2012-03-01
"AA-AA-000-0000","S71658","Yes","Informed Consent","Inclusion/Exclusion description",2012-03-01
"AA-AA-000-0000","S6557","No","Study Procedures","Inclusion/Exclusion description",2012-03-01
"AA-AA-000-0000","S87138","No","Missing Data","Inclusion/Exclusion description",2012-03-01
"AA-AA-000-0000","S40868","Yes","Study Procedures","Inclusion/Exclusion description",2012-03-01
"AA-AA-000-0000","S6788","No","Missing Data","Inclusion/Exclusion description",2012-03-01
"AA-AA-000-0000","S80104","Yes","Missing Data","Inclusion/Exclusion description",2012-03-01
"AA-AA-000-0000","S37258","Yes","Informed Consent","Inclusion/Exclusion description",2012-03-01
"AA-AA-000-0000","S64623","No","Inclusion Criteria","Inclusion/Exclusion description",2012-03-01
"AA-AA-000-0000","S74654","Yes","Study Procedures","Inclusion/Exclusion description",2012-03-01
"AA-AA-000-0000","S41123","Yes","Informed Consent","Inclusion/Exclusion description",2012-03-01
"AA-AA-000-0000","S53537","Yes","Missing Data","Inclusion/Exclusion description",2012-03-01
"AA-AA-000-0000","S52102","No","Study Procedures","Inclusion/Exclusion description",2012-03-01
"AA-AA-000-0000","S10771","Yes","Informed Consent","Inclusion/Exclusion description",2012-03-01
"AA-AA-000-0000","S17026","Yes","Informed Consent","Inclusion/Exclusion description",2012-03-01
"AA-AA-000-0000","S84687","No","Study Procedures","Inclusion/Exclusion description",2012-03-01
"AA-AA-000-0000","S18113","No","Informed Consent","Inclusion/Exclusion description",2012-03-01
"AA-AA-000-0000","S89510","No","Study Procedures","Inclusion/Exclusion description",2012-03-01
"AA-AA-000-0000","S93182","No","Study Procedures","Inclusion/Exclusion description",2012-03-01
"AA-AA-000-0000","S34559","No","Exclusion Criteria","Inclusion/Exclusion description",2012-03-01
"AA-AA-000-0000","S49825","Yes","Study Procedures","Inclusion/Exclusion description",2012-03-01
"AA-AA-000-0000","S67479","Yes","Study Procedures","Inclusion/Exclusion description",2012-03-01
"AA-AA-000-0000","S5475","Yes","Inclusion Criteria","Inclusion/Exclusion description",2012-03-01
"AA-AA-000-0000","S72238","Yes","Informed Consent","Inclusion/Exclusion description",2012-03-01
"AA-AA-000-0000","S46895","No","Informed Consent","Inclusion/Exclusion description",2012-03-01
"AA-AA-000-0000","S98371","Yes","Exclusion Criteria","Inclusion/Exclusion description",2012-03-01
