"studyid","subjid","aeseq","aeterm","mdrpt_nsv","mdrsoc_nsv","aesev","aetoxgr","aeser","aerel","aeongo","aest_dy","aeen_dy","aest_dt","aeen_dt","mincreated_dts"
"AA-AA-000-0000","S1000","1","Abdominal pain","Abdominal pain","Gastrointestinal disorders","MILD","1","N","N","Y","26","28","2012-03-26","2012-03-28","2012-03-01"
"AA-AA-000-0000","S1000","2","Anaemia","Anaemia","Blood and lymphatic system disorders","MODERATE","2","N","Y","N","11","26","2012-03-11","2012-03-26","2012-03-01"
"AA-AA-000-0000","S1000","3","Hypokalaemia","Hypokalaemia","Metabolism and nutrition disorders","MODERATE","2","N","Y","N","20","22","2012-03-20","2012-03-22","2012-03-01"
"AA-AA-000-0000","S1000","4","Anaemia","Anaemia","Blood and lymphatic system disorders","MODERATE","2","N","Y","N","2","7","2012-03-02","2012-03-07","2012-03-01"
"AA-AA-000-0000","S10003","1","Neutropenia","Neutropenia","Blood and lymphatic system disorders","MILD","1","N","Y","N","5","7","2012-03-13","2012-03-15","2012-03-01"
"AA-AA-000-0000","S10003","2","Aspartate aminotransferase increased","Aspartate aminotransferase increased","Investigations","MILD","1","N","Y","Y","12","20","2012-03-20","2012-03-28","2012-03-01"
"AA-AA-000-0000","S10003","3","Blood bilirubin increased","Blood bilirubin increased","Investigations","SEVERE","3","N","Y","Y","19","20","2012-03-27","2012-03-28","2012-03-01"
"AA-AA-000-0000","S10003","4","Anaemia","Anaemia","Blood and lymphatic system disorders","SEVERE","3","Y","N","Y","17","20","2012-03-25","2012-03-28","2012-03-01"
"AA-AA-000-0000","S10169","1","Upper respiratory tract infection","Upper respiratory tract infection","Infections and infestations","LIFE THREATENING","4","Y","N","N","30","36","2012-02-14","2012-02-20","2012-01-01"
"AA-AA-000-0000","S10169","2","Headache","Headache","Nervous system disorders","MILD","1","N","Y","N","42","54","2012-02-26","2012-03-09","2012-01-01"
"AA-AA-000-0000","S10169","3","Arthralgia","Arthralgia","Musculoskeletal and connective tissue disorders","MODERATE","2","N","N","N","27","33","2012-02-11","2012-02-17","2012-01-01"
"AA-AA-000-0000","S10169","4","Arthralgia","Arthralgia","Musculoskeletal and connective tissue disorders","MILD","1","N","N","N","58","59","2012-03-13","2012-03-14","2012-01-01"
"AA-AA-000-0000","S10169","5","Headache","Headache","Nervous system disorders","MILD","1","N","Y","N","40","42","2012-02-24","2012-02-26","2012-01-01"
"AA-AA-000-0000","S10169","6","Platelet count decreased","Platelet count decreased","Investigations","MILD","1","N","Y","Y","58","73","2012-03-13","2012-03-28","2012-01-01"
"AA-AA-000-0000","S10169","7","Constipation","Constipation","Gastrointestinal disorders","MILD","1","N","Y","N","68","72","2012-03-23","2012-03-27","2012-01-01"
"AA-AA-000-0000","S10169","8","Hypokalaemia","Hypokalaemia","Metabolism and nutrition disorders","LIFE THREATENING","4","Y","N","Y","64","73","2012-03-19","2012-03-28","2012-01-01"
"AA-AA-000-0000","S10169","9","Abdominal pain","Abdominal pain","Gastrointestinal disorders","MILD","1","N","N","N","26","30","2012-02-10","2012-02-14","2012-01-01"
"AA-AA-000-0000","S10169","10","Dyspnoea","Dyspnoea","Respiratory, thoracic and mediastinal disorders","MILD","1","N","Y","N","16","23","2012-01-31","2012-02-07","2012-01-01"
"AA-AA-000-0000","S10169","11","Myalgia","Myalgia","Musculoskeletal and connective tissue disorders","MODERATE","2","N","Y","Y","65","73","2012-03-20","2012-03-28","2012-01-01"
"AA-AA-000-0000","S10169","12","Paraesthesia","Paraesthesia","Nervous system disorders","MILD","1","N","Y","Y","73","73","2012-03-28","2012-03-28","2012-01-01"
"AA-AA-000-0000","S10169","13","Constipation","Constipation","Gastrointestinal disorders","MODERATE","2","N","N","Y","67","73","2012-03-22","2012-03-28","2012-01-01"
"AA-AA-000-0000","S10169","14","Somnolence","Somnolence","Nervous system disorders","MILD","1","N","N","N","51","54","2012-03-06","2012-03-09","2012-01-01"
"AA-AA-000-0000","S10169","15","Myalgia","Myalgia","Musculoskeletal and connective tissue disorders","SEVERE","3","Y","N","N","32","46","2012-02-16","2012-03-01","2012-01-01"
"AA-AA-000-0000","S10169","16","Pyrexia","Pyrexia","General disorders and administration site conditions","MILD","1","N","N","N","38","44","2012-02-22","2012-02-28","2012-01-01"
"AA-AA-000-0000","S10169","17","Diarrhoea","Diarrhoea","Gastrointestinal disorders","MILD","1","N","N","Y","69","73","2012-03-24","2012-03-28","2012-01-01"
"AA-AA-000-0000","S10169","18","Blood bilirubin increased","Blood bilirubin increased","Investigations","MILD","1","Y","N","N","49","60","2012-03-04","2012-03-15","2012-01-01"
"AA-AA-000-0000","S10169","19","Rash","Rash","Skin and subcutaneous tissue disorders","LIFE THREATENING","4","Y","N","N","52","71","2012-03-07","2012-03-26","2012-01-01"
"AA-AA-000-0000","S10245","1","Dyspnoea","Dyspnoea","Respiratory, thoracic and mediastinal disorders","MILD","1","N","Y","N","10","13","2012-03-16","2012-03-19","2012-03-01"
"AA-AA-000-0000","S10304","1","Aspartate aminotransferase increased","Aspartate aminotransferase increased","Investigations","MODERATE","2","N","Y","Y","5","7","2012-03-26","2012-03-28","2012-03-01"
"AA-AA-000-0000","S10308","1","Vomiting","Vomiting","Gastrointestinal disorders","MILD","1","N","N","N","8","15","2012-03-14","2012-03-21","2012-03-01"
"AA-AA-000-0000","S10308","2","Neutropenia","Neutropenia","Blood and lymphatic system disorders","MILD","1","N","Y","Y","22","22","2012-03-28","2012-03-28","2012-03-01"
"AA-AA-000-0000","S10308","3","Neutropenia","Neutropenia","Blood and lymphatic system disorders","LIFE THREATENING","4","N","N","Y","17","22","2012-03-23","2012-03-28","2012-03-01"
"AA-AA-000-0000","S10555","1","Aspartate aminotransferase increased","Aspartate aminotransferase increased","Investigations","MILD","1","N","N","N","2","3","2012-03-17","2012-03-18","2012-03-01"
"AA-AA-000-0000","S10582","1","Platelet count decreased","Platelet count decreased","Investigations","MODERATE","2","N","N","N","38","41","2012-02-26","2012-02-29","2012-01-01"
"AA-AA-000-0000","S10582","2","Blood bilirubin increased","Blood bilirubin increased","Investigations","MODERATE","2","N","Y","N","38","39","2012-02-26","2012-02-27","2012-01-01"
"AA-AA-000-0000","S10582","3","Alanine aminotransferase increased","Alanine aminotransferase increased","Investigations","LIFE THREATENING","4","Y","Y","N","16","37","2012-02-04","2012-02-25","2012-01-01"
"AA-AA-000-0000","S10582","4","Abdominal pain","Abdominal pain","Gastrointestinal disorders","MODERATE","2","Y","Y","N","23","35","2012-02-11","2012-02-23","2012-01-01"
"AA-AA-000-0000","S10582","5","Headache","Headache","Nervous system disorders","SEVERE","3","Y","Y","N","37","44","2012-02-25","2012-03-03","2012-01-01"
"AA-AA-000-0000","S10582","6","Thrombocytopenia","Thrombocytopenia","Blood and lymphatic system disorders","MILD","1","N","Y","Y","54","69","2012-03-13","2012-03-28","2012-01-01"
"AA-AA-000-0000","S10582","7","Thrombocytopenia","Thrombocytopenia","Blood and lymphatic system disorders","SEVERE","3","N","Y","N","37","58","2012-02-25","2012-03-17","2012-01-01"
"AA-AA-000-0000","S10582","8","Nausea","Nausea","Gastrointestinal disorders","MODERATE","2","N","Y","Y","56","69","2012-03-15","2012-03-28","2012-01-01"
"AA-AA-000-0000","S10582","9","Neutropenia","Neutropenia","Blood and lymphatic system disorders","MODERATE","2","N","Y","Y","68","69","2012-03-27","2012-03-28","2012-01-01"
"AA-AA-000-0000","S10582","10","Alanine aminotransferase increased","Alanine aminotransferase increased","Investigations","MILD","1","N","Y","N","39","42","2012-02-27","2012-03-01","2012-01-01"
"AA-AA-000-0000","S10582","11","Anaemia","Anaemia","Blood and lymphatic system disorders","MILD","1","N","Y","Y","62","69","2012-03-21","2012-03-28","2012-01-01"
"AA-AA-000-0000","S10582","12","Blood bilirubin increased","Blood bilirubin increased","Investigations","SEVERE","3","Y","N","Y","62","69","2012-03-21","2012-03-28","2012-01-01"
"AA-AA-000-0000","S10582","13","Platelet count decreased","Platelet count decreased","Investigations","MODERATE","2","N","N","N","6","15","2012-01-25","2012-02-03","2012-01-01"
"AA-AA-000-0000","S10582","14","Nausea","Nausea","Gastrointestinal disorders","MILD","1","N","Y","N","5","7","2012-01-24","2012-01-26","2012-01-01"
"AA-AA-000-0000","S10582","15","Alanine aminotransferase increased","Alanine aminotransferase increased","Investigations","MILD","1","N","Y","Y","61","69","2012-03-20","2012-03-28","2012-01-01"
"AA-AA-000-0000","S10582","16","Aspartate aminotransferase increased","Aspartate aminotransferase increased","Investigations","MILD","1","N","N","N","48","55","2012-03-07","2012-03-14","2012-01-01"
"AA-AA-000-0000","S10678","1","Platelet count decreased","Platelet count decreased","Investigations","MODERATE","2","N","N","N","14","15","2012-03-15","2012-03-16","2012-03-01"
"AA-AA-000-0000","S10712","1","Abdominal pain","Abdominal pain","Gastrointestinal disorders","MILD","1","N","Y","Y","17","22","2012-03-23","2012-03-28","2012-03-01"
"AA-AA-000-0000","S10712","2","Pruritus","Pruritus","Skin and subcutaneous tissue disorders","LIFE THREATENING","4","Y","Y","N","17","18","2012-03-23","2012-03-24","2012-03-01"
"AA-AA-000-0000","S10712","3","Anaemia","Anaemia","Blood and lymphatic system disorders","MODERATE","2","N","Y","Y","21","22","2012-03-27","2012-03-28","2012-03-01"
"AA-AA-000-0000","S10731","1","Blood bilirubin increased","Blood bilirubin increased","Investigations","MILD","1","Y","Y","N","6","7","2012-03-15","2012-03-16","2012-03-01"
"AA-AA-000-0000","S10731","2","Vomiting","Vomiting","Gastrointestinal disorders","SEVERE","3","Y","N","Y","18","19","2012-03-27","2012-03-28","2012-03-01"
"AA-AA-000-0000","S10799","1","Oedema peripheral","Oedema peripheral","General disorders and administration site conditions","MODERATE","2","N","Y","Y","5","18","2012-03-15","2012-03-28","2012-03-01"
"AA-AA-000-0000","S10799","2","Alanine aminotransferase increased","Alanine aminotransferase increased","Investigations","LIFE THREATENING","4","N","Y","Y","15","18","2012-03-25","2012-03-28","2012-03-01"
"AA-AA-000-0000","S10821","1","Blood bilirubin increased","Blood bilirubin increased","Investigations","MODERATE","2","N","N","N","15","31","2012-03-09","2012-03-25","2012-02-01"
"AA-AA-000-0000","S10821","2","Neutropenia","Neutropenia","Blood and lymphatic system disorders","SEVERE","3","Y","N","N","30","32","2012-03-24","2012-03-26","2012-02-01"
"AA-AA-000-0000","S10821","3","Platelet count decreased","Platelet count decreased","Investigations","MODERATE","2","N","Y","Y","30","34","2012-03-24","2012-03-28","2012-02-01"
"AA-AA-000-0000","S10821","4","Anaemia","Anaemia","Blood and lymphatic system disorders","MILD","1","N","Y","N","2","7","2012-02-25","2012-03-01","2012-02-01"
"AA-AA-000-0000","S10821","5","Abdominal pain","Abdominal pain","Gastrointestinal disorders","SEVERE","3","N","Y","Y","31","34","2012-03-25","2012-03-28","2012-02-01"
"AA-AA-000-0000","S10821","6","Blood bilirubin increased","Blood bilirubin increased","Investigations","SEVERE","3","N","Y","N","17","21","2012-03-11","2012-03-15","2012-02-01"
"AA-AA-000-0000","S11732","1","Constipation","Constipation","Gastrointestinal disorders","LIFE THREATENING","4","N","N","N","6","10","2012-03-10","2012-03-14","2012-03-01"
"AA-AA-000-0000","S11732","2","Nasopharyngitis","Nasopharyngitis","Infections and infestations","MILD","1","N","N","N","12","16","2012-03-16","2012-03-20","2012-03-01"
"AA-AA-000-0000","S12402","1","Rash","Rash","Skin and subcutaneous tissue disorders","MODERATE","2","Y","Y","N","52","54","2012-03-24","2012-03-26","2012-02-01"
"AA-AA-000-0000","S12402","2","Cough","Cough","Respiratory, thoracic and mediastinal disorders","MODERATE","2","N","N","N","41","45","2012-03-13","2012-03-17","2012-02-01"
"AA-AA-000-0000","S12402","3","Rash","Rash","Skin and subcutaneous tissue disorders","MODERATE","2","N","N","N","18","19","2012-02-19","2012-02-20","2012-02-01"
"AA-AA-000-0000","S12402","4","Chills","Chills","General disorders and administration site conditions","MODERATE","2","N","Y","Y","54","56","2012-03-26","2012-03-28","2012-02-01"
"AA-AA-000-0000","S12454","1","Vomiting","Vomiting","Gastrointestinal disorders","SEVERE","3","N","N","N","20","24","2012-03-15","2012-03-19","2012-02-01"
"AA-AA-000-0000","S12454","2","Dyspnoea","Dyspnoea","Respiratory, thoracic and mediastinal disorders","MILD","1","N","Y","N","4","6","2012-02-28","2012-03-01","2012-02-01"
"AA-AA-000-0000","S12454","3","Abdominal pain","Abdominal pain","Gastrointestinal disorders","MILD","1","N","Y","Y","33","33","2012-03-28","2012-03-28","2012-02-01"
"AA-AA-000-0000","S12454","4","Vomiting","Vomiting","Gastrointestinal disorders","SEVERE","3","Y","N","Y","28","33","2012-03-23","2012-03-28","2012-02-01"
"AA-AA-000-0000","S12454","5","Alanine aminotransferase increased","Alanine aminotransferase increased","Investigations","MILD","1","N","N","Y","28","33","2012-03-23","2012-03-28","2012-02-01"
"AA-AA-000-0000","S12454","6","Abdominal pain","Abdominal pain","Gastrointestinal disorders","SEVERE","3","Y","Y","N","19","21","2012-03-14","2012-03-16","2012-02-01"
"AA-AA-000-0000","S12584","1","Hypokalaemia","Hypokalaemia","Metabolism and nutrition disorders","MILD","1","N","N","N","7","12","2012-02-19","2012-02-24","2012-02-01"
"AA-AA-000-0000","S12584","2","Thrombocytopenia","Thrombocytopenia","Blood and lymphatic system disorders","MILD","1","N","Y","N","34","41","2012-03-17","2012-03-24","2012-02-01"
"AA-AA-000-0000","S12584","3","Blood bilirubin increased","Blood bilirubin increased","Investigations","MILD","1","N","N","N","14","15","2012-02-26","2012-02-27","2012-02-01"
"AA-AA-000-0000","S12584","4","Constipation","Constipation","Gastrointestinal disorders","MILD","1","N","Y","Y","35","45","2012-03-18","2012-03-28","2012-02-01"
"AA-AA-000-0000","S12836","1","Diarrhoea","Diarrhoea","Gastrointestinal disorders","LIFE THREATENING","4","Y","N","N","6","7","2012-03-19","2012-03-20","2012-03-01"
"AA-AA-000-0000","S12836","2","Vomiting","Vomiting","Gastrointestinal disorders","MODERATE","2","N","Y","Y","2","15","2012-03-15","2012-03-28","2012-03-01"
"AA-AA-000-0000","S12836","3","Vomiting","Vomiting","Gastrointestinal disorders","MODERATE","2","N","Y","N","11","13","2012-03-24","2012-03-26","2012-03-01"
"AA-AA-000-0000","S13011","1","Decreased appetite","Decreased appetite","Metabolism and nutrition disorders","SEVERE","3","N","N","N","3","8","2012-03-04","2012-03-09","2012-03-01"
"AA-AA-000-0000","S13289","1","Abdominal pain","Abdominal pain","Gastrointestinal disorders","LIFE THREATENING","4","Y","N","N","52","65","2012-03-07","2012-03-20","2012-01-01"
"AA-AA-000-0000","S13289","2","Constipation","Constipation","Gastrointestinal disorders","MILD","1","N","Y","Y","39","73","2012-02-23","2012-03-28","2012-01-01"
"AA-AA-000-0000","S13289","3","Blood bilirubin increased","Blood bilirubin increased","Investigations","MILD","1","N","Y","N","10","19","2012-01-25","2012-02-03","2012-01-01"
"AA-AA-000-0000","S13289","4","Diarrhoea","Diarrhoea","Gastrointestinal disorders","MILD","1","N","N","N","10","20","2012-01-25","2012-02-04","2012-01-01"
"AA-AA-000-0000","S13289","5","Constipation","Constipation","Gastrointestinal disorders","MODERATE","2","N","N","N","15","22","2012-01-30","2012-02-06","2012-01-01"
"AA-AA-000-0000","S13582","1","Decreased appetite","Decreased appetite","Metabolism and nutrition disorders","LIFE THREATENING","4","N","Y","N","7","36","2012-02-27","2012-03-27","2012-02-01"
"AA-AA-000-0000","S13582","2","Chills","Chills","General disorders and administration site conditions","MILD","1","N","Y","N","13","17","2012-03-04","2012-03-08","2012-02-01"
"AA-AA-000-0000","S13582","3","Aspartate aminotransferase increased","Aspartate aminotransferase increased","Investigations","MODERATE","2","N","N","N","4","13","2012-02-24","2012-03-04","2012-02-01"
"AA-AA-000-0000","S13582","4","Urinary tract infection","Urinary tract infection","Infections and infestations","MODERATE","2","N","Y","N","13","14","2012-03-04","2012-03-05","2012-02-01"
"AA-AA-000-0000","S13582","5","Decreased appetite","Decreased appetite","Metabolism and nutrition disorders","MILD","1","N","Y","N","14","22","2012-03-05","2012-03-13","2012-02-01"
"AA-AA-000-0000","S13636","1","Thrombocytopenia","Thrombocytopenia","Blood and lymphatic system disorders","MILD","1","N","Y","Y","8","20","2012-03-16","2012-03-28","2012-03-01"
"AA-AA-000-0000","S13636","2","Blood bilirubin increased","Blood bilirubin increased","Investigations","MILD","1","N","N","N","2","6","2012-03-10","2012-03-14","2012-03-01"
"AA-AA-000-0000","S13662","1","Urinary tract infection","Urinary tract infection","Infections and infestations","MODERATE","2","N","N","N","1","5","2012-03-14","2012-03-18","2012-03-01"
"AA-AA-000-0000","S13662","2","Constipation","Constipation","Gastrointestinal disorders","SEVERE","3","N","N","Y","11","15","2012-03-24","2012-03-28","2012-03-01"
"AA-AA-000-0000","S13713","1","Fatigue","Fatigue","General disorders and administration site conditions","MILD","1","N","Y","N","19","31","2012-01-24","2012-02-05","2012-01-01"
"AA-AA-000-0000","S13713","2","Diarrhoea","Diarrhoea","Gastrointestinal disorders","MILD","1","N","N","N","46","49","2012-02-20","2012-02-23","2012-01-01"
"AA-AA-000-0000","S13713","3","Thrombocytopenia","Thrombocytopenia","Blood and lymphatic system disorders","MILD","1","N","Y","N","7","18","2012-01-12","2012-01-23","2012-01-01"
"AA-AA-000-0000","S13713","4","Fatigue","Fatigue","General disorders and administration site conditions","LIFE THREATENING","4","Y","Y","N","40","44","2012-02-14","2012-02-18","2012-01-01"
"AA-AA-000-0000","S13713","5","Abdominal pain","Abdominal pain","Gastrointestinal disorders","MILD","1","N","N","N","18","31","2012-01-23","2012-02-05","2012-01-01"
"AA-AA-000-0000","S13713","6","Upper respiratory tract infection","Upper respiratory tract infection","Infections and infestations","MILD","1","N","Y","N","66","67","2012-03-11","2012-03-12","2012-01-01"
"AA-AA-000-0000","S13713","7","Platelet count decreased","Platelet count decreased","Investigations","SEVERE","3","Y","Y","N","68","69","2012-03-13","2012-03-14","2012-01-01"
"AA-AA-000-0000","S13713","8","Aspartate aminotransferase increased","Aspartate aminotransferase increased","Investigations","SEVERE","3","Y","N","N","58","61","2012-03-03","2012-03-06","2012-01-01"
"AA-AA-000-0000","S13749","1","Diarrhoea","Diarrhoea","Gastrointestinal disorders","MILD","1","N","Y","N","5","15","2012-03-13","2012-03-23","2012-03-01"
"AA-AA-000-0000","S13749","2","Dyspnoea","Dyspnoea","Respiratory, thoracic and mediastinal disorders","SEVERE","3","Y","Y","Y","18","20","2012-03-26","2012-03-28","2012-03-01"
"AA-AA-000-0000","S13775","1","Upper respiratory tract infection","Upper respiratory tract infection","Infections and infestations","SEVERE","3","Y","Y","Y","1","2","2012-03-27","2012-03-28","2012-03-01"
"AA-AA-000-0000","S13810","1","Platelet count decreased","Platelet count decreased","Investigations","MILD","1","N","Y","Y","37","38","2012-03-27","2012-03-28","2012-02-01"
"AA-AA-000-0000","S13810","2","Hypokalaemia","Hypokalaemia","Metabolism and nutrition disorders","MILD","1","N","Y","N","32","37","2012-03-22","2012-03-27","2012-02-01"
"AA-AA-000-0000","S13810","3","Headache","Headache","Nervous system disorders","MILD","1","N","N","Y","22","38","2012-03-12","2012-03-28","2012-02-01"
"AA-AA-000-0000","S13810","4","Blood bilirubin increased","Blood bilirubin increased","Investigations","MILD","1","N","Y","Y","20","38","2012-03-10","2012-03-28","2012-02-01"
"AA-AA-000-0000","S13810","5","Cough","Cough","Respiratory, thoracic and mediastinal disorders","MODERATE","2","N","Y","N","28","29","2012-03-18","2012-03-19","2012-02-01"
"AA-AA-000-0000","S13810","6","Platelet count decreased","Platelet count decreased","Investigations","MODERATE","2","N","N","N","24","36","2012-03-14","2012-03-26","2012-02-01"
"AA-AA-000-0000","S13810","7","Hypokalaemia","Hypokalaemia","Metabolism and nutrition disorders","MILD","1","N","N","N","28","31","2012-03-18","2012-03-21","2012-02-01"
"AA-AA-000-0000","S13810","8","Back pain","Back pain","Musculoskeletal and connective tissue disorders","LIFE THREATENING","4","N","Y","N","22","37","2012-03-12","2012-03-27","2012-02-01"
"AA-AA-000-0000","S13810","9","Arthralgia","Arthralgia","Musculoskeletal and connective tissue disorders","MILD","1","N","Y","Y","30","38","2012-03-20","2012-03-28","2012-02-01"
"AA-AA-000-0000","S13810","10","Pruritus","Pruritus","Skin and subcutaneous tissue disorders","MILD","1","N","N","N","9","10","2012-02-28","2012-02-29","2012-02-01"
"AA-AA-000-0000","S13839","1","Alanine aminotransferase increased","Alanine aminotransferase increased","Investigations","MODERATE","2","N","Y","Y","6","18","2012-03-16","2012-03-28","2012-03-01"
"AA-AA-000-0000","S13839","2","Alanine aminotransferase increased","Alanine aminotransferase increased","Investigations","MILD","1","N","N","N","12","14","2012-03-22","2012-03-24","2012-03-01"
"AA-AA-000-0000","S13839","3","Hypokalaemia","Hypokalaemia","Metabolism and nutrition disorders","MILD","1","N","N","N","12","14","2012-03-22","2012-03-24","2012-03-01"
"AA-AA-000-0000","S13839","4","Nausea","Nausea","Gastrointestinal disorders","MILD","1","N","N","N","2","14","2012-03-12","2012-03-24","2012-03-01"
"AA-AA-000-0000","S13976","1","Platelet count decreased","Platelet count decreased","Investigations","MODERATE","2","N","Y","Y","17","23","2012-03-22","2012-03-28","2012-03-01"
"AA-AA-000-0000","S13976","2","Decreased appetite","Decreased appetite","Metabolism and nutrition disorders","MILD","1","N","N","N","4","15","2012-03-09","2012-03-20","2012-03-01"
"AA-AA-000-0000","S13976","3","Diarrhoea","Diarrhoea","Gastrointestinal disorders","MODERATE","2","N","N","Y","23","23","2012-03-28","2012-03-28","2012-03-01"
"AA-AA-000-0000","S14046","1","Chills","Chills","General disorders and administration site conditions","SEVERE","3","Y","Y","Y","30","33","2012-03-25","2012-03-28","2012-02-01"
"AA-AA-000-0000","S14201","1","Vomiting","Vomiting","Gastrointestinal disorders","LIFE THREATENING","4","Y","N","N","37","40","2012-03-20","2012-03-23","2012-02-01"
"AA-AA-000-0000","S14454","1","Constipation","Constipation","Gastrointestinal disorders","MODERATE","2","N","Y","N","19","22","2012-02-05","2012-02-08","2012-01-01"
"AA-AA-000-0000","S14454","2","Chills","Chills","General disorders and administration site conditions","MODERATE","2","N","Y","N","29","54","2012-02-15","2012-03-11","2012-01-01"
"AA-AA-000-0000","S14454","3","Decreased appetite","Decreased appetite","Metabolism and nutrition disorders","SEVERE","3","N","N","N","37","61","2012-02-23","2012-03-18","2012-01-01"
"AA-AA-000-0000","S14454","4","Dyspnoea","Dyspnoea","Respiratory, thoracic and mediastinal disorders","MILD","1","N","Y","N","41","44","2012-02-27","2012-03-01","2012-01-01"
"AA-AA-000-0000","S14454","5","Somnolence","Somnolence","Nervous system disorders","MILD","1","N","Y","N","15","17","2012-02-01","2012-02-03","2012-01-01"
"AA-AA-000-0000","S14454","6","Blood bilirubin increased","Blood bilirubin increased","Investigations","MILD","1","N","Y","N","50","56","2012-03-07","2012-03-13","2012-01-01"
"AA-AA-000-0000","S14454","7","Cough","Cough","Respiratory, thoracic and mediastinal disorders","MODERATE","2","N","Y","N","55","60","2012-03-12","2012-03-17","2012-01-01"
"AA-AA-000-0000","S14454","8","Upper respiratory tract infection","Upper respiratory tract infection","Infections and infestations","MODERATE","2","N","N","N","57","60","2012-03-14","2012-03-17","2012-01-01"
"AA-AA-000-0000","S14454","9","Nasopharyngitis","Nasopharyngitis","Infections and infestations","MILD","1","N","N","N","53","63","2012-03-10","2012-03-20","2012-01-01"
"AA-AA-000-0000","S14454","10","Vomiting","Vomiting","Gastrointestinal disorders","MILD","1","N","Y","N","50","52","2012-03-07","2012-03-09","2012-01-01"
"AA-AA-000-0000","S14454","11","Thrombocytopenia","Thrombocytopenia","Blood and lymphatic system disorders","MODERATE","2","N","N","N","39","41","2012-02-25","2012-02-27","2012-01-01"
"AA-AA-000-0000","S14454","12","Decreased appetite","Decreased appetite","Metabolism and nutrition disorders","MODERATE","2","N","N","N","1","6","2012-01-18","2012-01-23","2012-01-01"
"AA-AA-000-0000","S14454","13","Pyrexia","Pyrexia","General disorders and administration site conditions","MODERATE","2","N","N","N","51","53","2012-03-08","2012-03-10","2012-01-01"
"AA-AA-000-0000","S14454","14","Aspartate aminotransferase increased","Aspartate aminotransferase increased","Investigations","LIFE THREATENING","4","Y","N","N","17","31","2012-02-03","2012-02-17","2012-01-01"
"AA-AA-000-0000","S14454","15","Cough","Cough","Respiratory, thoracic and mediastinal disorders","SEVERE","3","Y","N","N","57","61","2012-03-14","2012-03-18","2012-01-01"
"AA-AA-000-0000","S14454","16","Anaemia","Anaemia","Blood and lymphatic system disorders","MODERATE","2","N","Y","N","5","21","2012-01-22","2012-02-07","2012-01-01"
"AA-AA-000-0000","S14454","17","Anaemia","Anaemia","Blood and lymphatic system disorders","MODERATE","2","N","Y","N","55","65","2012-03-12","2012-03-22","2012-01-01"
"AA-AA-000-0000","S14454","18","Pyrexia","Pyrexia","General disorders and administration site conditions","LIFE THREATENING","4","Y","N","Y","68","71","2012-03-25","2012-03-28","2012-01-01"
"AA-AA-000-0000","S14454","19","Pyrexia","Pyrexia","General disorders and administration site conditions","MODERATE","2","N","N","N","57","59","2012-03-14","2012-03-16","2012-01-01"
"AA-AA-000-0000","S14454","20","Alanine aminotransferase increased","Alanine aminotransferase increased","Investigations","MILD","1","N","Y","N","13","16","2012-01-30","2012-02-02","2012-01-01"
"AA-AA-000-0000","S14454","21","Hypokalaemia","Hypokalaemia","Metabolism and nutrition disorders","MODERATE","2","N","Y","Y","39","71","2012-02-25","2012-03-28","2012-01-01"
"AA-AA-000-0000","S14454","22","Myalgia","Myalgia","Musculoskeletal and connective tissue disorders","MODERATE","2","N","N","N","20","26","2012-02-06","2012-02-12","2012-01-01"
"AA-AA-000-0000","S14454","23","Abdominal pain","Abdominal pain","Gastrointestinal disorders","MODERATE","2","N","N","N","63","64","2012-03-20","2012-03-21","2012-01-01"
"AA-AA-000-0000","S14454","24","Pyrexia","Pyrexia","General disorders and administration site conditions","MILD","1","N","Y","N","48","55","2012-03-05","2012-03-12","2012-01-01"
"AA-AA-000-0000","S15030","1","Alanine aminotransferase increased","Alanine aminotransferase increased","Investigations","LIFE THREATENING","4","N","N","N","43","50","2012-02-29","2012-03-07","2012-01-01"
"AA-AA-000-0000","S15030","2","Nausea","Nausea","Gastrointestinal disorders","LIFE THREATENING","4","N","Y","Y","70","71","2012-03-27","2012-03-28","2012-01-01"
"AA-AA-000-0000","S15030","3","Alanine aminotransferase increased","Alanine aminotransferase increased","Investigations","LIFE THREATENING","4","Y","Y","N","3","14","2012-01-20","2012-01-31","2012-01-01"
"AA-AA-000-0000","S15079","1","Blood bilirubin increased","Blood bilirubin increased","Investigations","MILD","1","N","Y","N","15","25","2012-03-17","2012-03-27","2012-03-01"
"AA-AA-000-0000","S15149","1","Blood bilirubin increased","Blood bilirubin increased","Investigations","MODERATE","2","Y","N","N","19","20","2012-03-22","2012-03-23","2012-03-01"
"AA-AA-000-0000","S15149","2","Nausea","Nausea","Gastrointestinal disorders","SEVERE","3","N","Y","N","5","8","2012-03-08","2012-03-11","2012-03-01"
"AA-AA-000-0000","S15149","3","Abdominal pain","Abdominal pain","Gastrointestinal disorders","MODERATE","2","N","N","N","1","2","2012-03-04","2012-03-05","2012-03-01"
"AA-AA-000-0000","S15149","4","Constipation","Constipation","Gastrointestinal disorders","SEVERE","3","N","N","N","10","16","2012-03-13","2012-03-19","2012-03-01"
"AA-AA-000-0000","S15521","1","Alanine aminotransferase increased","Alanine aminotransferase increased","Investigations","MODERATE","2","N","Y","N","23","46","2012-02-17","2012-03-11","2012-01-01"
"AA-AA-000-0000","S15521","2","Chills","Chills","General disorders and administration site conditions","MILD","1","N","Y","N","28","40","2012-02-22","2012-03-05","2012-01-01"
"AA-AA-000-0000","S15521","3","Fatigue","Fatigue","General disorders and administration site conditions","SEVERE","3","Y","N","N","22","26","2012-02-16","2012-02-20","2012-01-01"
"AA-AA-000-0000","S15521","4","Decreased appetite","Decreased appetite","Metabolism and nutrition disorders","MILD","1","N","Y","N","23","25","2012-02-17","2012-02-19","2012-01-01"
"AA-AA-000-0000","S15521","5","Diarrhoea","Diarrhoea","Gastrointestinal disorders","MODERATE","2","N","Y","N","28","30","2012-02-22","2012-02-24","2012-01-01"
"AA-AA-000-0000","S15521","6","Nausea","Nausea","Gastrointestinal disorders","MODERATE","2","Y","Y","N","23","30","2012-02-17","2012-02-24","2012-01-01"
"AA-AA-000-0000","S15521","7","Somnolence","Somnolence","Nervous system disorders","SEVERE","3","Y","Y","N","15","21","2012-02-09","2012-02-15","2012-01-01"
"AA-AA-000-0000","S15521","8","Fatigue","Fatigue","General disorders and administration site conditions","MODERATE","2","N","Y","Y","54","63","2012-03-19","2012-03-28","2012-01-01"
"AA-AA-000-0000","S15521","9","Nausea","Nausea","Gastrointestinal disorders","MODERATE","2","N","Y","N","50","56","2012-03-15","2012-03-21","2012-01-01"
"AA-AA-000-0000","S15727","1","Thrombocytopenia","Thrombocytopenia","Blood and lymphatic system disorders","MODERATE","2","N","Y","Y","31","40","2012-03-19","2012-03-28","2012-02-01"
"AA-AA-000-0000","S15727","2","Fatigue","Fatigue","General disorders and administration site conditions","MILD","1","N","N","Y","38","40","2012-03-26","2012-03-28","2012-02-01"
"AA-AA-000-0000","S15727","3","Neutropenia","Neutropenia","Blood and lymphatic system disorders","MILD","1","N","N","N","37","38","2012-03-25","2012-03-26","2012-02-01"
"AA-AA-000-0000","S15727","4","Vomiting","Vomiting","Gastrointestinal disorders","MODERATE","2","N","N","N","17","27","2012-03-05","2012-03-15","2012-02-01"
"AA-AA-000-0000","S15727","5","Dyspnoea","Dyspnoea","Respiratory, thoracic and mediastinal disorders","MODERATE","2","N","N","N","4","13","2012-02-21","2012-03-01","2012-02-01"
"AA-AA-000-0000","S15727","6","Upper respiratory tract infection","Upper respiratory tract infection","Infections and infestations","MILD","1","Y","Y","Y","37","40","2012-03-25","2012-03-28","2012-02-01"
"AA-AA-000-0000","S15727","7","Abdominal pain","Abdominal pain","Gastrointestinal disorders","MILD","1","Y","N","N","23","24","2012-03-11","2012-03-12","2012-02-01"
"AA-AA-000-0000","S15727","8","Nasopharyngitis","Nasopharyngitis","Infections and infestations","MILD","1","N","Y","N","6","21","2012-02-23","2012-03-09","2012-02-01"
"AA-AA-000-0000","S15734","1","Abdominal pain","Abdominal pain","Gastrointestinal disorders","LIFE THREATENING","4","Y","N","N","13","23","2012-02-04","2012-02-14","2012-01-01"
"AA-AA-000-0000","S15734","2","Nasopharyngitis","Nasopharyngitis","Infections and infestations","MODERATE","2","N","N","N","22","27","2012-02-13","2012-02-18","2012-01-01"
"AA-AA-000-0000","S15734","3","Vomiting","Vomiting","Gastrointestinal disorders","MODERATE","2","N","Y","N","27","51","2012-02-18","2012-03-13","2012-01-01"
"AA-AA-000-0000","S15734","4","Dizziness","Dizziness","Nervous system disorders","MODERATE","2","N","N","N","6","12","2012-01-28","2012-02-03","2012-01-01"
"AA-AA-000-0000","S15734","5","Cough","Cough","Respiratory, thoracic and mediastinal disorders","MODERATE","2","N","Y","N","50","59","2012-03-12","2012-03-21","2012-01-01"
"AA-AA-000-0000","S15848","1","Dizziness","Dizziness","Nervous system disorders","MODERATE","2","N","N","Y","4","7","2012-03-25","2012-03-28","2012-03-01"
"AA-AA-000-0000","S16215","1","Alanine aminotransferase increased","Alanine aminotransferase increased","Investigations","MILD","1","N","Y","Y","4","5","2012-03-27","2012-03-28","2012-03-01"
"AA-AA-000-0000","S16215","2","Nausea","Nausea","Gastrointestinal disorders","MODERATE","2","N","N","Y","5","5","2012-03-28","2012-03-28","2012-03-01"
"AA-AA-000-0000","S16216","1","Neutropenia","Neutropenia","Blood and lymphatic system disorders","SEVERE","3","N","Y","N","17","29","2012-03-09","2012-03-21","2012-02-01"
"AA-AA-000-0000","S16216","2","Myalgia","Myalgia","Musculoskeletal and connective tissue disorders","MILD","1","N","N","N","9","14","2012-03-01","2012-03-06","2012-02-01"
"AA-AA-000-0000","S16271","1","Blood bilirubin increased","Blood bilirubin increased","Investigations","MILD","1","N","Y","Y","26","27","2012-03-27","2012-03-28","2012-03-01"
"AA-AA-000-0000","S16470","1","Rash","Rash","Skin and subcutaneous tissue disorders","MILD","1","N","N","N","25","38","2012-03-07","2012-03-20","2012-02-01"
"AA-AA-000-0000","S16470","2","Headache","Headache","Nervous system disorders","SEVERE","3","Y","Y","N","22","25","2012-03-04","2012-03-07","2012-02-01"
"AA-AA-000-0000","S16470","3","Constipation","Constipation","Gastrointestinal disorders","MILD","1","N","Y","N","32","36","2012-03-14","2012-03-18","2012-02-01"
"AA-AA-000-0000","S16470","4","Decreased appetite","Decreased appetite","Metabolism and nutrition disorders","SEVERE","3","N","N","N","25","34","2012-03-07","2012-03-16","2012-02-01"
"AA-AA-000-0000","S1663","1","Alanine aminotransferase increased","Alanine aminotransferase increased","Investigations","MODERATE","2","N","N","N","34","38","2012-02-27","2012-03-02","2012-01-01"
"AA-AA-000-0000","S16950","1","Thrombocytopenia","Thrombocytopenia","Blood and lymphatic system disorders","MODERATE","2","N","Y","N","13","14","2012-03-24","2012-03-25","2012-03-01"
"AA-AA-000-0000","S16950","2","Anaemia","Anaemia","Blood and lymphatic system disorders","SEVERE","3","N","N","Y","16","17","2012-03-27","2012-03-28","2012-03-01"
"AA-AA-000-0000","S16950","3","Aspartate aminotransferase increased","Aspartate aminotransferase increased","Investigations","SEVERE","3","Y","N","Y","16","17","2012-03-27","2012-03-28","2012-03-01"
"AA-AA-000-0000","S16950","4","Paraesthesia","Paraesthesia","Nervous system disorders","LIFE THREATENING","4","N","N","N","4","6","2012-03-15","2012-03-17","2012-03-01"
"AA-AA-000-0000","S17026","1","Aspartate aminotransferase increased","Aspartate aminotransferase increased","Investigations","LIFE THREATENING","4","N","N","Y","13","22","2012-03-19","2012-03-28","2012-03-01"
"AA-AA-000-0000","S17026","2","Anaemia","Anaemia","Blood and lymphatic system disorders","MILD","1","Y","N","Y","20","22","2012-03-26","2012-03-28","2012-03-01"
"AA-AA-000-0000","S17064","1","Neutropenia","Neutropenia","Blood and lymphatic system disorders","MILD","1","N","N","N","48","50","2012-02-23","2012-02-25","2012-01-01"
"AA-AA-000-0000","S17064","2","Thrombocytopenia","Thrombocytopenia","Blood and lymphatic system disorders","MODERATE","2","N","N","Y","77","82","2012-03-23","2012-03-28","2012-01-01"
"AA-AA-000-0000","S17064","3","Vomiting","Vomiting","Gastrointestinal disorders","SEVERE","3","N","Y","N","51","52","2012-02-26","2012-02-27","2012-01-01"
"AA-AA-000-0000","S17064","4","Nausea","Nausea","Gastrointestinal disorders","MILD","1","N","Y","N","70","75","2012-03-16","2012-03-21","2012-01-01"
"AA-AA-000-0000","S17064","5","Abdominal pain","Abdominal pain","Gastrointestinal disorders","LIFE THREATENING","4","Y","Y","Y","77","82","2012-03-23","2012-03-28","2012-01-01"
"AA-AA-000-0000","S17427","1","Urinary tract infection","Urinary tract infection","Infections and infestations","SEVERE","3","N","Y","N","56","64","2012-03-09","2012-03-17","2012-01-01"
"AA-AA-000-0000","S17427","2","Constipation","Constipation","Gastrointestinal disorders","MILD","1","Y","Y","N","45","48","2012-02-27","2012-03-01","2012-01-01"
"AA-AA-000-0000","S17427","3","Hypokalaemia","Hypokalaemia","Metabolism and nutrition disorders","MODERATE","2","N","Y","N","67","69","2012-03-20","2012-03-22","2012-01-01"
"AA-AA-000-0000","S17427","4","Platelet count decreased","Platelet count decreased","Investigations","MODERATE","2","N","N","N","39","51","2012-02-21","2012-03-04","2012-01-01"
"AA-AA-000-0000","S17427","5","Vomiting","Vomiting","Gastrointestinal disorders","MILD","1","N","Y","N","67","72","2012-03-20","2012-03-25","2012-01-01"
"AA-AA-000-0000","S17427","6","Dizziness","Dizziness","Nervous system disorders","MILD","1","N","Y","N","21","25","2012-02-03","2012-02-07","2012-01-01"
"AA-AA-000-0000","S17427","7","Neutropenia","Neutropenia","Blood and lymphatic system disorders","MILD","1","N","N","N","37","42","2012-02-19","2012-02-24","2012-01-01"
"AA-AA-000-0000","S17427","8","Hypokalaemia","Hypokalaemia","Metabolism and nutrition disorders","MODERATE","2","N","Y","N","26","29","2012-02-08","2012-02-11","2012-01-01"
"AA-AA-000-0000","S17427","9","Vomiting","Vomiting","Gastrointestinal disorders","MODERATE","2","N","Y","Y","75","75","2012-03-28","2012-03-28","2012-01-01"
"AA-AA-000-0000","S17427","10","Alanine aminotransferase increased","Alanine aminotransferase increased","Investigations","MILD","1","Y","Y","N","52","59","2012-03-05","2012-03-12","2012-01-01"
"AA-AA-000-0000","S17499","1","Anaemia","Anaemia","Blood and lymphatic system disorders","MODERATE","2","N","Y","N","26","38","2012-03-13","2012-03-25","2012-02-01"
"AA-AA-000-0000","S17499","2","Blood bilirubin increased","Blood bilirubin increased","Investigations","MILD","1","N","Y","N","8","18","2012-02-24","2012-03-05","2012-02-01"
"AA-AA-000-0000","S17499","3","Alanine aminotransferase increased","Alanine aminotransferase increased","Investigations","LIFE THREATENING","4","Y","Y","Y","36","41","2012-03-23","2012-03-28","2012-02-01"
"AA-AA-000-0000","S17499","4","Paraesthesia","Paraesthesia","Nervous system disorders","MODERATE","2","N","Y","N","21","30","2012-03-08","2012-03-17","2012-02-01"
"AA-AA-000-0000","S17499","5","Dizziness","Dizziness","Nervous system disorders","SEVERE","3","N","N","N","35","40","2012-03-22","2012-03-27","2012-02-01"
"AA-AA-000-0000","S18113","1","Back pain","Back pain","Musculoskeletal and connective tissue disorders","MILD","1","N","Y","Y","46","60","2012-03-14","2012-03-28","2012-01-01"
"AA-AA-000-0000","S18113","2","Thrombocytopenia","Thrombocytopenia","Blood and lymphatic system disorders","MILD","1","N","Y","N","20","21","2012-02-17","2012-02-18","2012-01-01"
"AA-AA-000-0000","S18113","3","Diarrhoea","Diarrhoea","Gastrointestinal disorders","SEVERE","3","N","Y","N","28","38","2012-02-25","2012-03-06","2012-01-01"
"AA-AA-000-0000","S18113","4","Urinary tract infection","Urinary tract infection","Infections and infestations","MILD","1","N","N","N","40","41","2012-03-08","2012-03-09","2012-01-01"
"AA-AA-000-0000","S18113","5","Thrombocytopenia","Thrombocytopenia","Blood and lymphatic system disorders","MODERATE","2","N","Y","N","42","59","2012-03-10","2012-03-27","2012-01-01"
"AA-AA-000-0000","S18151","1","Myalgia","Myalgia","Musculoskeletal and connective tissue disorders","MODERATE","2","N","N","Y","15","20","2012-03-23","2012-03-28","2012-03-01"
"AA-AA-000-0000","S18151","2","Abdominal pain","Abdominal pain","Gastrointestinal disorders","MILD","1","N","Y","N","5","6","2012-03-13","2012-03-14","2012-03-01"
"AA-AA-000-0000","S18151","3","Pruritus","Pruritus","Skin and subcutaneous tissue disorders","MILD","1","N","Y","N","8","10","2012-03-16","2012-03-18","2012-03-01"
"AA-AA-000-0000","S18183","1","Dizziness","Dizziness","Nervous system disorders","MODERATE","2","Y","N","N","1","3","2012-03-09","2012-03-11","2012-03-01"
"AA-AA-000-0000","S18183","2","Abdominal pain","Abdominal pain","Gastrointestinal disorders","MILD","1","Y","N","N","6","17","2012-03-14","2012-03-25","2012-03-01"
"AA-AA-000-0000","S18875","1","Chills","Chills","General disorders and administration site conditions","MODERATE","2","N","N","N","52","55","2012-03-19","2012-03-22","2012-01-01"
"AA-AA-000-0000","S18875","2","Hypokalaemia","Hypokalaemia","Metabolism and nutrition disorders","MILD","1","N","N","N","32","36","2012-02-28","2012-03-03","2012-01-01"
"AA-AA-000-0000","S18875","3","Dizziness","Dizziness","Nervous system disorders","MODERATE","2","N","Y","N","29","33","2012-02-25","2012-02-29","2012-01-01"
"AA-AA-000-0000","S18924","1","Blood bilirubin increased","Blood bilirubin increased","Investigations","MILD","1","Y","N","N","26","31","2012-03-11","2012-03-16","2012-02-01"
"AA-AA-000-0000","S18924","2","Myalgia","Myalgia","Musculoskeletal and connective tissue disorders","SEVERE","3","N","N","N","28","33","2012-03-13","2012-03-18","2012-02-01"
"AA-AA-000-0000","S19156","1","Aspartate aminotransferase increased","Aspartate aminotransferase increased","Investigations","MODERATE","2","N","Y","N","79","81","2012-03-19","2012-03-21","2012-01-01"
"AA-AA-000-0000","S19156","2","Alanine aminotransferase increased","Alanine aminotransferase increased","Investigations","LIFE THREATENING","4","Y","N","N","1","27","2012-01-01","2012-01-27","2012-01-01"
"AA-AA-000-0000","S19156","3","Dizziness","Dizziness","Nervous system disorders","MILD","1","N","N","Y","82","88","2012-03-22","2012-03-28","2012-01-01"
"AA-AA-000-0000","S19156","4","Alanine aminotransferase increased","Alanine aminotransferase increased","Investigations","MILD","1","N","Y","Y","79","88","2012-03-19","2012-03-28","2012-01-01"
"AA-AA-000-0000","S19156","5","Blood bilirubin increased","Blood bilirubin increased","Investigations","MILD","1","N","Y","N","58","80","2012-02-27","2012-03-20","2012-01-01"
"AA-AA-000-0000","S19156","6","Abdominal pain","Abdominal pain","Gastrointestinal disorders","MILD","1","N","N","Y","77","88","2012-03-17","2012-03-28","2012-01-01"
"AA-AA-000-0000","S19156","7","Neutropenia","Neutropenia","Blood and lymphatic system disorders","LIFE THREATENING","4","N","N","N","44","53","2012-02-13","2012-02-22","2012-01-01"
"AA-AA-000-0000","S19156","8","Nausea","Nausea","Gastrointestinal disorders","MILD","1","N","N","N","5","15","2012-01-05","2012-01-15","2012-01-01"
"AA-AA-000-0000","S19156","9","Neutropenia","Neutropenia","Blood and lymphatic system disorders","MILD","1","N","Y","N","15","17","2012-01-15","2012-01-17","2012-01-01"
"AA-AA-000-0000","S19156","10","Back pain","Back pain","Musculoskeletal and connective tissue disorders","MILD","1","N","Y","N","17","38","2012-01-17","2012-02-07","2012-01-01"
"AA-AA-000-0000","S19368","1","Back pain","Back pain","Musculoskeletal and connective tissue disorders","MODERATE","2","N","Y","N","7","25","2012-03-07","2012-03-25","2012-03-01"
"AA-AA-000-0000","S19368","2","Back pain","Back pain","Musculoskeletal and connective tissue disorders","MILD","1","N","Y","Y","6","28","2012-03-06","2012-03-28","2012-03-01"
"AA-AA-000-0000","S19368","3","Blood bilirubin increased","Blood bilirubin increased","Investigations","MILD","1","N","N","N","5","11","2012-03-05","2012-03-11","2012-03-01"
"AA-AA-000-0000","S19368","4","Nasopharyngitis","Nasopharyngitis","Infections and infestations","SEVERE","3","Y","N","N","4","10","2012-03-04","2012-03-10","2012-03-01"
"AA-AA-000-0000","S19368","5","Fatigue","Fatigue","General disorders and administration site conditions","MODERATE","2","N","Y","N","4","15","2012-03-04","2012-03-15","2012-03-01"
"AA-AA-000-0000","S19368","6","Vomiting","Vomiting","Gastrointestinal disorders","SEVERE","3","N","N","Y","13","28","2012-03-13","2012-03-28","2012-03-01"
"AA-AA-000-0000","S19380","1","Aspartate aminotransferase increased","Aspartate aminotransferase increased","Investigations","MILD","1","N","Y","N","17","32","2012-03-01","2012-03-16","2012-02-01"
"AA-AA-000-0000","S19484","1","Platelet count decreased","Platelet count decreased","Investigations","SEVERE","3","Y","Y","Y","31","46","2012-03-13","2012-03-28","2012-02-01"
"AA-AA-000-0000","S19484","2","Nausea","Nausea","Gastrointestinal disorders","MODERATE","2","N","Y","Y","37","46","2012-03-19","2012-03-28","2012-02-01"
"AA-AA-000-0000","S19484","3","Blood bilirubin increased","Blood bilirubin increased","Investigations","MILD","1","N","N","N","33","42","2012-03-15","2012-03-24","2012-02-01"
"AA-AA-000-0000","S19484","4","Abdominal pain","Abdominal pain","Gastrointestinal disorders","MILD","1","N","N","N","7","13","2012-02-18","2012-02-24","2012-02-01"
"AA-AA-000-0000","S19484","5","Neutropenia","Neutropenia","Blood and lymphatic system disorders","MODERATE","2","N","N","N","16","23","2012-02-27","2012-03-05","2012-02-01"
"AA-AA-000-0000","S19484","6","Diarrhoea","Diarrhoea","Gastrointestinal disorders","SEVERE","3","Y","N","N","10","35","2012-02-21","2012-03-17","2012-02-01"
"AA-AA-000-0000","S19678","1","Alanine aminotransferase increased","Alanine aminotransferase increased","Investigations","MILD","1","N","N","N","36","42","2012-03-14","2012-03-20","2012-02-01"
"AA-AA-000-0000","S19678","2","Platelet count decreased","Platelet count decreased","Investigations","MILD","1","N","Y","N","26","36","2012-03-04","2012-03-14","2012-02-01"
"AA-AA-000-0000","S19678","3","Hypokalaemia","Hypokalaemia","Metabolism and nutrition disorders","SEVERE","3","Y","N","Y","48","50","2012-03-26","2012-03-28","2012-02-01"
"AA-AA-000-0000","S19678","4","Anaemia","Anaemia","Blood and lymphatic system disorders","MODERATE","2","N","N","N","39","44","2012-03-17","2012-03-22","2012-02-01"
"AA-AA-000-0000","S19678","5","Thrombocytopenia","Thrombocytopenia","Blood and lymphatic system disorders","MODERATE","2","N","N","N","18","46","2012-02-25","2012-03-24","2012-02-01"
"AA-AA-000-0000","S19752","1","Aspartate aminotransferase increased","Aspartate aminotransferase increased","Investigations","MILD","1","N","Y","N","7","19","2012-02-24","2012-03-07","2012-02-01"
"AA-AA-000-0000","S19752","2","Blood bilirubin increased","Blood bilirubin increased","Investigations","LIFE THREATENING","4","N","Y","Y","20","40","2012-03-08","2012-03-28","2012-02-01"
"AA-AA-000-0000","S19752","3","Aspartate aminotransferase increased","Aspartate aminotransferase increased","Investigations","MILD","1","N","Y","Y","30","40","2012-03-18","2012-03-28","2012-02-01"
"AA-AA-000-0000","S19752","4","Nausea","Nausea","Gastrointestinal disorders","MILD","1","N","Y","N","30","33","2012-03-18","2012-03-21","2012-02-01"
"AA-AA-000-0000","S19752","5","Anaemia","Anaemia","Blood and lymphatic system disorders","MILD","1","Y","N","N","1","11","2012-02-18","2012-02-28","2012-02-01"
"AA-AA-000-0000","S19752","6","Platelet count decreased","Platelet count decreased","Investigations","SEVERE","3","Y","N","N","31","38","2012-03-19","2012-03-26","2012-02-01"
"AA-AA-000-0000","S19752","7","Abdominal pain","Abdominal pain","Gastrointestinal disorders","LIFE THREATENING","4","Y","Y","Y","30","40","2012-03-18","2012-03-28","2012-02-01"
"AA-AA-000-0000","S19752","8","Abdominal pain","Abdominal pain","Gastrointestinal disorders","MILD","1","N","Y","Y","38","40","2012-03-26","2012-03-28","2012-02-01"
"AA-AA-000-0000","S19752","9","Aspartate aminotransferase increased","Aspartate aminotransferase increased","Investigations","MILD","1","N","Y","Y","38","40","2012-03-26","2012-03-28","2012-02-01"
"AA-AA-000-0000","S19752","10","Back pain","Back pain","Musculoskeletal and connective tissue disorders","MILD","1","N","N","N","32","35","2012-03-20","2012-03-23","2012-02-01"
"AA-AA-000-0000","S19752","11","Back pain","Back pain","Musculoskeletal and connective tissue disorders","MODERATE","2","N","Y","N","35","36","2012-03-23","2012-03-24","2012-02-01"
"AA-AA-000-0000","S19752","12","Blood bilirubin increased","Blood bilirubin increased","Investigations","SEVERE","3","Y","N","Y","40","40","2012-03-28","2012-03-28","2012-02-01"
"AA-AA-000-0000","S19776","1","Abdominal pain","Abdominal pain","Gastrointestinal disorders","MODERATE","2","N","Y","N","22","28","2012-03-21","2012-03-27","2012-02-01"
"AA-AA-000-0000","S19812","1","Hypokalaemia","Hypokalaemia","Metabolism and nutrition disorders","MODERATE","2","N","Y","Y","1","1","2012-03-28","2012-03-28","2012-03-01"
"AA-AA-000-0000","S19838","1","Diarrhoea","Diarrhoea","Gastrointestinal disorders","MILD","1","N","Y","N","7","9","2012-03-24","2012-03-26","2012-03-01"
"AA-AA-000-0000","S19838","2","Vomiting","Vomiting","Gastrointestinal disorders","MODERATE","2","N","N","Y","5","11","2012-03-22","2012-03-28","2012-03-01"
"AA-AA-000-0000","S19838","3","Thrombocytopenia","Thrombocytopenia","Blood and lymphatic system disorders","MILD","1","N","N","Y","3","11","2012-03-20","2012-03-28","2012-03-01"
"AA-AA-000-0000","S20392","1","Rash","Rash","Skin and subcutaneous tissue disorders","MODERATE","2","N","N","N","13","16","2012-03-17","2012-03-20","2012-03-01"
"AA-AA-000-0000","S20971","1","Somnolence","Somnolence","Nervous system disorders","MILD","1","N","Y","N","22","40","2012-02-15","2012-03-04","2012-01-01"
"AA-AA-000-0000","S20971","2","Chills","Chills","General disorders and administration site conditions","MILD","1","N","N","N","35","63","2012-02-28","2012-03-27","2012-01-01"
"AA-AA-000-0000","S20971","3","Abdominal pain","Abdominal pain","Gastrointestinal disorders","MILD","1","N","N","N","4","30","2012-01-28","2012-02-23","2012-01-01"
"AA-AA-000-0000","S20971","4","Rash","Rash","Skin and subcutaneous tissue disorders","MODERATE","2","N","N","N","31","34","2012-02-24","2012-02-27","2012-01-01"
"AA-AA-000-0000","S20971","5","Abdominal pain","Abdominal pain","Gastrointestinal disorders","MILD","1","N","Y","N","41","42","2012-03-05","2012-03-06","2012-01-01"
"AA-AA-000-0000","S20971","6","Vomiting","Vomiting","Gastrointestinal disorders","MILD","1","N","Y","N","12","15","2012-02-05","2012-02-08","2012-01-01"
"AA-AA-000-0000","S20971","7","Back pain","Back pain","Musculoskeletal and connective tissue disorders","SEVERE","3","Y","Y","N","43","56","2012-03-07","2012-03-20","2012-01-01"
"AA-AA-000-0000","S21162","1","Upper respiratory tract infection","Upper respiratory tract infection","Infections and infestations","MILD","1","N","Y","N","11","19","2012-03-18","2012-03-26","2012-03-01"
"AA-AA-000-0000","S21162","2","Fatigue","Fatigue","General disorders and administration site conditions","MODERATE","2","N","Y","Y","17","21","2012-03-24","2012-03-28","2012-03-01"
"AA-AA-000-0000","S21162","3","Thrombocytopenia","Thrombocytopenia","Blood and lymphatic system disorders","MILD","1","N","Y","Y","19","21","2012-03-26","2012-03-28","2012-03-01"
"AA-AA-000-0000","S21162","4","Blood bilirubin increased","Blood bilirubin increased","Investigations","MILD","1","N","N","Y","18","21","2012-03-25","2012-03-28","2012-03-01"
"AA-AA-000-0000","S21191","1","Aspartate aminotransferase increased","Aspartate aminotransferase increased","Investigations","SEVERE","3","Y","N","N","7","11","2012-03-05","2012-03-09","2012-02-01"
"AA-AA-000-0000","S21191","2","Neutropenia","Neutropenia","Blood and lymphatic system disorders","MILD","1","N","N","N","9","13","2012-03-07","2012-03-11","2012-02-01"
"AA-AA-000-0000","S21191","3","Aspartate aminotransferase increased","Aspartate aminotransferase increased","Investigations","MODERATE","2","N","Y","N","4","14","2012-03-02","2012-03-12","2012-02-01"
"AA-AA-000-0000","S21217","1","Constipation","Constipation","Gastrointestinal disorders","MILD","1","N","Y","N","7","11","2012-03-12","2012-03-16","2012-03-01"
"AA-AA-000-0000","S21217","2","Abdominal pain","Abdominal pain","Gastrointestinal disorders","MODERATE","2","N","N","Y","16","23","2012-03-21","2012-03-28","2012-03-01"
"AA-AA-000-0000","S2143","1","Platelet count decreased","Platelet count decreased","Investigations","MODERATE","2","N","Y","N","54","62","2012-03-17","2012-03-25","2012-01-01"
"AA-AA-000-0000","S2143","2","Thrombocytopenia","Thrombocytopenia","Blood and lymphatic system disorders","SEVERE","3","Y","N","N","52","57","2012-03-15","2012-03-20","2012-01-01"
"AA-AA-000-0000","S2143","3","Upper respiratory tract infection","Upper respiratory tract infection","Infections and infestations","MILD","1","N","Y","N","54","58","2012-03-17","2012-03-21","2012-01-01"
"AA-AA-000-0000","S2143","4","Chills","Chills","General disorders and administration site conditions","SEVERE","3","Y","Y","N","2","4","2012-01-25","2012-01-27","2012-01-01"
"AA-AA-000-0000","S2143","5","Somnolence","Somnolence","Nervous system disorders","LIFE THREATENING","4","Y","N","N","13","20","2012-02-05","2012-02-12","2012-01-01"
"AA-AA-000-0000","S2143","6","Rash","Rash","Skin and subcutaneous tissue disorders","MILD","1","N","Y","N","32","44","2012-02-24","2012-03-07","2012-01-01"
"AA-AA-000-0000","S21491","1","Dizziness","Dizziness","Nervous system disorders","MODERATE","2","N","N","N","32","33","2012-02-09","2012-02-10","2012-01-01"
"AA-AA-000-0000","S21491","2","Nausea","Nausea","Gastrointestinal disorders","MILD","1","N","Y","Y","71","80","2012-03-19","2012-03-28","2012-01-01"
"AA-AA-000-0000","S21491","3","Back pain","Back pain","Musculoskeletal and connective tissue disorders","MILD","1","Y","Y","N","24","29","2012-02-01","2012-02-06","2012-01-01"
"AA-AA-000-0000","S21660","1","Alanine aminotransferase increased","Alanine aminotransferase increased","Investigations","MODERATE","2","N","Y","N","18","19","2012-03-26","2012-03-27","2012-03-01"
"AA-AA-000-0000","S22140","1","Paraesthesia","Paraesthesia","Nervous system disorders","MODERATE","2","N","N","N","18","23","2012-03-10","2012-03-15","2012-02-01"
"AA-AA-000-0000","S22140","2","Nausea","Nausea","Gastrointestinal disorders","MILD","1","N","Y","N","1","6","2012-02-22","2012-02-27","2012-02-01"
"AA-AA-000-0000","S22140","3","Blood bilirubin increased","Blood bilirubin increased","Investigations","MILD","1","N","N","N","6","8","2012-02-27","2012-02-29","2012-02-01"
"AA-AA-000-0000","S22140","4","Constipation","Constipation","Gastrointestinal disorders","MILD","1","N","Y","N","16","22","2012-03-08","2012-03-14","2012-02-01"
"AA-AA-000-0000","S22366","1","Dyspnoea","Dyspnoea","Respiratory, thoracic and mediastinal disorders","MILD","1","N","N","N","57","60","2012-03-02","2012-03-05","2012-01-01"
"AA-AA-000-0000","S22366","2","Fatigue","Fatigue","General disorders and administration site conditions","MILD","1","N","Y","N","54","66","2012-02-28","2012-03-11","2012-01-01"
"AA-AA-000-0000","S22366","3","Hypokalaemia","Hypokalaemia","Metabolism and nutrition disorders","MILD","1","N","Y","Y","83","83","2012-03-28","2012-03-28","2012-01-01"
"AA-AA-000-0000","S22366","4","Abdominal pain","Abdominal pain","Gastrointestinal disorders","MODERATE","2","N","Y","N","6","9","2012-01-11","2012-01-14","2012-01-01"
"AA-AA-000-0000","S22366","5","Rash","Rash","Skin and subcutaneous tissue disorders","MODERATE","2","N","Y","N","57","60","2012-03-02","2012-03-05","2012-01-01"
"AA-AA-000-0000","S22366","6","Fatigue","Fatigue","General disorders and administration site conditions","MODERATE","2","N","N","N","32","40","2012-02-06","2012-02-14","2012-01-01"
"AA-AA-000-0000","S22366","7","Upper respiratory tract infection","Upper respiratory tract infection","Infections and infestations","MODERATE","2","N","Y","N","74","76","2012-03-19","2012-03-21","2012-01-01"
"AA-AA-000-0000","S22379","1","Abdominal pain","Abdominal pain","Gastrointestinal disorders","MODERATE","2","N","N","N","44","53","2012-03-16","2012-03-25","2012-02-01"
"AA-AA-000-0000","S22379","2","Blood bilirubin increased","Blood bilirubin increased","Investigations","MILD","1","N","N","Y","39","56","2012-03-11","2012-03-28","2012-02-01"
"AA-AA-000-0000","S2243","1","Alanine aminotransferase increased","Alanine aminotransferase increased","Investigations","MILD","1","N","Y","Y","18","20","2012-03-26","2012-03-28","2012-03-01"
"AA-AA-000-0000","S2243","2","Urticaria","Urticaria","Skin and subcutaneous tissue disorders","MILD","1","N","N","Y","17","20","2012-03-25","2012-03-28","2012-03-01"
"AA-AA-000-0000","S22616","1","Chills","Chills","General disorders and administration site conditions","SEVERE","3","Y","N","N","11","17","2012-03-12","2012-03-18","2012-03-01"
"AA-AA-000-0000","S22743","1","Thrombocytopenia","Thrombocytopenia","Blood and lymphatic system disorders","MILD","1","N","N","Y","21","25","2012-03-24","2012-03-28","2012-03-01"
"AA-AA-000-0000","S22743","2","Alanine aminotransferase increased","Alanine aminotransferase increased","Investigations","MODERATE","2","N","N","N","5","16","2012-03-08","2012-03-19","2012-03-01"
"AA-AA-000-0000","S22743","3","Platelet count decreased","Platelet count decreased","Investigations","MODERATE","2","N","Y","N","12","14","2012-03-15","2012-03-17","2012-03-01"
"AA-AA-000-0000","S22961","1","Anaemia","Anaemia","Blood and lymphatic system disorders","MILD","1","N","N","Y","47","48","2012-03-27","2012-03-28","2012-02-01"
"AA-AA-000-0000","S22961","2","Anaemia","Anaemia","Blood and lymphatic system disorders","MODERATE","2","N","N","N","9","22","2012-02-18","2012-03-02","2012-02-01"
"AA-AA-000-0000","S22961","3","Constipation","Constipation","Gastrointestinal disorders","MILD","1","N","N","N","37","42","2012-03-17","2012-03-22","2012-02-01"
"AA-AA-000-0000","S22961","4","Blood bilirubin increased","Blood bilirubin increased","Investigations","SEVERE","3","N","Y","N","11","19","2012-02-20","2012-02-28","2012-02-01"
"AA-AA-000-0000","S23112","1","Somnolence","Somnolence","Nervous system disorders","MILD","1","N","N","Y","37","45","2012-03-20","2012-03-28","2012-02-01"
"AA-AA-000-0000","S23112","2","Abdominal pain","Abdominal pain","Gastrointestinal disorders","MILD","1","N","N","Y","44","45","2012-03-27","2012-03-28","2012-02-01"
"AA-AA-000-0000","S23112","3","Alanine aminotransferase increased","Alanine aminotransferase increased","Investigations","MODERATE","2","N","N","N","40","42","2012-03-23","2012-03-25","2012-02-01"
"AA-AA-000-0000","S23112","4","Alanine aminotransferase increased","Alanine aminotransferase increased","Investigations","MILD","1","N","N","Y","44","45","2012-03-27","2012-03-28","2012-02-01"
"AA-AA-000-0000","S23519","1","Chills","Chills","General disorders and administration site conditions","MILD","1","N","Y","N","17","35","2012-01-21","2012-02-08","2012-01-01"
"AA-AA-000-0000","S23519","2","Back pain","Back pain","Musculoskeletal and connective tissue disorders","MODERATE","2","N","Y","N","40","44","2012-02-13","2012-02-17","2012-01-01"
"AA-AA-000-0000","S23519","3","Alanine aminotransferase increased","Alanine aminotransferase increased","Investigations","MILD","1","N","N","N","72","76","2012-03-16","2012-03-20","2012-01-01"
"AA-AA-000-0000","S23519","4","Abdominal pain","Abdominal pain","Gastrointestinal disorders","SEVERE","3","N","N","N","50","53","2012-02-23","2012-02-26","2012-01-01"
"AA-AA-000-0000","S23519","5","Vomiting","Vomiting","Gastrointestinal disorders","MILD","1","N","Y","N","49","63","2012-02-22","2012-03-07","2012-01-01"
"AA-AA-000-0000","S23519","6","Arthralgia","Arthralgia","Musculoskeletal and connective tissue disorders","MILD","1","N","N","N","66","70","2012-03-10","2012-03-14","2012-01-01"
"AA-AA-000-0000","S23519","7","Hypokalaemia","Hypokalaemia","Metabolism and nutrition disorders","MODERATE","2","N","Y","N","52","55","2012-02-25","2012-02-28","2012-01-01"
"AA-AA-000-0000","S23523","1","Nausea","Nausea","Gastrointestinal disorders","MILD","1","N","Y","N","20","22","2012-03-24","2012-03-26","2012-03-01"
"AA-AA-000-0000","S23523","2","Aspartate aminotransferase increased","Aspartate aminotransferase increased","Investigations","MODERATE","2","N","N","Y","19","24","2012-03-23","2012-03-28","2012-03-01"
"AA-AA-000-0000","S23553","1","Thrombocytopenia","Thrombocytopenia","Blood and lymphatic system disorders","SEVERE","3","Y","N","N","6","15","2012-03-14","2012-03-23","2012-03-01"
"AA-AA-000-0000","S23553","2","Hypokalaemia","Hypokalaemia","Metabolism and nutrition disorders","SEVERE","3","Y","Y","Y","16","20","2012-03-24","2012-03-28","2012-03-01"
"AA-AA-000-0000","S23553","3","Abdominal pain","Abdominal pain","Gastrointestinal disorders","MODERATE","2","N","Y","N","7","10","2012-03-15","2012-03-18","2012-03-01"
"AA-AA-000-0000","S23661","1","Decreased appetite","Decreased appetite","Metabolism and nutrition disorders","MILD","1","N","Y","N","61","63","2012-03-15","2012-03-17","2012-01-01"
"AA-AA-000-0000","S23661","2","Paraesthesia","Paraesthesia","Nervous system disorders","MODERATE","2","N","N","N","18","24","2012-02-01","2012-02-07","2012-01-01"
"AA-AA-000-0000","S23661","3","Constipation","Constipation","Gastrointestinal disorders","LIFE THREATENING","4","Y","N","N","41","52","2012-02-24","2012-03-06","2012-01-01"
"AA-AA-000-0000","S23661","4","Abdominal pain","Abdominal pain","Gastrointestinal disorders","MODERATE","2","N","Y","Y","69","74","2012-03-23","2012-03-28","2012-01-01"
"AA-AA-000-0000","S23661","5","Hypokalaemia","Hypokalaemia","Metabolism and nutrition disorders","MILD","1","N","Y","N","1","17","2012-01-15","2012-01-31","2012-01-01"
"AA-AA-000-0000","S23661","6","Abdominal pain","Abdominal pain","Gastrointestinal disorders","MODERATE","2","N","N","Y","61","74","2012-03-15","2012-03-28","2012-01-01"
"AA-AA-000-0000","S24457","1","Diarrhoea","Diarrhoea","Gastrointestinal disorders","MILD","1","N","Y","Y","27","35","2012-03-20","2012-03-28","2012-02-01"
"AA-AA-000-0000","S24457","2","Hypokalaemia","Hypokalaemia","Metabolism and nutrition disorders","MILD","1","N","Y","N","24","26","2012-03-17","2012-03-19","2012-02-01"
"AA-AA-000-0000","S24457","3","Vomiting","Vomiting","Gastrointestinal disorders","MODERATE","2","N","Y","N","26","32","2012-03-19","2012-03-25","2012-02-01"
"AA-AA-000-0000","S24457","4","Neutropenia","Neutropenia","Blood and lymphatic system disorders","MODERATE","2","N","Y","Y","33","35","2012-03-26","2012-03-28","2012-02-01"
"AA-AA-000-0000","S24457","5","Anaemia","Anaemia","Blood and lymphatic system disorders","SEVERE","3","N","Y","N","21","22","2012-03-14","2012-03-15","2012-02-01"
"AA-AA-000-0000","S24457","6","Dizziness","Dizziness","Nervous system disorders","SEVERE","3","Y","Y","N","18","24","2012-03-11","2012-03-17","2012-02-01"
"AA-AA-000-0000","S24457","7","Oedema peripheral","Oedema peripheral","General disorders and administration site conditions","SEVERE","3","N","Y","N","21","26","2012-03-14","2012-03-19","2012-02-01"
"AA-AA-000-0000","S24661","1","Aspartate aminotransferase increased","Aspartate aminotransferase increased","Investigations","LIFE THREATENING","4","Y","N","N","13","26","2012-02-06","2012-02-19","2012-01-01"
"AA-AA-000-0000","S24661","2","Paraesthesia","Paraesthesia","Nervous system disorders","MILD","1","N","N","Y","59","64","2012-03-23","2012-03-28","2012-01-01"
"AA-AA-000-0000","S24661","3","Thrombocytopenia","Thrombocytopenia","Blood and lymphatic system disorders","SEVERE","3","N","N","N","57","62","2012-03-21","2012-03-26","2012-01-01"
"AA-AA-000-0000","S24661","4","Fatigue","Fatigue","General disorders and administration site conditions","MODERATE","2","N","Y","N","12","14","2012-02-05","2012-02-07","2012-01-01"
"AA-AA-000-0000","S24661","5","Anaemia","Anaemia","Blood and lymphatic system disorders","MILD","1","N","Y","N","62","63","2012-03-26","2012-03-27","2012-01-01"
"AA-AA-000-0000","S24661","6","Hypokalaemia","Hypokalaemia","Metabolism and nutrition disorders","LIFE THREATENING","4","N","Y","Y","56","64","2012-03-20","2012-03-28","2012-01-01"
"AA-AA-000-0000","S24661","7","Pyrexia","Pyrexia","General disorders and administration site conditions","MILD","1","N","N","N","12","13","2012-02-05","2012-02-06","2012-01-01"
"AA-AA-000-0000","S24790","1","Abdominal pain","Abdominal pain","Gastrointestinal disorders","SEVERE","3","Y","N","N","10","16","2012-03-04","2012-03-10","2012-02-01"
"AA-AA-000-0000","S25117","1","Back pain","Back pain","Musculoskeletal and connective tissue disorders","MODERATE","2","Y","Y","N","26","28","2012-02-27","2012-02-29","2012-02-01"
"AA-AA-000-0000","S25117","2","Nasopharyngitis","Nasopharyngitis","Infections and infestations","MILD","1","N","Y","N","8","11","2012-02-09","2012-02-12","2012-02-01"
"AA-AA-000-0000","S25117","3","Upper respiratory tract infection","Upper respiratory tract infection","Infections and infestations","MILD","1","N","N","N","13","19","2012-02-14","2012-02-20","2012-02-01"
"AA-AA-000-0000","S25117","4","Arthralgia","Arthralgia","Musculoskeletal and connective tissue disorders","LIFE THREATENING","4","Y","Y","N","12","21","2012-02-13","2012-02-22","2012-02-01"
"AA-AA-000-0000","S25117","5","Blood bilirubin increased","Blood bilirubin increased","Investigations","MILD","1","N","N","N","9","12","2012-02-10","2012-02-13","2012-02-01"
"AA-AA-000-0000","S25117","6","Rash","Rash","Skin and subcutaneous tissue disorders","LIFE THREATENING","4","N","Y","N","13","27","2012-02-14","2012-02-28","2012-02-01"
"AA-AA-000-0000","S25117","7","Decreased appetite","Decreased appetite","Metabolism and nutrition disorders","MILD","1","N","Y","N","4","7","2012-02-05","2012-02-08","2012-02-01"
"AA-AA-000-0000","S25117","8","Constipation","Constipation","Gastrointestinal disorders","MODERATE","2","N","N","N","35","37","2012-03-07","2012-03-09","2012-02-01"
"AA-AA-000-0000","S25158","1","Neutropenia","Neutropenia","Blood and lymphatic system disorders","MILD","1","N","Y","Y","15","47","2012-02-25","2012-03-28","2012-02-01"
"AA-AA-000-0000","S25188","1","Dizziness","Dizziness","Nervous system disorders","MILD","1","N","Y","Y","2","2","2012-03-28","2012-03-28","2012-03-01"
"AA-AA-000-0000","S25190","1","Urinary tract infection","Urinary tract infection","Infections and infestations","SEVERE","3","N","Y","N","13","19","2012-03-01","2012-03-07","2012-02-01"
"AA-AA-000-0000","S25190","2","Decreased appetite","Decreased appetite","Metabolism and nutrition disorders","MILD","1","N","N","N","28","29","2012-03-16","2012-03-17","2012-02-01"
"AA-AA-000-0000","S25190","3","Nausea","Nausea","Gastrointestinal disorders","MILD","1","N","Y","N","12","23","2012-02-29","2012-03-11","2012-02-01"
"AA-AA-000-0000","S25574","1","Nasopharyngitis","Nasopharyngitis","Infections and infestations","MODERATE","2","Y","Y","N","11","12","2012-03-23","2012-03-24","2012-03-01"
"AA-AA-000-0000","S25649","1","Rash","Rash","Skin and subcutaneous tissue disorders","MILD","1","N","Y","N","15","20","2012-03-20","2012-03-25","2012-03-01"
"AA-AA-000-0000","S25706","1","Headache","Headache","Nervous system disorders","MILD","1","N","N","N","24","43","2012-02-27","2012-03-17","2012-02-01"
"AA-AA-000-0000","S25706","2","Pruritus","Pruritus","Skin and subcutaneous tissue disorders","MODERATE","2","N","N","N","22","34","2012-02-25","2012-03-08","2012-02-01"
"AA-AA-000-0000","S25706","3","Chills","Chills","General disorders and administration site conditions","LIFE THREATENING","4","N","Y","N","4","8","2012-02-07","2012-02-11","2012-02-01"
"AA-AA-000-0000","S25706","4","Hypokalaemia","Hypokalaemia","Metabolism and nutrition disorders","MILD","1","N","N","N","4","9","2012-02-07","2012-02-12","2012-02-01"
"AA-AA-000-0000","S25810","1","Aspartate aminotransferase increased","Aspartate aminotransferase increased","Investigations","MILD","1","N","Y","N","29","31","2012-03-18","2012-03-20","2012-02-01"
"AA-AA-000-0000","S25810","2","Blood bilirubin increased","Blood bilirubin increased","Investigations","MILD","1","N","Y","N","17","21","2012-03-06","2012-03-10","2012-02-01"
"AA-AA-000-0000","S25810","3","Thrombocytopenia","Thrombocytopenia","Blood and lymphatic system disorders","MODERATE","2","N","N","N","9","11","2012-02-27","2012-02-29","2012-02-01"
"AA-AA-000-0000","S25810","4","Alanine aminotransferase increased","Alanine aminotransferase increased","Investigations","MILD","1","N","Y","N","13","14","2012-03-02","2012-03-03","2012-02-01"
"AA-AA-000-0000","S25810","5","Upper respiratory tract infection","Upper respiratory tract infection","Infections and infestations","MODERATE","2","N","Y","N","15","21","2012-03-04","2012-03-10","2012-02-01"
"AA-AA-000-0000","S25810","6","Decreased appetite","Decreased appetite","Metabolism and nutrition disorders","SEVERE","3","Y","N","N","18","21","2012-03-07","2012-03-10","2012-02-01"
"AA-AA-000-0000","S25810","7","Blood bilirubin increased","Blood bilirubin increased","Investigations","SEVERE","3","Y","N","N","14","15","2012-03-03","2012-03-04","2012-02-01"
"AA-AA-000-0000","S25810","8","Pruritus","Pruritus","Skin and subcutaneous tissue disorders","MILD","1","N","N","Y","14","39","2012-03-03","2012-03-28","2012-02-01"
"AA-AA-000-0000","S25810","9","Alanine aminotransferase increased","Alanine aminotransferase increased","Investigations","MODERATE","2","N","N","N","34","35","2012-03-23","2012-03-24","2012-02-01"
"AA-AA-000-0000","S25810","10","Thrombocytopenia","Thrombocytopenia","Blood and lymphatic system disorders","MODERATE","2","N","Y","N","24","27","2012-03-13","2012-03-16","2012-02-01"
"AA-AA-000-0000","S25810","11","Abdominal pain","Abdominal pain","Gastrointestinal disorders","MODERATE","2","N","Y","N","26","33","2012-03-15","2012-03-22","2012-02-01"
"AA-AA-000-0000","S25970","1","Thrombocytopenia","Thrombocytopenia","Blood and lymphatic system disorders","MILD","1","N","N","N","2","20","2012-03-06","2012-03-24","2012-03-01"
"AA-AA-000-0000","S25970","2","Hypokalaemia","Hypokalaemia","Metabolism and nutrition disorders","MODERATE","2","N","N","Y","23","24","2012-03-27","2012-03-28","2012-03-01"
"AA-AA-000-0000","S25970","3","Headache","Headache","Nervous system disorders","MILD","1","N","N","N","15","16","2012-03-19","2012-03-20","2012-03-01"
"AA-AA-000-0000","S26131","1","Nausea","Nausea","Gastrointestinal disorders","MILD","1","N","N","Y","1","1","2012-03-28","2012-03-28","2012-03-01"
"AA-AA-000-0000","S26131","2","Vomiting","Vomiting","Gastrointestinal disorders","MODERATE","2","N","Y","Y","1","1","2012-03-28","2012-03-28","2012-03-01"
"AA-AA-000-0000","S26237","1","Neutropenia","Neutropenia","Blood and lymphatic system disorders","MILD","1","N","Y","N","17","23","2012-02-04","2012-02-10","2012-01-01"
"AA-AA-000-0000","S26237","2","Urticaria","Urticaria","Skin and subcutaneous tissue disorders","MODERATE","2","N","Y","N","43","46","2012-03-01","2012-03-04","2012-01-01"
"AA-AA-000-0000","S26237","3","Urticaria","Urticaria","Skin and subcutaneous tissue disorders","MILD","1","N","N","N","58","67","2012-03-16","2012-03-25","2012-01-01"
"AA-AA-000-0000","S26237","4","Abdominal pain","Abdominal pain","Gastrointestinal disorders","SEVERE","3","Y","N","N","55","56","2012-03-13","2012-03-14","2012-01-01"
"AA-AA-000-0000","S26237","5","Platelet count decreased","Platelet count decreased","Investigations","SEVERE","3","Y","N","N","45","57","2012-03-03","2012-03-15","2012-01-01"
"AA-AA-000-0000","S26237","6","Aspartate aminotransferase increased","Aspartate aminotransferase increased","Investigations","MILD","1","N","N","N","41","47","2012-02-28","2012-03-05","2012-01-01"
"AA-AA-000-0000","S26237","7","Paraesthesia","Paraesthesia","Nervous system disorders","SEVERE","3","Y","N","Y","65","70","2012-03-23","2012-03-28","2012-01-01"
"AA-AA-000-0000","S26237","8","Pruritus","Pruritus","Skin and subcutaneous tissue disorders","MILD","1","N","N","Y","68","70","2012-03-26","2012-03-28","2012-01-01"
"AA-AA-000-0000","S26237","9","Paraesthesia","Paraesthesia","Nervous system disorders","MODERATE","2","N","N","N","26","28","2012-02-13","2012-02-15","2012-01-01"
"AA-AA-000-0000","S26481","1","Arthralgia","Arthralgia","Musculoskeletal and connective tissue disorders","MILD","1","N","Y","Y","10","15","2012-03-23","2012-03-28","2012-03-01"
"AA-AA-000-0000","S26481","2","Pruritus","Pruritus","Skin and subcutaneous tissue disorders","SEVERE","3","Y","N","Y","4","15","2012-03-17","2012-03-28","2012-03-01"
"AA-AA-000-0000","S26481","3","Aspartate aminotransferase increased","Aspartate aminotransferase increased","Investigations","MODERATE","2","N","Y","N","3","4","2012-03-16","2012-03-17","2012-03-01"
"AA-AA-000-0000","S26710","1","Blood bilirubin increased","Blood bilirubin increased","Investigations","SEVERE","3","Y","N","N","2","16","2012-03-09","2012-03-23","2012-03-01"
"AA-AA-000-0000","S26710","2","Constipation","Constipation","Gastrointestinal disorders","MODERATE","2","N","N","Y","18","21","2012-03-25","2012-03-28","2012-03-01"
"AA-AA-000-0000","S26710","3","Neutropenia","Neutropenia","Blood and lymphatic system disorders","MILD","1","N","N","N","2","5","2012-03-09","2012-03-12","2012-03-01"
"AA-AA-000-0000","S26710","4","Abdominal pain","Abdominal pain","Gastrointestinal disorders","LIFE THREATENING","4","N","Y","N","2","6","2012-03-09","2012-03-13","2012-03-01"
"AA-AA-000-0000","S26710","5","Anaemia","Anaemia","Blood and lymphatic system disorders","MILD","1","N","Y","Y","3","21","2012-03-10","2012-03-28","2012-03-01"
"AA-AA-000-0000","S26717","1","Dyspnoea","Dyspnoea","Respiratory, thoracic and mediastinal disorders","MODERATE","2","Y","N","N","3","5","2012-03-11","2012-03-13","2012-03-01"
"AA-AA-000-0000","S26836","1","Rash","Rash","Skin and subcutaneous tissue disorders","MILD","1","N","Y","N","18","19","2012-02-29","2012-03-01","2012-02-01"
"AA-AA-000-0000","S26836","2","Arthralgia","Arthralgia","Musculoskeletal and connective tissue disorders","MODERATE","2","N","N","N","10","11","2012-02-21","2012-02-22","2012-02-01"
"AA-AA-000-0000","S26943","1","Cough","Cough","Respiratory, thoracic and mediastinal disorders","LIFE THREATENING","4","N","Y","Y","18","21","2012-03-25","2012-03-28","2012-03-01"
"AA-AA-000-0000","S26943","2","Back pain","Back pain","Musculoskeletal and connective tissue disorders","MODERATE","2","N","N","Y","18","21","2012-03-25","2012-03-28","2012-03-01"
"AA-AA-000-0000","S26943","3","Aspartate aminotransferase increased","Aspartate aminotransferase increased","Investigations","SEVERE","3","Y","Y","N","4","7","2012-03-11","2012-03-14","2012-03-01"
"AA-AA-000-0000","S26943","4","Neutropenia","Neutropenia","Blood and lymphatic system disorders","LIFE THREATENING","4","Y","Y","N","8","17","2012-03-15","2012-03-24","2012-03-01"
"AA-AA-000-0000","S26943","5","Thrombocytopenia","Thrombocytopenia","Blood and lymphatic system disorders","SEVERE","3","Y","N","Y","15","21","2012-03-22","2012-03-28","2012-03-01"
"AA-AA-000-0000","S27013","1","Vomiting","Vomiting","Gastrointestinal disorders","SEVERE","3","Y","Y","N","21","25","2012-03-19","2012-03-23","2012-02-01"
"AA-AA-000-0000","S27013","2","Nausea","Nausea","Gastrointestinal disorders","MODERATE","2","N","Y","N","4","7","2012-03-02","2012-03-05","2012-02-01"
"AA-AA-000-0000","S27013","3","Neutropenia","Neutropenia","Blood and lymphatic system disorders","MILD","1","N","N","Y","16","30","2012-03-14","2012-03-28","2012-02-01"
"AA-AA-000-0000","S27013","4","Nausea","Nausea","Gastrointestinal disorders","SEVERE","3","Y","N","Y","17","30","2012-03-15","2012-03-28","2012-02-01"
"AA-AA-000-0000","S27114","1","Abdominal pain","Abdominal pain","Gastrointestinal disorders","MODERATE","2","N","Y","N","7","8","2012-03-11","2012-03-12","2012-03-01"
"AA-AA-000-0000","S27284","1","Aspartate aminotransferase increased","Aspartate aminotransferase increased","Investigations","SEVERE","3","Y","Y","Y","17","20","2012-03-25","2012-03-28","2012-03-01"
"AA-AA-000-0000","S27345","1","Nausea","Nausea","Gastrointestinal disorders","SEVERE","3","Y","Y","N","7","13","2012-03-05","2012-03-11","2012-02-01"
"AA-AA-000-0000","S27538","1","Aspartate aminotransferase increased","Aspartate aminotransferase increased","Investigations","LIFE THREATENING","4","Y","N","Y","12","16","2012-03-24","2012-03-28","2012-03-01"
"AA-AA-000-0000","S27538","2","Headache","Headache","Nervous system disorders","SEVERE","3","N","N","Y","14","16","2012-03-26","2012-03-28","2012-03-01"
"AA-AA-000-0000","S27538","3","Alanine aminotransferase increased","Alanine aminotransferase increased","Investigations","MILD","1","N","Y","Y","10","16","2012-03-22","2012-03-28","2012-03-01"
"AA-AA-000-0000","S28082","1","Alanine aminotransferase increased","Alanine aminotransferase increased","Investigations","MILD","1","N","Y","Y","5","11","2012-03-22","2012-03-28","2012-03-01"
"AA-AA-000-0000","S28129","1","Nausea","Nausea","Gastrointestinal disorders","MILD","1","N","N","Y","20","20","2012-03-28","2012-03-28","2012-03-01"
"AA-AA-000-0000","S28129","2","Platelet count decreased","Platelet count decreased","Investigations","LIFE THREATENING","4","Y","Y","N","9","11","2012-03-17","2012-03-19","2012-03-01"
"AA-AA-000-0000","S28129","3","Aspartate aminotransferase increased","Aspartate aminotransferase increased","Investigations","MILD","1","N","Y","N","3","7","2012-03-11","2012-03-15","2012-03-01"
"AA-AA-000-0000","S28129","4","Thrombocytopenia","Thrombocytopenia","Blood and lymphatic system disorders","SEVERE","3","N","N","N","3","7","2012-03-11","2012-03-15","2012-03-01"
"AA-AA-000-0000","S28129","5","Vomiting","Vomiting","Gastrointestinal disorders","MILD","1","Y","N","N","4","17","2012-03-12","2012-03-25","2012-03-01"
"AA-AA-000-0000","S2826","1","Dyspnoea","Dyspnoea","Respiratory, thoracic and mediastinal disorders","MILD","1","N","N","Y","7","14","2012-03-21","2012-03-28","2012-03-01"
"AA-AA-000-0000","S2826","2","Platelet count decreased","Platelet count decreased","Investigations","SEVERE","3","N","Y","Y","11","14","2012-03-25","2012-03-28","2012-03-01"
"AA-AA-000-0000","S28309","1","Dizziness","Dizziness","Nervous system disorders","MODERATE","2","N","N","Y","4","18","2012-03-14","2012-03-28","2012-03-01"
"AA-AA-000-0000","S28309","2","Anaemia","Anaemia","Blood and lymphatic system disorders","MILD","1","N","N","Y","15","18","2012-03-25","2012-03-28","2012-03-01"
"AA-AA-000-0000","S28476","1","Headache","Headache","Nervous system disorders","SEVERE","3","N","Y","N","6","10","2012-02-28","2012-03-03","2012-02-01"
"AA-AA-000-0000","S28476","2","Alanine aminotransferase increased","Alanine aminotransferase increased","Investigations","MILD","1","N","Y","N","10","11","2012-03-03","2012-03-04","2012-02-01"
"AA-AA-000-0000","S28476","3","Aspartate aminotransferase increased","Aspartate aminotransferase increased","Investigations","MODERATE","2","N","N","N","26","33","2012-03-19","2012-03-26","2012-02-01"
"AA-AA-000-0000","S28476","4","Dyspnoea","Dyspnoea","Respiratory, thoracic and mediastinal disorders","MILD","1","N","N","Y","35","35","2012-03-28","2012-03-28","2012-02-01"
"AA-AA-000-0000","S28476","5","Vomiting","Vomiting","Gastrointestinal disorders","MILD","1","N","N","N","4","17","2012-02-26","2012-03-10","2012-02-01"
"AA-AA-000-0000","S28476","6","Neutropenia","Neutropenia","Blood and lymphatic system disorders","MODERATE","2","N","Y","N","22","24","2012-03-15","2012-03-17","2012-02-01"
"AA-AA-000-0000","S28476","7","Decreased appetite","Decreased appetite","Metabolism and nutrition disorders","SEVERE","3","N","Y","N","12","16","2012-03-05","2012-03-09","2012-02-01"
"AA-AA-000-0000","S28476","8","Blood bilirubin increased","Blood bilirubin increased","Investigations","SEVERE","3","Y","N","N","32","33","2012-03-25","2012-03-26","2012-02-01"
"AA-AA-000-0000","S28476","9","Abdominal pain","Abdominal pain","Gastrointestinal disorders","MILD","1","N","Y","N","23","29","2012-03-16","2012-03-22","2012-02-01"
"AA-AA-000-0000","S28543","1","Cough","Cough","Respiratory, thoracic and mediastinal disorders","MILD","1","N","Y","N","69","73","2012-03-14","2012-03-18","2012-01-01"
"AA-AA-000-0000","S28543","2","Hypokalaemia","Hypokalaemia","Metabolism and nutrition disorders","MILD","1","N","N","N","34","40","2012-02-08","2012-02-14","2012-01-01"
"AA-AA-000-0000","S28543","3","Thrombocytopenia","Thrombocytopenia","Blood and lymphatic system disorders","MILD","1","N","N","N","10","11","2012-01-15","2012-01-16","2012-01-01"
"AA-AA-000-0000","S28543","4","Decreased appetite","Decreased appetite","Metabolism and nutrition disorders","MILD","1","N","N","N","65","81","2012-03-10","2012-03-26","2012-01-01"
"AA-AA-000-0000","S28543","5","Platelet count decreased","Platelet count decreased","Investigations","MODERATE","2","N","N","N","25","31","2012-01-30","2012-02-05","2012-01-01"
"AA-AA-000-0000","S28543","6","Constipation","Constipation","Gastrointestinal disorders","MILD","1","N","N","N","15","24","2012-01-20","2012-01-29","2012-01-01"
"AA-AA-000-0000","S28543","7","Constipation","Constipation","Gastrointestinal disorders","MILD","1","N","N","N","20","22","2012-01-25","2012-01-27","2012-01-01"
"AA-AA-000-0000","S28543","8","Abdominal pain","Abdominal pain","Gastrointestinal disorders","SEVERE","3","N","N","N","5","7","2012-01-10","2012-01-12","2012-01-01"
"AA-AA-000-0000","S2856","1","Chills","Chills","General disorders and administration site conditions","MODERATE","2","N","Y","N","39","41","2012-02-26","2012-02-28","2012-01-01"
"AA-AA-000-0000","S2856","2","Chills","Chills","General disorders and administration site conditions","MILD","1","N","Y","N","47","58","2012-03-05","2012-03-16","2012-01-01"
"AA-AA-000-0000","S2856","3","Nausea","Nausea","Gastrointestinal disorders","MILD","1","N","Y","Y","60","70","2012-03-18","2012-03-28","2012-01-01"
"AA-AA-000-0000","S2856","4","Urinary tract infection","Urinary tract infection","Infections and infestations","MILD","1","N","Y","N","45","47","2012-03-03","2012-03-05","2012-01-01"
"AA-AA-000-0000","S2856","5","Myalgia","Myalgia","Musculoskeletal and connective tissue disorders","LIFE THREATENING","4","Y","Y","Y","64","70","2012-03-22","2012-03-28","2012-01-01"
"AA-AA-000-0000","S2856","6","Arthralgia","Arthralgia","Musculoskeletal and connective tissue disorders","MODERATE","2","N","N","N","43","47","2012-03-01","2012-03-05","2012-01-01"
"AA-AA-000-0000","S28579","1","Blood bilirubin increased","Blood bilirubin increased","Investigations","SEVERE","3","Y","N","N","2","4","2012-03-24","2012-03-26","2012-03-01"
"AA-AA-000-0000","S28612","1","Cough","Cough","Respiratory, thoracic and mediastinal disorders","SEVERE","3","Y","Y","N","3","12","2012-03-07","2012-03-16","2012-03-01"
"AA-AA-000-0000","S28612","2","Nausea","Nausea","Gastrointestinal disorders","MILD","1","N","N","Y","20","24","2012-03-24","2012-03-28","2012-03-01"
"AA-AA-000-0000","S28612","3","Rash","Rash","Skin and subcutaneous tissue disorders","MILD","1","N","Y","Y","22","24","2012-03-26","2012-03-28","2012-03-01"
"AA-AA-000-0000","S28612","4","Thrombocytopenia","Thrombocytopenia","Blood and lymphatic system disorders","MODERATE","2","N","N","N","12","23","2012-03-16","2012-03-27","2012-03-01"
"AA-AA-000-0000","S28612","5","Platelet count decreased","Platelet count decreased","Investigations","MODERATE","2","N","Y","Y","16","24","2012-03-20","2012-03-28","2012-03-01"
"AA-AA-000-0000","S28631","1","Thrombocytopenia","Thrombocytopenia","Blood and lymphatic system disorders","MODERATE","2","N","Y","N","31","34","2012-02-10","2012-02-13","2012-01-01"
"AA-AA-000-0000","S28631","2","Platelet count decreased","Platelet count decreased","Investigations","MODERATE","2","N","N","N","53","56","2012-03-03","2012-03-06","2012-01-01"
"AA-AA-000-0000","S28631","3","Blood bilirubin increased","Blood bilirubin increased","Investigations","MODERATE","2","N","Y","N","20","24","2012-01-30","2012-02-03","2012-01-01"
"AA-AA-000-0000","S28631","4","Aspartate aminotransferase increased","Aspartate aminotransferase increased","Investigations","MODERATE","2","N","Y","N","30","31","2012-02-09","2012-02-10","2012-01-01"
"AA-AA-000-0000","S28631","5","Dyspnoea","Dyspnoea","Respiratory, thoracic and mediastinal disorders","MILD","1","N","Y","N","44","46","2012-02-23","2012-02-25","2012-01-01"
"AA-AA-000-0000","S28631","6","Anaemia","Anaemia","Blood and lymphatic system disorders","SEVERE","3","N","N","N","21","33","2012-01-31","2012-02-12","2012-01-01"
"AA-AA-000-0000","S28631","7","Nausea","Nausea","Gastrointestinal disorders","MILD","1","N","Y","Y","76","78","2012-03-26","2012-03-28","2012-01-01"
"AA-AA-000-0000","S28631","8","Alanine aminotransferase increased","Alanine aminotransferase increased","Investigations","SEVERE","3","N","N","N","25","29","2012-02-04","2012-02-08","2012-01-01"
"AA-AA-000-0000","S28631","9","Vomiting","Vomiting","Gastrointestinal disorders","MILD","1","N","N","N","26","28","2012-02-05","2012-02-07","2012-01-01"
"AA-AA-000-0000","S28631","10","Decreased appetite","Decreased appetite","Metabolism and nutrition disorders","MODERATE","2","N","Y","N","62","63","2012-03-12","2012-03-13","2012-01-01"
"AA-AA-000-0000","S28631","11","Platelet count decreased","Platelet count decreased","Investigations","MILD","1","N","Y","Y","78","78","2012-03-28","2012-03-28","2012-01-01"
"AA-AA-000-0000","S28631","12","Paraesthesia","Paraesthesia","Nervous system disorders","MILD","1","N","Y","N","40","43","2012-02-19","2012-02-22","2012-01-01"
"AA-AA-000-0000","S28631","13","Alanine aminotransferase increased","Alanine aminotransferase increased","Investigations","MILD","1","N","Y","N","60","62","2012-03-10","2012-03-12","2012-01-01"
"AA-AA-000-0000","S28631","14","Dyspnoea","Dyspnoea","Respiratory, thoracic and mediastinal disorders","MODERATE","2","N","N","N","55","64","2012-03-05","2012-03-14","2012-01-01"
"AA-AA-000-0000","S28722","1","Platelet count decreased","Platelet count decreased","Investigations","LIFE THREATENING","4","N","N","N","27","34","2012-03-11","2012-03-18","2012-02-01"
"AA-AA-000-0000","S28722","2","Anaemia","Anaemia","Blood and lymphatic system disorders","LIFE THREATENING","4","N","Y","N","4","16","2012-02-17","2012-02-29","2012-02-01"
"AA-AA-000-0000","S28722","3","Myalgia","Myalgia","Musculoskeletal and connective tissue disorders","MILD","1","N","Y","Y","34","44","2012-03-18","2012-03-28","2012-02-01"
"AA-AA-000-0000","S28722","4","Anaemia","Anaemia","Blood and lymphatic system disorders","MILD","1","N","Y","N","19","23","2012-03-03","2012-03-07","2012-02-01"
"AA-AA-000-0000","S28722","5","Back pain","Back pain","Musculoskeletal and connective tissue disorders","MILD","1","N","Y","N","13","14","2012-02-26","2012-02-27","2012-02-01"
"AA-AA-000-0000","S28760","1","Constipation","Constipation","Gastrointestinal disorders","MILD","1","N","Y","N","40","44","2012-03-23","2012-03-27","2012-02-01"
"AA-AA-000-0000","S28760","2","Thrombocytopenia","Thrombocytopenia","Blood and lymphatic system disorders","MILD","1","N","Y","N","32","35","2012-03-15","2012-03-18","2012-02-01"
"AA-AA-000-0000","S28760","3","Neutropenia","Neutropenia","Blood and lymphatic system disorders","MILD","1","N","N","N","17","20","2012-02-29","2012-03-03","2012-02-01"
"AA-AA-000-0000","S28760","4","Oedema peripheral","Oedema peripheral","General disorders and administration site conditions","MODERATE","2","N","N","Y","34","45","2012-03-17","2012-03-28","2012-02-01"
"AA-AA-000-0000","S28760","5","Constipation","Constipation","Gastrointestinal disorders","SEVERE","3","Y","N","N","30","31","2012-03-13","2012-03-14","2012-02-01"
"AA-AA-000-0000","S28760","6","Alanine aminotransferase increased","Alanine aminotransferase increased","Investigations","MODERATE","2","N","Y","N","27","35","2012-03-10","2012-03-18","2012-02-01"
"AA-AA-000-0000","S29136","1","Vomiting","Vomiting","Gastrointestinal disorders","MODERATE","2","N","N","N","5","15","2012-03-11","2012-03-21","2012-03-01"
"AA-AA-000-0000","S29136","2","Blood bilirubin increased","Blood bilirubin increased","Investigations","SEVERE","3","N","N","Y","14","22","2012-03-20","2012-03-28","2012-03-01"
"AA-AA-000-0000","S2969","1","Blood bilirubin increased","Blood bilirubin increased","Investigations","MILD","1","N","N","Y","54","73","2012-03-09","2012-03-28","2012-01-01"
"AA-AA-000-0000","S2969","2","Headache","Headache","Nervous system disorders","MILD","1","N","N","Y","53","73","2012-03-08","2012-03-28","2012-01-01"
"AA-AA-000-0000","S2969","3","Abdominal pain","Abdominal pain","Gastrointestinal disorders","MILD","1","N","Y","N","43","44","2012-02-27","2012-02-28","2012-01-01"
"AA-AA-000-0000","S2969","4","Dizziness","Dizziness","Nervous system disorders","MILD","1","N","N","N","33","41","2012-02-17","2012-02-25","2012-01-01"
"AA-AA-000-0000","S2969","5","Nausea","Nausea","Gastrointestinal disorders","MILD","1","Y","N","N","22","26","2012-02-06","2012-02-10","2012-01-01"
"AA-AA-000-0000","S2969","6","Headache","Headache","Nervous system disorders","MILD","1","N","Y","N","68","71","2012-03-23","2012-03-26","2012-01-01"
"AA-AA-000-0000","S29729","1","Platelet count decreased","Platelet count decreased","Investigations","MODERATE","2","N","N","N","7","12","2012-03-16","2012-03-21","2012-03-01"
"AA-AA-000-0000","S29898","1","Neutropenia","Neutropenia","Blood and lymphatic system disorders","MODERATE","2","N","Y","Y","70","71","2012-03-27","2012-03-28","2012-01-01"
"AA-AA-000-0000","S29898","2","Nausea","Nausea","Gastrointestinal disorders","MODERATE","2","N","Y","N","10","14","2012-01-27","2012-01-31","2012-01-01"
"AA-AA-000-0000","S29898","3","Blood bilirubin increased","Blood bilirubin increased","Investigations","SEVERE","3","Y","N","N","41","42","2012-02-27","2012-02-28","2012-01-01"
"AA-AA-000-0000","S29898","4","Neutropenia","Neutropenia","Blood and lymphatic system disorders","SEVERE","3","Y","Y","N","28","39","2012-02-14","2012-02-25","2012-01-01"
"AA-AA-000-0000","S29898","5","Neutropenia","Neutropenia","Blood and lymphatic system disorders","MODERATE","2","N","Y","N","40","48","2012-02-26","2012-03-05","2012-01-01"
"AA-AA-000-0000","S29898","6","Nausea","Nausea","Gastrointestinal disorders","MODERATE","2","N","N","N","37","61","2012-02-23","2012-03-18","2012-01-01"
"AA-AA-000-0000","S29898","7","Vomiting","Vomiting","Gastrointestinal disorders","SEVERE","3","N","Y","N","64","65","2012-03-21","2012-03-22","2012-01-01"
"AA-AA-000-0000","S29898","8","Neutropenia","Neutropenia","Blood and lymphatic system disorders","LIFE THREATENING","4","Y","N","N","52","61","2012-03-09","2012-03-18","2012-01-01"
"AA-AA-000-0000","S29898","9","Cough","Cough","Respiratory, thoracic and mediastinal disorders","SEVERE","3","N","N","N","22","26","2012-02-08","2012-02-12","2012-01-01"
"AA-AA-000-0000","S29898","10","Anaemia","Anaemia","Blood and lymphatic system disorders","MODERATE","2","N","Y","N","46","50","2012-03-03","2012-03-07","2012-01-01"
"AA-AA-000-0000","S29898","11","Headache","Headache","Nervous system disorders","MILD","1","N","N","N","17","26","2012-02-03","2012-02-12","2012-01-01"
"AA-AA-000-0000","S29898","12","Blood bilirubin increased","Blood bilirubin increased","Investigations","MILD","1","N","Y","N","41","56","2012-02-27","2012-03-13","2012-01-01"
"AA-AA-000-0000","S29898","13","Abdominal pain","Abdominal pain","Gastrointestinal disorders","MODERATE","2","N","Y","N","34","43","2012-02-20","2012-02-29","2012-01-01"
"AA-AA-000-0000","S29898","14","Headache","Headache","Nervous system disorders","MILD","1","N","Y","N","25","31","2012-02-11","2012-02-17","2012-01-01"
"AA-AA-000-0000","S29898","15","Platelet count decreased","Platelet count decreased","Investigations","MODERATE","2","N","N","N","41","49","2012-02-27","2012-03-06","2012-01-01"
"AA-AA-000-0000","S29898","16","Anaemia","Anaemia","Blood and lymphatic system disorders","SEVERE","3","N","N","N","38","52","2012-02-24","2012-03-09","2012-01-01"
"AA-AA-000-0000","S29898","17","Neutropenia","Neutropenia","Blood and lymphatic system disorders","MODERATE","2","N","Y","N","24","30","2012-02-10","2012-02-16","2012-01-01"
"AA-AA-000-0000","S2994","1","Vomiting","Vomiting","Gastrointestinal disorders","SEVERE","3","N","N","Y","29","38","2012-03-19","2012-03-28","2012-02-01"
"AA-AA-000-0000","S2994","2","Pyrexia","Pyrexia","General disorders and administration site conditions","MODERATE","2","N","Y","N","8","10","2012-02-27","2012-02-29","2012-02-01"
"AA-AA-000-0000","S29977","1","Constipation","Constipation","Gastrointestinal disorders","SEVERE","3","N","N","Y","8","9","2012-03-27","2012-03-28","2012-03-01"
"AA-AA-000-0000","S30086","1","Blood bilirubin increased","Blood bilirubin increased","Investigations","MILD","1","N","N","N","4","6","2012-03-09","2012-03-11","2012-03-01"
"AA-AA-000-0000","S30086","2","Platelet count decreased","Platelet count decreased","Investigations","MILD","1","N","Y","N","6","9","2012-03-11","2012-03-14","2012-03-01"
"AA-AA-000-0000","S30183","1","Constipation","Constipation","Gastrointestinal disorders","MODERATE","2","Y","Y","Y","3","3","2012-03-28","2012-03-28","2012-03-01"
"AA-AA-000-0000","S30329","1","Blood bilirubin increased","Blood bilirubin increased","Investigations","SEVERE","3","Y","Y","Y","4","26","2012-03-06","2012-03-28","2012-03-01"
"AA-AA-000-0000","S30394","1","Headache","Headache","Nervous system disorders","MODERATE","2","N","N","N","9","14","2012-03-13","2012-03-18","2012-03-01"
"AA-AA-000-0000","S30394","2","Anaemia","Anaemia","Blood and lymphatic system disorders","MILD","1","N","Y","Y","14","24","2012-03-18","2012-03-28","2012-03-01"
"AA-AA-000-0000","S30394","3","Pyrexia","Pyrexia","General disorders and administration site conditions","MILD","1","N","N","N","4","14","2012-03-08","2012-03-18","2012-03-01"
"AA-AA-000-0000","S30541","1","Nausea","Nausea","Gastrointestinal disorders","MILD","1","N","N","N","69","71","2012-03-12","2012-03-14","2012-01-01"
"AA-AA-000-0000","S30541","2","Rash","Rash","Skin and subcutaneous tissue disorders","MODERATE","2","N","Y","N","30","32","2012-02-02","2012-02-04","2012-01-01"
"AA-AA-000-0000","S30541","3","Aspartate aminotransferase increased","Aspartate aminotransferase increased","Investigations","MILD","1","N","Y","Y","75","85","2012-03-18","2012-03-28","2012-01-01"
"AA-AA-000-0000","S30755","1","Neutropenia","Neutropenia","Blood and lymphatic system disorders","MODERATE","2","N","N","Y","13","13","2012-03-28","2012-03-28","2012-03-01"
"AA-AA-000-0000","S31060","1","Aspartate aminotransferase increased","Aspartate aminotransferase increased","Investigations","MODERATE","2","N","Y","N","19","24","2012-03-21","2012-03-26","2012-03-01"
"AA-AA-000-0000","S31060","2","Nausea","Nausea","Gastrointestinal disorders","SEVERE","3","N","N","N","7","14","2012-03-09","2012-03-16","2012-03-01"
"AA-AA-000-0000","S31060","3","Anaemia","Anaemia","Blood and lymphatic system disorders","MILD","1","N","N","N","14","19","2012-03-16","2012-03-21","2012-03-01"
"AA-AA-000-0000","S31078","1","Paraesthesia","Paraesthesia","Nervous system disorders","MILD","1","N","Y","Y","6","9","2012-03-25","2012-03-28","2012-03-01"
"AA-AA-000-0000","S31078","2","Pyrexia","Pyrexia","General disorders and administration site conditions","MODERATE","2","N","Y","Y","8","9","2012-03-27","2012-03-28","2012-03-01"
"AA-AA-000-0000","S31078","3","Constipation","Constipation","Gastrointestinal disorders","MODERATE","2","N","Y","Y","9","9","2012-03-28","2012-03-28","2012-03-01"
"AA-AA-000-0000","S31078","4","Chills","Chills","General disorders and administration site conditions","MILD","1","N","N","Y","6","9","2012-03-25","2012-03-28","2012-03-01"
"AA-AA-000-0000","S31222","1","Chills","Chills","General disorders and administration site conditions","MILD","1","N","N","N","21","22","2012-02-23","2012-02-24","2012-02-01"
"AA-AA-000-0000","S31222","2","Abdominal pain","Abdominal pain","Gastrointestinal disorders","MILD","1","N","N","N","15","17","2012-02-17","2012-02-19","2012-02-01"
"AA-AA-000-0000","S31222","3","Thrombocytopenia","Thrombocytopenia","Blood and lymphatic system disorders","MODERATE","2","Y","Y","N","5","11","2012-02-07","2012-02-13","2012-02-01"
"AA-AA-000-0000","S31222","4","Aspartate aminotransferase increased","Aspartate aminotransferase increased","Investigations","SEVERE","3","Y","Y","N","24","30","2012-02-26","2012-03-03","2012-02-01"
"AA-AA-000-0000","S31222","5","Dizziness","Dizziness","Nervous system disorders","SEVERE","3","N","Y","N","10","11","2012-02-12","2012-02-13","2012-02-01"
"AA-AA-000-0000","S31340","1","Myalgia","Myalgia","Musculoskeletal and connective tissue disorders","MODERATE","2","N","Y","Y","7","15","2012-03-20","2012-03-28","2012-03-01"
"AA-AA-000-0000","S3138","1","Rash","Rash","Skin and subcutaneous tissue disorders","MILD","1","N","Y","N","5","13","2012-03-05","2012-03-13","2012-03-01"
"AA-AA-000-0000","S3138","2","Nausea","Nausea","Gastrointestinal disorders","SEVERE","3","Y","Y","N","7","8","2012-03-07","2012-03-08","2012-03-01"
"AA-AA-000-0000","S31403","1","Fatigue","Fatigue","General disorders and administration site conditions","MILD","1","N","Y","N","3","13","2012-02-10","2012-02-20","2012-02-01"
"AA-AA-000-0000","S31403","2","Anaemia","Anaemia","Blood and lymphatic system disorders","SEVERE","3","N","Y","N","30","34","2012-03-08","2012-03-12","2012-02-01"
"AA-AA-000-0000","S31403","3","Myalgia","Myalgia","Musculoskeletal and connective tissue disorders","MILD","1","N","Y","N","38","41","2012-03-16","2012-03-19","2012-02-01"
"AA-AA-000-0000","S3179","1","Cough","Cough","Respiratory, thoracic and mediastinal disorders","MODERATE","2","N","N","N","3","11","2012-02-29","2012-03-08","2012-02-01"
"AA-AA-000-0000","S3179","2","Decreased appetite","Decreased appetite","Metabolism and nutrition disorders","MILD","1","N","N","N","12","27","2012-03-09","2012-03-24","2012-02-01"
"AA-AA-000-0000","S31987","1","Oedema peripheral","Oedema peripheral","General disorders and administration site conditions","LIFE THREATENING","4","Y","N","N","4","5","2012-03-17","2012-03-18","2012-03-01"
"AA-AA-000-0000","S31987","2","Urinary tract infection","Urinary tract infection","Infections and infestations","MILD","1","N","N","Y","13","15","2012-03-26","2012-03-28","2012-03-01"
"AA-AA-000-0000","S31987","3","Headache","Headache","Nervous system disorders","LIFE THREATENING","4","Y","N","N","7","13","2012-03-20","2012-03-26","2012-03-01"
"AA-AA-000-0000","S32005","1","Platelet count decreased","Platelet count decreased","Investigations","SEVERE","3","N","N","N","5","6","2012-03-14","2012-03-15","2012-03-01"
"AA-AA-000-0000","S32005","2","Cough","Cough","Respiratory, thoracic and mediastinal disorders","MILD","1","N","Y","N","16","17","2012-03-25","2012-03-26","2012-03-01"
"AA-AA-000-0000","S32005","3","Thrombocytopenia","Thrombocytopenia","Blood and lymphatic system disorders","MILD","1","N","Y","Y","6","19","2012-03-15","2012-03-28","2012-03-01"
"AA-AA-000-0000","S32051","1","Headache","Headache","Nervous system disorders","MILD","1","N","N","Y","9","10","2012-03-27","2012-03-28","2012-03-01"
"AA-AA-000-0000","S32051","2","Constipation","Constipation","Gastrointestinal disorders","MODERATE","2","N","Y","Y","7","10","2012-03-25","2012-03-28","2012-03-01"
"AA-AA-000-0000","S32148","1","Blood bilirubin increased","Blood bilirubin increased","Investigations","MILD","1","N","Y","N","24","33","2012-03-02","2012-03-11","2012-02-01"
"AA-AA-000-0000","S32148","2","Anaemia","Anaemia","Blood and lymphatic system disorders","MILD","1","N","N","N","26","29","2012-03-04","2012-03-07","2012-02-01"
"AA-AA-000-0000","S32148","3","Abdominal pain","Abdominal pain","Gastrointestinal disorders","MODERATE","2","N","Y","Y","48","50","2012-03-26","2012-03-28","2012-02-01"
"AA-AA-000-0000","S3221","1","Fatigue","Fatigue","General disorders and administration site conditions","MODERATE","2","N","Y","N","8","18","2012-03-14","2012-03-24","2012-03-01"
"AA-AA-000-0000","S3221","2","Myalgia","Myalgia","Musculoskeletal and connective tissue disorders","LIFE THREATENING","4","Y","N","N","4","5","2012-03-10","2012-03-11","2012-03-01"
"AA-AA-000-0000","S32331","1","Platelet count decreased","Platelet count decreased","Investigations","MODERATE","2","N","Y","N","32","44","2012-03-06","2012-03-18","2012-02-01"
"AA-AA-000-0000","S32331","2","Thrombocytopenia","Thrombocytopenia","Blood and lymphatic system disorders","MILD","1","N","Y","N","1","4","2012-02-04","2012-02-07","2012-02-01"
"AA-AA-000-0000","S32331","3","Neutropenia","Neutropenia","Blood and lymphatic system disorders","MODERATE","2","N","Y","N","14","23","2012-02-17","2012-02-26","2012-02-01"
"AA-AA-000-0000","S32331","4","Aspartate aminotransferase increased","Aspartate aminotransferase increased","Investigations","MILD","1","N","Y","Y","50","54","2012-03-24","2012-03-28","2012-02-01"
"AA-AA-000-0000","S32331","5","Nausea","Nausea","Gastrointestinal disorders","LIFE THREATENING","4","N","Y","N","7","14","2012-02-10","2012-02-17","2012-02-01"
"AA-AA-000-0000","S32331","6","Dyspnoea","Dyspnoea","Respiratory, thoracic and mediastinal disorders","MODERATE","2","N","N","N","34","35","2012-03-08","2012-03-09","2012-02-01"
"AA-AA-000-0000","S32331","7","Aspartate aminotransferase increased","Aspartate aminotransferase increased","Investigations","MILD","1","N","Y","N","16","48","2012-02-19","2012-03-22","2012-02-01"
"AA-AA-000-0000","S32336","1","Alanine aminotransferase increased","Alanine aminotransferase increased","Investigations","MODERATE","2","N","N","N","33","39","2012-03-01","2012-03-07","2012-01-01"
"AA-AA-000-0000","S32805","1","Thrombocytopenia","Thrombocytopenia","Blood and lymphatic system disorders","MODERATE","2","N","Y","N","56","67","2012-03-07","2012-03-18","2012-01-01"
"AA-AA-000-0000","S32805","2","Blood bilirubin increased","Blood bilirubin increased","Investigations","MODERATE","2","N","N","N","8","12","2012-01-19","2012-01-23","2012-01-01"
"AA-AA-000-0000","S32805","3","Thrombocytopenia","Thrombocytopenia","Blood and lymphatic system disorders","SEVERE","3","Y","N","N","4","5","2012-01-15","2012-01-16","2012-01-01"
"AA-AA-000-0000","S32805","4","Blood bilirubin increased","Blood bilirubin increased","Investigations","MILD","1","N","Y","N","71","73","2012-03-22","2012-03-24","2012-01-01"
"AA-AA-000-0000","S32805","5","Nausea","Nausea","Gastrointestinal disorders","MILD","1","N","Y","N","16","31","2012-01-27","2012-02-11","2012-01-01"
"AA-AA-000-0000","S32805","6","Anaemia","Anaemia","Blood and lymphatic system disorders","SEVERE","3","Y","N","N","32","33","2012-02-12","2012-02-13","2012-01-01"
"AA-AA-000-0000","S32805","7","Anaemia","Anaemia","Blood and lymphatic system disorders","SEVERE","3","N","N","N","35","45","2012-02-15","2012-02-25","2012-01-01"
"AA-AA-000-0000","S32805","8","Cough","Cough","Respiratory, thoracic and mediastinal disorders","MILD","1","N","Y","N","19","25","2012-01-30","2012-02-05","2012-01-01"
"AA-AA-000-0000","S32805","9","Pruritus","Pruritus","Skin and subcutaneous tissue disorders","LIFE THREATENING","4","Y","Y","N","46","54","2012-02-26","2012-03-05","2012-01-01"
"AA-AA-000-0000","S32805","10","Thrombocytopenia","Thrombocytopenia","Blood and lymphatic system disorders","MODERATE","2","N","N","N","58","71","2012-03-09","2012-03-22","2012-01-01"
"AA-AA-000-0000","S32805","11","Diarrhoea","Diarrhoea","Gastrointestinal disorders","SEVERE","3","Y","Y","N","61","75","2012-03-12","2012-03-26","2012-01-01"
"AA-AA-000-0000","S32805","12","Back pain","Back pain","Musculoskeletal and connective tissue disorders","MODERATE","2","N","N","Y","74","77","2012-03-25","2012-03-28","2012-01-01"
"AA-AA-000-0000","S32805","13","Cough","Cough","Respiratory, thoracic and mediastinal disorders","MILD","1","Y","Y","N","25","54","2012-02-05","2012-03-05","2012-01-01"
"AA-AA-000-0000","S32805","14","Paraesthesia","Paraesthesia","Nervous system disorders","MODERATE","2","N","Y","Y","73","77","2012-03-24","2012-03-28","2012-01-01"
"AA-AA-000-0000","S32805","15","Abdominal pain","Abdominal pain","Gastrointestinal disorders","LIFE THREATENING","4","Y","Y","N","59","73","2012-03-10","2012-03-24","2012-01-01"
"AA-AA-000-0000","S3285","1","Paraesthesia","Paraesthesia","Nervous system disorders","LIFE THREATENING","4","Y","Y","N","77","79","2012-03-22","2012-03-24","2012-01-01"
"AA-AA-000-0000","S3285","2","Vomiting","Vomiting","Gastrointestinal disorders","MODERATE","2","N","N","N","75","76","2012-03-20","2012-03-21","2012-01-01"
"AA-AA-000-0000","S3285","3","Chills","Chills","General disorders and administration site conditions","MODERATE","2","N","Y","N","51","75","2012-02-25","2012-03-20","2012-01-01"
"AA-AA-000-0000","S3285","4","Dizziness","Dizziness","Nervous system disorders","MODERATE","2","N","Y","N","38","43","2012-02-12","2012-02-17","2012-01-01"
"AA-AA-000-0000","S32854","1","Anaemia","Anaemia","Blood and lymphatic system disorders","MILD","1","N","Y","N","35","52","2012-02-26","2012-03-14","2012-01-01"
"AA-AA-000-0000","S32854","2","Dyspnoea","Dyspnoea","Respiratory, thoracic and mediastinal disorders","MILD","1","N","Y","N","47","49","2012-03-09","2012-03-11","2012-01-01"
"AA-AA-000-0000","S32854","3","Anaemia","Anaemia","Blood and lymphatic system disorders","MILD","1","N","Y","N","15","29","2012-02-06","2012-02-20","2012-01-01"
"AA-AA-000-0000","S32854","4","Abdominal pain","Abdominal pain","Gastrointestinal disorders","MODERATE","2","N","Y","N","40","62","2012-03-02","2012-03-24","2012-01-01"
"AA-AA-000-0000","S32854","5","Arthralgia","Arthralgia","Musculoskeletal and connective tissue disorders","MILD","1","N","N","N","42","43","2012-03-04","2012-03-05","2012-01-01"
"AA-AA-000-0000","S32854","6","Constipation","Constipation","Gastrointestinal disorders","LIFE THREATENING","4","Y","Y","Y","66","66","2012-03-28","2012-03-28","2012-01-01"
"AA-AA-000-0000","S32854","7","Alanine aminotransferase increased","Alanine aminotransferase increased","Investigations","LIFE THREATENING","4","Y","N","N","3","9","2012-01-25","2012-01-31","2012-01-01"
"AA-AA-000-0000","S32856","1","Nausea","Nausea","Gastrointestinal disorders","MILD","1","N","Y","N","23","32","2012-03-08","2012-03-17","2012-02-01"
"AA-AA-000-0000","S32856","2","Nasopharyngitis","Nasopharyngitis","Infections and infestations","MILD","1","N","Y","N","14","16","2012-02-28","2012-03-01","2012-02-01"
"AA-AA-000-0000","S33090","1","Chills","Chills","General disorders and administration site conditions","MILD","1","N","Y","Y","16","23","2012-03-21","2012-03-28","2012-03-01"
"AA-AA-000-0000","S33090","2","Blood bilirubin increased","Blood bilirubin increased","Investigations","LIFE THREATENING","4","N","N","Y","18","23","2012-03-23","2012-03-28","2012-03-01"
"AA-AA-000-0000","S33152","1","Constipation","Constipation","Gastrointestinal disorders","LIFE THREATENING","4","Y","N","Y","15","37","2012-03-06","2012-03-28","2012-02-01"
"AA-AA-000-0000","S33152","2","Aspartate aminotransferase increased","Aspartate aminotransferase increased","Investigations","MILD","1","N","N","N","20","24","2012-03-11","2012-03-15","2012-02-01"
"AA-AA-000-0000","S33152","3","Constipation","Constipation","Gastrointestinal disorders","SEVERE","3","Y","N","N","24","35","2012-03-15","2012-03-26","2012-02-01"
"AA-AA-000-0000","S33152","4","Urticaria","Urticaria","Skin and subcutaneous tissue disorders","MODERATE","2","N","Y","N","4","15","2012-02-24","2012-03-06","2012-02-01"
"AA-AA-000-0000","S33371","1","Arthralgia","Arthralgia","Musculoskeletal and connective tissue disorders","MILD","1","N","N","N","25","27","2012-03-19","2012-03-21","2012-02-01"
"AA-AA-000-0000","S33371","2","Alanine aminotransferase increased","Alanine aminotransferase increased","Investigations","SEVERE","3","Y","Y","N","13","19","2012-03-07","2012-03-13","2012-02-01"
"AA-AA-000-0000","S33371","3","Platelet count decreased","Platelet count decreased","Investigations","MODERATE","2","N","N","N","4","14","2012-02-27","2012-03-08","2012-02-01"
"AA-AA-000-0000","S33371","4","Hypokalaemia","Hypokalaemia","Metabolism and nutrition disorders","MILD","1","N","N","Y","33","34","2012-03-27","2012-03-28","2012-02-01"
"AA-AA-000-0000","S33394","1","Oedema peripheral","Oedema peripheral","General disorders and administration site conditions","MILD","1","N","N","Y","1","2","2012-03-27","2012-03-28","2012-03-01"
"AA-AA-000-0000","S33394","2","Myalgia","Myalgia","Musculoskeletal and connective tissue disorders","SEVERE","3","N","Y","Y","2","2","2012-03-28","2012-03-28","2012-03-01"
"AA-AA-000-0000","S33412","1","Nausea","Nausea","Gastrointestinal disorders","MILD","1","N","N","N","74","77","2012-03-20","2012-03-23","2012-01-01"
"AA-AA-000-0000","S33412","2","Aspartate aminotransferase increased","Aspartate aminotransferase increased","Investigations","MILD","1","N","Y","N","55","62","2012-03-01","2012-03-08","2012-01-01"
"AA-AA-000-0000","S33412","3","Fatigue","Fatigue","General disorders and administration site conditions","SEVERE","3","N","N","N","67","68","2012-03-13","2012-03-14","2012-01-01"
"AA-AA-000-0000","S33412","4","Pyrexia","Pyrexia","General disorders and administration site conditions","SEVERE","3","Y","Y","N","76","80","2012-03-22","2012-03-26","2012-01-01"
"AA-AA-000-0000","S33412","5","Nausea","Nausea","Gastrointestinal disorders","SEVERE","3","N","Y","N","55","81","2012-03-01","2012-03-27","2012-01-01"
"AA-AA-000-0000","S33412","6","Blood bilirubin increased","Blood bilirubin increased","Investigations","MODERATE","2","N","Y","N","7","13","2012-01-13","2012-01-19","2012-01-01"
"AA-AA-000-0000","S33491","1","Cough","Cough","Respiratory, thoracic and mediastinal disorders","MILD","1","N","N","Y","27","30","2012-03-25","2012-03-28","2012-02-01"
"AA-AA-000-0000","S33491","2","Myalgia","Myalgia","Musculoskeletal and connective tissue disorders","MILD","1","N","N","Y","23","30","2012-03-21","2012-03-28","2012-02-01"
"AA-AA-000-0000","S33491","3","Aspartate aminotransferase increased","Aspartate aminotransferase increased","Investigations","MODERATE","2","N","N","N","4","5","2012-03-02","2012-03-03","2012-02-01"
"AA-AA-000-0000","S33531","1","Vomiting","Vomiting","Gastrointestinal disorders","MODERATE","2","N","Y","Y","2","2","2012-03-28","2012-03-28","2012-03-01"
"AA-AA-000-0000","S33604","1","Arthralgia","Arthralgia","Musculoskeletal and connective tissue disorders","MODERATE","2","N","N","Y","51","55","2012-03-24","2012-03-28","2012-02-01"
"AA-AA-000-0000","S33604","2","Pruritus","Pruritus","Skin and subcutaneous tissue disorders","MODERATE","2","N","N","N","2","8","2012-02-04","2012-02-10","2012-02-01"
"AA-AA-000-0000","S33604","3","Blood bilirubin increased","Blood bilirubin increased","Investigations","MODERATE","2","N","N","N","32","37","2012-03-05","2012-03-10","2012-02-01"
"AA-AA-000-0000","S33604","4","Decreased appetite","Decreased appetite","Metabolism and nutrition disorders","MILD","1","N","N","N","39","41","2012-03-12","2012-03-14","2012-02-01"
"AA-AA-000-0000","S33604","5","Blood bilirubin increased","Blood bilirubin increased","Investigations","MILD","1","N","N","N","18","35","2012-02-20","2012-03-08","2012-02-01"
"AA-AA-000-0000","S33604","6","Platelet count decreased","Platelet count decreased","Investigations","MILD","1","N","N","N","4","6","2012-02-06","2012-02-08","2012-02-01"
"AA-AA-000-0000","S33697","1","Platelet count decreased","Platelet count decreased","Investigations","MILD","1","N","Y","N","2","4","2012-01-08","2012-01-10","2012-01-01"
"AA-AA-000-0000","S33697","2","Aspartate aminotransferase increased","Aspartate aminotransferase increased","Investigations","MILD","1","N","N","N","57","59","2012-03-03","2012-03-05","2012-01-01"
"AA-AA-000-0000","S33697","3","Aspartate aminotransferase increased","Aspartate aminotransferase increased","Investigations","MILD","1","N","N","N","41","55","2012-02-16","2012-03-01","2012-01-01"
"AA-AA-000-0000","S33697","4","Vomiting","Vomiting","Gastrointestinal disorders","SEVERE","3","Y","Y","N","23","25","2012-01-29","2012-01-31","2012-01-01"
"AA-AA-000-0000","S33697","5","Nausea","Nausea","Gastrointestinal disorders","LIFE THREATENING","4","Y","Y","N","43","52","2012-02-18","2012-02-27","2012-01-01"
"AA-AA-000-0000","S33697","6","Blood bilirubin increased","Blood bilirubin increased","Investigations","SEVERE","3","Y","Y","N","26","28","2012-02-01","2012-02-03","2012-01-01"
"AA-AA-000-0000","S33697","7","Diarrhoea","Diarrhoea","Gastrointestinal disorders","MILD","1","N","Y","N","65","72","2012-03-11","2012-03-18","2012-01-01"
"AA-AA-000-0000","S33779","1","Blood bilirubin increased","Blood bilirubin increased","Investigations","SEVERE","3","Y","Y","N","22","23","2012-03-19","2012-03-20","2012-02-01"
"AA-AA-000-0000","S33779","2","Diarrhoea","Diarrhoea","Gastrointestinal disorders","SEVERE","3","Y","Y","N","4","15","2012-03-01","2012-03-12","2012-02-01"
"AA-AA-000-0000","S33779","3","Anaemia","Anaemia","Blood and lymphatic system disorders","MILD","1","N","N","N","24","28","2012-03-21","2012-03-25","2012-02-01"
"AA-AA-000-0000","S33779","4","Neutropenia","Neutropenia","Blood and lymphatic system disorders","MILD","1","N","Y","N","21","27","2012-03-18","2012-03-24","2012-02-01"
"AA-AA-000-0000","S33779","5","Alanine aminotransferase increased","Alanine aminotransferase increased","Investigations","MILD","1","N","Y","N","28","29","2012-03-25","2012-03-26","2012-02-01"
"AA-AA-000-0000","S33779","6","Alanine aminotransferase increased","Alanine aminotransferase increased","Investigations","MODERATE","2","N","N","N","7","12","2012-03-04","2012-03-09","2012-02-01"
"AA-AA-000-0000","S33779","7","Arthralgia","Arthralgia","Musculoskeletal and connective tissue disorders","SEVERE","3","Y","Y","Y","31","31","2012-03-28","2012-03-28","2012-02-01"
"AA-AA-000-0000","S33945","1","Dizziness","Dizziness","Nervous system disorders","MILD","1","N","N","N","22","24","2012-02-28","2012-03-01","2012-02-01"
"AA-AA-000-0000","S33945","2","Headache","Headache","Nervous system disorders","SEVERE","3","Y","Y","Y","41","51","2012-03-18","2012-03-28","2012-02-01"
"AA-AA-000-0000","S33945","3","Arthralgia","Arthralgia","Musculoskeletal and connective tissue disorders","MILD","1","N","N","N","27","40","2012-03-04","2012-03-17","2012-02-01"
"AA-AA-000-0000","S33945","4","Oedema peripheral","Oedema peripheral","General disorders and administration site conditions","MODERATE","2","N","Y","N","21","22","2012-02-27","2012-02-28","2012-02-01"
"AA-AA-000-0000","S33945","5","Constipation","Constipation","Gastrointestinal disorders","MODERATE","2","N","N","N","44","50","2012-03-21","2012-03-27","2012-02-01"
"AA-AA-000-0000","S33945","6","Nausea","Nausea","Gastrointestinal disorders","MILD","1","N","Y","N","37","40","2012-03-14","2012-03-17","2012-02-01"
"AA-AA-000-0000","S34157","1","Neutropenia","Neutropenia","Blood and lymphatic system disorders","LIFE THREATENING","4","Y","N","Y","65","67","2012-03-26","2012-03-28","2012-01-01"
"AA-AA-000-0000","S34157","2","Nausea","Nausea","Gastrointestinal disorders","MILD","1","N","N","Y","54","67","2012-03-15","2012-03-28","2012-01-01"
"AA-AA-000-0000","S34157","3","Pyrexia","Pyrexia","General disorders and administration site conditions","MILD","1","N","Y","N","55","58","2012-03-16","2012-03-19","2012-01-01"
"AA-AA-000-0000","S34157","4","Blood bilirubin increased","Blood bilirubin increased","Investigations","SEVERE","3","Y","N","N","58","59","2012-03-19","2012-03-20","2012-01-01"
"AA-AA-000-0000","S34157","5","Abdominal pain","Abdominal pain","Gastrointestinal disorders","LIFE THREATENING","4","Y","Y","N","15","17","2012-02-05","2012-02-07","2012-01-01"
"AA-AA-000-0000","S34157","6","Platelet count decreased","Platelet count decreased","Investigations","MODERATE","2","N","Y","N","4","15","2012-01-25","2012-02-05","2012-01-01"
"AA-AA-000-0000","S34157","7","Anaemia","Anaemia","Blood and lymphatic system disorders","MODERATE","2","N","N","N","22","31","2012-02-12","2012-02-21","2012-01-01"
"AA-AA-000-0000","S34157","8","Thrombocytopenia","Thrombocytopenia","Blood and lymphatic system disorders","MILD","1","N","N","N","3","5","2012-01-24","2012-01-26","2012-01-01"
"AA-AA-000-0000","S34157","9","Neutropenia","Neutropenia","Blood and lymphatic system disorders","MODERATE","2","N","Y","Y","63","67","2012-03-24","2012-03-28","2012-01-01"
"AA-AA-000-0000","S34157","10","Alanine aminotransferase increased","Alanine aminotransferase increased","Investigations","MODERATE","2","N","N","N","6","23","2012-01-27","2012-02-13","2012-01-01"
"AA-AA-000-0000","S34163","1","Rash","Rash","Skin and subcutaneous tissue disorders","MILD","1","N","Y","Y","2","3","2012-03-27","2012-03-28","2012-03-01"
"AA-AA-000-0000","S34327","1","Headache","Headache","Nervous system disorders","LIFE THREATENING","4","Y","Y","N","29","32","2012-02-16","2012-02-19","2012-01-01"
"AA-AA-000-0000","S34327","2","Pruritus","Pruritus","Skin and subcutaneous tissue disorders","MODERATE","2","N","N","N","44","46","2012-03-02","2012-03-04","2012-01-01"
"AA-AA-000-0000","S34327","3","Rash","Rash","Skin and subcutaneous tissue disorders","MODERATE","2","N","Y","N","68","69","2012-03-26","2012-03-27","2012-01-01"
"AA-AA-000-0000","S34327","4","Cough","Cough","Respiratory, thoracic and mediastinal disorders","SEVERE","3","N","Y","N","16","27","2012-02-03","2012-02-14","2012-01-01"
"AA-AA-000-0000","S34410","1","Diarrhoea","Diarrhoea","Gastrointestinal disorders","MODERATE","2","N","N","N","30","38","2012-03-07","2012-03-15","2012-02-01"
"AA-AA-000-0000","S34410","2","Myalgia","Myalgia","Musculoskeletal and connective tissue disorders","MODERATE","2","N","N","N","31","44","2012-03-08","2012-03-21","2012-02-01"
"AA-AA-000-0000","S34410","3","Arthralgia","Arthralgia","Musculoskeletal and connective tissue disorders","MODERATE","2","Y","N","N","41","43","2012-03-18","2012-03-20","2012-02-01"
"AA-AA-000-0000","S34410","4","Cough","Cough","Respiratory, thoracic and mediastinal disorders","MILD","1","N","Y","N","4","12","2012-02-10","2012-02-18","2012-02-01"
"AA-AA-000-0000","S34410","5","Oedema peripheral","Oedema peripheral","General disorders and administration site conditions","MODERATE","2","N","N","Y","50","51","2012-03-27","2012-03-28","2012-02-01"
"AA-AA-000-0000","S34410","6","Headache","Headache","Nervous system disorders","MILD","1","N","Y","N","19","30","2012-02-25","2012-03-07","2012-02-01"
"AA-AA-000-0000","S34463","1","Constipation","Constipation","Gastrointestinal disorders","MILD","1","N","Y","Y","26","30","2012-03-24","2012-03-28","2012-02-01"
"AA-AA-000-0000","S34463","2","Dizziness","Dizziness","Nervous system disorders","SEVERE","3","Y","Y","N","27","29","2012-03-25","2012-03-27","2012-02-01"
"AA-AA-000-0000","S34465","1","Chills","Chills","General disorders and administration site conditions","MILD","1","N","Y","N","12","14","2012-03-10","2012-03-12","2012-02-01"
"AA-AA-000-0000","S34465","2","Pruritus","Pruritus","Skin and subcutaneous tissue disorders","MILD","1","N","N","Y","22","30","2012-03-20","2012-03-28","2012-02-01"
"AA-AA-000-0000","S34465","3","Decreased appetite","Decreased appetite","Metabolism and nutrition disorders","MODERATE","2","N","N","Y","27","30","2012-03-25","2012-03-28","2012-02-01"
"AA-AA-000-0000","S34465","4","Back pain","Back pain","Musculoskeletal and connective tissue disorders","SEVERE","3","N","Y","Y","28","30","2012-03-26","2012-03-28","2012-02-01"
"AA-AA-000-0000","S34465","5","Cough","Cough","Respiratory, thoracic and mediastinal disorders","SEVERE","3","Y","N","Y","30","30","2012-03-28","2012-03-28","2012-02-01"
"AA-AA-000-0000","S34465","6","Vomiting","Vomiting","Gastrointestinal disorders","LIFE THREATENING","4","N","N","N","26","29","2012-03-24","2012-03-27","2012-02-01"
"AA-AA-000-0000","S34830","1","Blood bilirubin increased","Blood bilirubin increased","Investigations","MILD","1","N","Y","N","21","28","2012-02-24","2012-03-02","2012-02-01"
"AA-AA-000-0000","S34830","2","Aspartate aminotransferase increased","Aspartate aminotransferase increased","Investigations","LIFE THREATENING","4","N","N","N","25","27","2012-02-28","2012-03-01","2012-02-01"
"AA-AA-000-0000","S34830","3","Urticaria","Urticaria","Skin and subcutaneous tissue disorders","MODERATE","2","N","N","N","17","18","2012-02-20","2012-02-21","2012-02-01"
"AA-AA-000-0000","S34830","4","Alanine aminotransferase increased","Alanine aminotransferase increased","Investigations","MILD","1","N","Y","N","8","15","2012-02-11","2012-02-18","2012-02-01"
"AA-AA-000-0000","S34830","5","Headache","Headache","Nervous system disorders","MODERATE","2","N","Y","N","31","32","2012-03-05","2012-03-06","2012-02-01"
"AA-AA-000-0000","S34830","6","Blood bilirubin increased","Blood bilirubin increased","Investigations","MILD","1","N","N","N","25","26","2012-02-28","2012-02-29","2012-02-01"
"AA-AA-000-0000","S34830","7","Aspartate aminotransferase increased","Aspartate aminotransferase increased","Investigations","MODERATE","2","N","N","Y","47","54","2012-03-21","2012-03-28","2012-02-01"
"AA-AA-000-0000","S34830","8","Abdominal pain","Abdominal pain","Gastrointestinal disorders","MODERATE","2","N","Y","N","40","46","2012-03-14","2012-03-20","2012-02-01"
"AA-AA-000-0000","S34830","9","Blood bilirubin increased","Blood bilirubin increased","Investigations","MILD","1","N","Y","Y","53","54","2012-03-27","2012-03-28","2012-02-01"
"AA-AA-000-0000","S349","1","Upper respiratory tract infection","Upper respiratory tract infection","Infections and infestations","MODERATE","2","N","N","N","40","41","2012-03-24","2012-03-25","2012-02-01"
"AA-AA-000-0000","S349","2","Aspartate aminotransferase increased","Aspartate aminotransferase increased","Investigations","MODERATE","2","N","N","N","26","28","2012-03-10","2012-03-12","2012-02-01"
"AA-AA-000-0000","S349","3","Upper respiratory tract infection","Upper respiratory tract infection","Infections and infestations","MILD","1","N","N","N","3","5","2012-02-16","2012-02-18","2012-02-01"
"AA-AA-000-0000","S349","4","Hypokalaemia","Hypokalaemia","Metabolism and nutrition disorders","MODERATE","2","N","N","N","8","17","2012-02-21","2012-03-01","2012-02-01"
"AA-AA-000-0000","S349","5","Chills","Chills","General disorders and administration site conditions","LIFE THREATENING","4","Y","Y","N","17","19","2012-03-01","2012-03-03","2012-02-01"
"AA-AA-000-0000","S349","6","Blood bilirubin increased","Blood bilirubin increased","Investigations","MILD","1","N","N","Y","41","44","2012-03-25","2012-03-28","2012-02-01"
"AA-AA-000-0000","S349","7","Rash","Rash","Skin and subcutaneous tissue disorders","MILD","1","N","N","N","21","35","2012-03-05","2012-03-19","2012-02-01"
"AA-AA-000-0000","S349","8","Alanine aminotransferase increased","Alanine aminotransferase increased","Investigations","MODERATE","2","N","Y","N","6","7","2012-02-19","2012-02-20","2012-02-01"
"AA-AA-000-0000","S349","9","Anaemia","Anaemia","Blood and lymphatic system disorders","MILD","1","N","N","N","28","31","2012-03-12","2012-03-15","2012-02-01"
"AA-AA-000-0000","S3492","1","Platelet count decreased","Platelet count decreased","Investigations","SEVERE","3","Y","N","N","67","69","2012-03-18","2012-03-20","2012-01-01"
"AA-AA-000-0000","S3492","2","Rash","Rash","Skin and subcutaneous tissue disorders","MILD","1","N","Y","N","16","17","2012-01-27","2012-01-28","2012-01-01"
"AA-AA-000-0000","S3492","3","Abdominal pain","Abdominal pain","Gastrointestinal disorders","MILD","1","N","Y","N","25","26","2012-02-05","2012-02-06","2012-01-01"
"AA-AA-000-0000","S3492","4","Abdominal pain","Abdominal pain","Gastrointestinal disorders","MILD","1","N","Y","N","45","47","2012-02-25","2012-02-27","2012-01-01"
"AA-AA-000-0000","S35050","1","Thrombocytopenia","Thrombocytopenia","Blood and lymphatic system disorders","MILD","1","N","Y","Y","2","7","2012-03-23","2012-03-28","2012-03-01"
"AA-AA-000-0000","S35050","2","Diarrhoea","Diarrhoea","Gastrointestinal disorders","LIFE THREATENING","4","N","N","N","1","3","2012-03-22","2012-03-24","2012-03-01"
"AA-AA-000-0000","S35058","1","Platelet count decreased","Platelet count decreased","Investigations","MILD","1","N","Y","N","58","72","2012-02-28","2012-03-13","2012-01-01"
"AA-AA-000-0000","S35058","2","Anaemia","Anaemia","Blood and lymphatic system disorders","SEVERE","3","Y","Y","N","68","79","2012-03-09","2012-03-20","2012-01-01"
"AA-AA-000-0000","S35058","3","Pruritus","Pruritus","Skin and subcutaneous tissue disorders","MODERATE","2","Y","N","N","22","29","2012-01-23","2012-01-30","2012-01-01"
"AA-AA-000-0000","S35058","4","Thrombocytopenia","Thrombocytopenia","Blood and lymphatic system disorders","MODERATE","2","N","N","N","42","55","2012-02-12","2012-02-25","2012-01-01"
"AA-AA-000-0000","S35204","1","Hypokalaemia","Hypokalaemia","Metabolism and nutrition disorders","SEVERE","3","N","Y","N","31","44","2012-02-19","2012-03-03","2012-01-01"
"AA-AA-000-0000","S35204","2","Vomiting","Vomiting","Gastrointestinal disorders","MILD","1","N","N","N","54","62","2012-03-13","2012-03-21","2012-01-01"
"AA-AA-000-0000","S35204","3","Decreased appetite","Decreased appetite","Metabolism and nutrition disorders","MILD","1","N","Y","Y","62","69","2012-03-21","2012-03-28","2012-01-01"
"AA-AA-000-0000","S35204","4","Pyrexia","Pyrexia","General disorders and administration site conditions","MODERATE","2","N","Y","N","47","50","2012-03-06","2012-03-09","2012-01-01"
"AA-AA-000-0000","S35234","1","Constipation","Constipation","Gastrointestinal disorders","MODERATE","2","N","N","N","17","22","2012-03-20","2012-03-25","2012-03-01"
"AA-AA-000-0000","S35234","2","Abdominal pain","Abdominal pain","Gastrointestinal disorders","MILD","1","N","N","N","2","10","2012-03-05","2012-03-13","2012-03-01"
"AA-AA-000-0000","S35234","3","Neutropenia","Neutropenia","Blood and lymphatic system disorders","MILD","1","N","N","N","15","17","2012-03-18","2012-03-20","2012-03-01"
"AA-AA-000-0000","S35234","4","Aspartate aminotransferase increased","Aspartate aminotransferase increased","Investigations","MODERATE","2","Y","N","Y","24","25","2012-03-27","2012-03-28","2012-03-01"
"AA-AA-000-0000","S35306","1","Vomiting","Vomiting","Gastrointestinal disorders","MODERATE","2","N","Y","N","27","34","2012-02-13","2012-02-20","2012-01-01"
"AA-AA-000-0000","S35306","2","Nausea","Nausea","Gastrointestinal disorders","MILD","1","N","Y","N","49","52","2012-03-06","2012-03-09","2012-01-01"
"AA-AA-000-0000","S35306","3","Platelet count decreased","Platelet count decreased","Investigations","MODERATE","2","N","Y","N","25","31","2012-02-11","2012-02-17","2012-01-01"
"AA-AA-000-0000","S35306","4","Nausea","Nausea","Gastrointestinal disorders","MILD","1","N","Y","N","60","61","2012-03-17","2012-03-18","2012-01-01"
"AA-AA-000-0000","S35306","5","Vomiting","Vomiting","Gastrointestinal disorders","MODERATE","2","N","N","N","29","52","2012-02-15","2012-03-09","2012-01-01"
"AA-AA-000-0000","S35306","6","Vomiting","Vomiting","Gastrointestinal disorders","MILD","1","N","Y","N","27","28","2012-02-13","2012-02-14","2012-01-01"
"AA-AA-000-0000","S35306","7","Abdominal pain","Abdominal pain","Gastrointestinal disorders","MILD","1","N","N","N","57","62","2012-03-14","2012-03-19","2012-01-01"
"AA-AA-000-0000","S3546","1","Fatigue","Fatigue","General disorders and administration site conditions","MODERATE","2","Y","Y","N","17","19","2012-03-12","2012-03-14","2012-02-01"
"AA-AA-000-0000","S3548","1","Chills","Chills","General disorders and administration site conditions","MILD","1","N","Y","N","5","16","2012-02-11","2012-02-22","2012-02-01"
"AA-AA-000-0000","S3548","2","Abdominal pain","Abdominal pain","Gastrointestinal disorders","SEVERE","3","N","Y","N","22","23","2012-02-28","2012-02-29","2012-02-01"
"AA-AA-000-0000","S3548","3","Constipation","Constipation","Gastrointestinal disorders","LIFE THREATENING","4","N","Y","N","28","29","2012-03-05","2012-03-06","2012-02-01"
"AA-AA-000-0000","S3548","4","Abdominal pain","Abdominal pain","Gastrointestinal disorders","MILD","1","N","Y","N","8","13","2012-02-14","2012-02-19","2012-02-01"
"AA-AA-000-0000","S3548","5","Paraesthesia","Paraesthesia","Nervous system disorders","MODERATE","2","N","N","N","13","25","2012-02-19","2012-03-02","2012-02-01"
"AA-AA-000-0000","S3548","6","Oedema peripheral","Oedema peripheral","General disorders and administration site conditions","MODERATE","2","N","N","N","31","37","2012-03-08","2012-03-14","2012-02-01"
"AA-AA-000-0000","S3548","7","Vomiting","Vomiting","Gastrointestinal disorders","LIFE THREATENING","4","Y","N","N","14","16","2012-02-20","2012-02-22","2012-02-01"
"AA-AA-000-0000","S35500","1","Alanine aminotransferase increased","Alanine aminotransferase increased","Investigations","LIFE THREATENING","4","Y","N","N","11","13","2012-03-10","2012-03-12","2012-02-01"
"AA-AA-000-0000","S35737","1","Neutropenia","Neutropenia","Blood and lymphatic system disorders","MODERATE","2","Y","N","Y","10","26","2012-03-12","2012-03-28","2012-03-01"
"AA-AA-000-0000","S35834","1","Alanine aminotransferase increased","Alanine aminotransferase increased","Investigations","MODERATE","2","N","N","N","8","18","2012-01-29","2012-02-08","2012-01-01"
"AA-AA-000-0000","S35834","2","Anaemia","Anaemia","Blood and lymphatic system disorders","SEVERE","3","N","Y","N","8","10","2012-01-29","2012-01-31","2012-01-01"
"AA-AA-000-0000","S36177","1","Aspartate aminotransferase increased","Aspartate aminotransferase increased","Investigations","MODERATE","2","N","Y","N","45","59","2012-02-29","2012-03-14","2012-01-01"
"AA-AA-000-0000","S36177","2","Blood bilirubin increased","Blood bilirubin increased","Investigations","SEVERE","3","N","Y","N","13","21","2012-01-28","2012-02-05","2012-01-01"
"AA-AA-000-0000","S36177","3","Headache","Headache","Nervous system disorders","MILD","1","N","Y","N","38","54","2012-02-22","2012-03-09","2012-01-01"
"AA-AA-000-0000","S36177","4","Urticaria","Urticaria","Skin and subcutaneous tissue disorders","MILD","1","N","Y","N","28","31","2012-02-12","2012-02-15","2012-01-01"
"AA-AA-000-0000","S36177","5","Diarrhoea","Diarrhoea","Gastrointestinal disorders","MILD","1","N","N","N","36","37","2012-02-20","2012-02-21","2012-01-01"
"AA-AA-000-0000","S36177","6","Blood bilirubin increased","Blood bilirubin increased","Investigations","MODERATE","2","N","N","N","18","28","2012-02-02","2012-02-12","2012-01-01"
"AA-AA-000-0000","S36177","7","Platelet count decreased","Platelet count decreased","Investigations","LIFE THREATENING","4","N","Y","N","18","21","2012-02-02","2012-02-05","2012-01-01"
"AA-AA-000-0000","S36177","8","Alanine aminotransferase increased","Alanine aminotransferase increased","Investigations","LIFE THREATENING","4","Y","N","N","18","21","2012-02-02","2012-02-05","2012-01-01"
"AA-AA-000-0000","S36177","9","Blood bilirubin increased","Blood bilirubin increased","Investigations","MILD","1","N","N","N","7","14","2012-01-22","2012-01-29","2012-01-01"
"AA-AA-000-0000","S36177","10","Aspartate aminotransferase increased","Aspartate aminotransferase increased","Investigations","MODERATE","2","N","N","N","51","53","2012-03-06","2012-03-08","2012-01-01"
"AA-AA-000-0000","S36576","1","Nausea","Nausea","Gastrointestinal disorders","MILD","1","N","N","N","3","4","2012-03-23","2012-03-24","2012-03-01"
"AA-AA-000-0000","S36728","1","Thrombocytopenia","Thrombocytopenia","Blood and lymphatic system disorders","LIFE THREATENING","4","Y","N","Y","15","21","2012-03-22","2012-03-28","2012-03-01"
"AA-AA-000-0000","S36728","2","Fatigue","Fatigue","General disorders and administration site conditions","MODERATE","2","N","N","Y","21","21","2012-03-28","2012-03-28","2012-03-01"
"AA-AA-000-0000","S36728","3","Headache","Headache","Nervous system disorders","MILD","1","N","Y","N","1","2","2012-03-08","2012-03-09","2012-03-01"
"AA-AA-000-0000","S36728","4","Headache","Headache","Nervous system disorders","SEVERE","3","Y","Y","N","9","12","2012-03-16","2012-03-19","2012-03-01"
"AA-AA-000-0000","S36728","5","Headache","Headache","Nervous system disorders","MILD","1","N","N","N","1","18","2012-03-08","2012-03-25","2012-03-01"
"AA-AA-000-0000","S36728","6","Arthralgia","Arthralgia","Musculoskeletal and connective tissue disorders","MILD","1","N","N","Y","13","21","2012-03-20","2012-03-28","2012-03-01"
"AA-AA-000-0000","S36762","1","Nausea","Nausea","Gastrointestinal disorders","MODERATE","2","N","Y","N","51","56","2012-03-18","2012-03-23","2012-01-01"
"AA-AA-000-0000","S36762","2","Abdominal pain","Abdominal pain","Gastrointestinal disorders","MODERATE","2","N","Y","N","31","32","2012-02-27","2012-02-28","2012-01-01"
"AA-AA-000-0000","S36762","3","Arthralgia","Arthralgia","Musculoskeletal and connective tissue disorders","LIFE THREATENING","4","N","N","N","3","14","2012-01-30","2012-02-10","2012-01-01"
"AA-AA-000-0000","S36762","4","Nausea","Nausea","Gastrointestinal disorders","MODERATE","2","N","N","N","50","52","2012-03-17","2012-03-19","2012-01-01"
"AA-AA-000-0000","S36762","5","Nausea","Nausea","Gastrointestinal disorders","SEVERE","3","Y","N","N","58","59","2012-03-25","2012-03-26","2012-01-01"
"AA-AA-000-0000","S36814","1","Thrombocytopenia","Thrombocytopenia","Blood and lymphatic system disorders","SEVERE","3","N","N","N","17","18","2012-03-26","2012-03-27","2012-03-01"
"AA-AA-000-0000","S36814","2","Alanine aminotransferase increased","Alanine aminotransferase increased","Investigations","SEVERE","3","N","N","Y","17","19","2012-03-26","2012-03-28","2012-03-01"
"AA-AA-000-0000","S36814","3","Platelet count decreased","Platelet count decreased","Investigations","SEVERE","3","N","N","N","6","18","2012-03-15","2012-03-27","2012-03-01"
"AA-AA-000-0000","S36814","4","Neutropenia","Neutropenia","Blood and lymphatic system disorders","MILD","1","N","N","N","9","17","2012-03-18","2012-03-26","2012-03-01"
"AA-AA-000-0000","S36886","1","Diarrhoea","Diarrhoea","Gastrointestinal disorders","MILD","1","N","N","N","11","29","2012-02-27","2012-03-16","2012-02-01"
"AA-AA-000-0000","S36886","2","Anaemia","Anaemia","Blood and lymphatic system disorders","MILD","1","N","N","N","3","7","2012-02-19","2012-02-23","2012-02-01"
"AA-AA-000-0000","S36886","3","Hypokalaemia","Hypokalaemia","Metabolism and nutrition disorders","MODERATE","2","N","N","N","35","37","2012-03-22","2012-03-24","2012-02-01"
"AA-AA-000-0000","S36886","4","Nausea","Nausea","Gastrointestinal disorders","MODERATE","2","N","Y","N","14","25","2012-03-01","2012-03-12","2012-02-01"
"AA-AA-000-0000","S37223","1","Platelet count decreased","Platelet count decreased","Investigations","LIFE THREATENING","4","Y","Y","Y","29","31","2012-03-26","2012-03-28","2012-02-01"
"AA-AA-000-0000","S37223","2","Cough","Cough","Respiratory, thoracic and mediastinal disorders","MODERATE","2","N","N","Y","21","31","2012-03-18","2012-03-28","2012-02-01"
"AA-AA-000-0000","S37223","3","Somnolence","Somnolence","Nervous system disorders","LIFE THREATENING","4","N","Y","N","19","20","2012-03-16","2012-03-17","2012-02-01"
"AA-AA-000-0000","S37223","4","Headache","Headache","Nervous system disorders","MODERATE","2","N","N","N","16","17","2012-03-13","2012-03-14","2012-02-01"
"AA-AA-000-0000","S37258","1","Abdominal pain","Abdominal pain","Gastrointestinal disorders","MODERATE","2","N","Y","N","3","4","2012-03-20","2012-03-21","2012-03-01"
"AA-AA-000-0000","S37258","2","Platelet count decreased","Platelet count decreased","Investigations","MILD","1","N","Y","Y","2","11","2012-03-19","2012-03-28","2012-03-01"
"AA-AA-000-0000","S37258","3","Abdominal pain","Abdominal pain","Gastrointestinal disorders","MILD","1","N","Y","Y","11","11","2012-03-28","2012-03-28","2012-03-01"
"AA-AA-000-0000","S37347","1","Somnolence","Somnolence","Nervous system disorders","MODERATE","2","N","Y","Y","23","23","2012-03-28","2012-03-28","2012-03-01"
"AA-AA-000-0000","S37347","2","Diarrhoea","Diarrhoea","Gastrointestinal disorders","SEVERE","3","Y","Y","N","1","22","2012-03-06","2012-03-27","2012-03-01"
"AA-AA-000-0000","S37347","3","Chills","Chills","General disorders and administration site conditions","MODERATE","2","N","N","N","4","14","2012-03-09","2012-03-19","2012-03-01"
"AA-AA-000-0000","S37347","4","Neutropenia","Neutropenia","Blood and lymphatic system disorders","MILD","1","N","N","Y","20","23","2012-03-25","2012-03-28","2012-03-01"
"AA-AA-000-0000","S37519","1","Dizziness","Dizziness","Nervous system disorders","LIFE THREATENING","4","Y","N","N","60","72","2012-03-12","2012-03-24","2012-01-01"
"AA-AA-000-0000","S37519","2","Pruritus","Pruritus","Skin and subcutaneous tissue disorders","SEVERE","3","N","N","N","12","13","2012-01-24","2012-01-25","2012-01-01"
"AA-AA-000-0000","S37519","3","Platelet count decreased","Platelet count decreased","Investigations","SEVERE","3","Y","Y","N","56","68","2012-03-08","2012-03-20","2012-01-01"
"AA-AA-000-0000","S37519","4","Abdominal pain","Abdominal pain","Gastrointestinal disorders","MILD","1","N","N","N","48","57","2012-02-29","2012-03-09","2012-01-01"
"AA-AA-000-0000","S37702","1","Blood bilirubin increased","Blood bilirubin increased","Investigations","MILD","1","N","N","N","31","33","2012-03-18","2012-03-20","2012-02-01"
"AA-AA-000-0000","S37702","2","Blood bilirubin increased","Blood bilirubin increased","Investigations","MILD","1","N","N","N","15","18","2012-03-02","2012-03-05","2012-02-01"
"AA-AA-000-0000","S37702","3","Urticaria","Urticaria","Skin and subcutaneous tissue disorders","SEVERE","3","N","N","N","10","14","2012-02-26","2012-03-01","2012-02-01"
"AA-AA-000-0000","S37702","4","Pyrexia","Pyrexia","General disorders and administration site conditions","MILD","1","N","Y","Y","36","41","2012-03-23","2012-03-28","2012-02-01"
"AA-AA-000-0000","S37702","5","Aspartate aminotransferase increased","Aspartate aminotransferase increased","Investigations","MODERATE","2","N","N","N","10","16","2012-02-26","2012-03-03","2012-02-01"
"AA-AA-000-0000","S37702","6","Somnolence","Somnolence","Nervous system disorders","MODERATE","2","N","Y","N","19","20","2012-03-06","2012-03-07","2012-02-01"
"AA-AA-000-0000","S37702","7","Abdominal pain","Abdominal pain","Gastrointestinal disorders","SEVERE","3","Y","Y","N","30","31","2012-03-17","2012-03-18","2012-02-01"
"AA-AA-000-0000","S37702","8","Platelet count decreased","Platelet count decreased","Investigations","MODERATE","2","N","Y","N","37","38","2012-03-24","2012-03-25","2012-02-01"
"AA-AA-000-0000","S37702","9","Aspartate aminotransferase increased","Aspartate aminotransferase increased","Investigations","MILD","1","N","N","Y","34","41","2012-03-21","2012-03-28","2012-02-01"
"AA-AA-000-0000","S37821","1","Anaemia","Anaemia","Blood and lymphatic system disorders","MODERATE","2","N","N","N","34","43","2012-03-13","2012-03-22","2012-02-01"
"AA-AA-000-0000","S37821","2","Rash","Rash","Skin and subcutaneous tissue disorders","MILD","1","N","Y","N","1","9","2012-02-09","2012-02-17","2012-02-01"
"AA-AA-000-0000","S37821","3","Nausea","Nausea","Gastrointestinal disorders","MILD","1","N","Y","N","16","27","2012-02-24","2012-03-06","2012-02-01"
"AA-AA-000-0000","S38409","1","Anaemia","Anaemia","Blood and lymphatic system disorders","MILD","1","N","Y","Y","45","51","2012-03-22","2012-03-28","2012-02-01"
"AA-AA-000-0000","S38409","2","Arthralgia","Arthralgia","Musculoskeletal and connective tissue disorders","LIFE THREATENING","4","N","Y","N","35","40","2012-03-12","2012-03-17","2012-02-01"
"AA-AA-000-0000","S38409","3","Blood bilirubin increased","Blood bilirubin increased","Investigations","MODERATE","2","N","N","N","10","30","2012-02-16","2012-03-07","2012-02-01"
"AA-AA-000-0000","S38409","4","Anaemia","Anaemia","Blood and lymphatic system disorders","SEVERE","3","Y","N","N","33","37","2012-03-10","2012-03-14","2012-02-01"
"AA-AA-000-0000","S38409","5","Rash","Rash","Skin and subcutaneous tissue disorders","LIFE THREATENING","4","N","N","N","31","32","2012-03-08","2012-03-09","2012-02-01"
"AA-AA-000-0000","S38419","1","Aspartate aminotransferase increased","Aspartate aminotransferase increased","Investigations","MILD","1","N","Y","Y","6","8","2012-03-26","2012-03-28","2012-03-01"
"AA-AA-000-0000","S38629","1","Constipation","Constipation","Gastrointestinal disorders","MILD","1","N","Y","Y","3","7","2012-03-24","2012-03-28","2012-03-01"
"AA-AA-000-0000","S38629","2","Thrombocytopenia","Thrombocytopenia","Blood and lymphatic system disorders","MODERATE","2","N","N","Y","3","7","2012-03-24","2012-03-28","2012-03-01"
"AA-AA-000-0000","S38629","3","Aspartate aminotransferase increased","Aspartate aminotransferase increased","Investigations","MILD","1","N","N","Y","6","7","2012-03-27","2012-03-28","2012-03-01"
"AA-AA-000-0000","S38681","1","Vomiting","Vomiting","Gastrointestinal disorders","SEVERE","3","Y","N","N","28","44","2012-03-05","2012-03-21","2012-02-01"
"AA-AA-000-0000","S38681","2","Neutropenia","Neutropenia","Blood and lymphatic system disorders","MODERATE","2","N","Y","N","2","5","2012-02-08","2012-02-11","2012-02-01"
"AA-AA-000-0000","S38681","3","Vomiting","Vomiting","Gastrointestinal disorders","MILD","1","N","Y","N","23","26","2012-02-29","2012-03-03","2012-02-01"
"AA-AA-000-0000","S38681","4","Neutropenia","Neutropenia","Blood and lymphatic system disorders","LIFE THREATENING","4","Y","Y","N","37","39","2012-03-14","2012-03-16","2012-02-01"
"AA-AA-000-0000","S38681","5","Pruritus","Pruritus","Skin and subcutaneous tissue disorders","SEVERE","3","N","N","N","23","35","2012-02-29","2012-03-12","2012-02-01"
"AA-AA-000-0000","S38694","1","Rash","Rash","Skin and subcutaneous tissue disorders","MODERATE","2","N","Y","Y","34","43","2012-03-19","2012-03-28","2012-02-01"
"AA-AA-000-0000","S38694","2","Somnolence","Somnolence","Nervous system disorders","MILD","1","N","N","N","22","34","2012-03-07","2012-03-19","2012-02-01"
"AA-AA-000-0000","S38694","3","Headache","Headache","Nervous system disorders","MILD","1","N","Y","N","10","24","2012-02-24","2012-03-09","2012-02-01"
"AA-AA-000-0000","S38694","4","Abdominal pain","Abdominal pain","Gastrointestinal disorders","LIFE THREATENING","4","N","Y","Y","39","43","2012-03-24","2012-03-28","2012-02-01"
"AA-AA-000-0000","S38694","5","Upper respiratory tract infection","Upper respiratory tract infection","Infections and infestations","LIFE THREATENING","4","N","Y","Y","39","43","2012-03-24","2012-03-28","2012-02-01"
"AA-AA-000-0000","S38694","6","Headache","Headache","Nervous system disorders","MILD","1","N","N","N","13","18","2012-02-27","2012-03-03","2012-02-01"
"AA-AA-000-0000","S38694","7","Oedema peripheral","Oedema peripheral","General disorders and administration site conditions","MILD","1","N","Y","N","1","3","2012-02-15","2012-02-17","2012-02-01"
"AA-AA-000-0000","S38814","1","Blood bilirubin increased","Blood bilirubin increased","Investigations","MODERATE","2","N","Y","N","12","18","2012-03-03","2012-03-09","2012-02-01"
"AA-AA-000-0000","S38814","2","Blood bilirubin increased","Blood bilirubin increased","Investigations","LIFE THREATENING","4","N","Y","N","13","18","2012-03-04","2012-03-09","2012-02-01"
"AA-AA-000-0000","S38814","3","Pyrexia","Pyrexia","General disorders and administration site conditions","MILD","1","N","Y","Y","26","37","2012-03-17","2012-03-28","2012-02-01"
"AA-AA-000-0000","S38814","4","Thrombocytopenia","Thrombocytopenia","Blood and lymphatic system disorders","MODERATE","2","N","N","N","1","6","2012-02-21","2012-02-26","2012-02-01"
"AA-AA-000-0000","S38814","5","Nausea","Nausea","Gastrointestinal disorders","MILD","1","Y","N","N","12","20","2012-03-03","2012-03-11","2012-02-01"
"AA-AA-000-0000","S38814","6","Cough","Cough","Respiratory, thoracic and mediastinal disorders","MILD","1","N","Y","N","17","19","2012-03-08","2012-03-10","2012-02-01"
"AA-AA-000-0000","S38814","7","Blood bilirubin increased","Blood bilirubin increased","Investigations","LIFE THREATENING","4","Y","N","N","7","17","2012-02-27","2012-03-08","2012-02-01"
"AA-AA-000-0000","S38814","8","Myalgia","Myalgia","Musculoskeletal and connective tissue disorders","MILD","1","N","Y","N","19","27","2012-03-10","2012-03-18","2012-02-01"
"AA-AA-000-0000","S38814","9","Platelet count decreased","Platelet count decreased","Investigations","LIFE THREATENING","4","Y","Y","Y","37","37","2012-03-28","2012-03-28","2012-02-01"
"AA-AA-000-0000","S38814","10","Paraesthesia","Paraesthesia","Nervous system disorders","SEVERE","3","Y","N","N","26","32","2012-03-17","2012-03-23","2012-02-01"
"AA-AA-000-0000","S39000","1","Constipation","Constipation","Gastrointestinal disorders","MODERATE","2","N","N","Y","44","52","2012-03-20","2012-03-28","2012-02-01"
"AA-AA-000-0000","S39000","2","Back pain","Back pain","Musculoskeletal and connective tissue disorders","SEVERE","3","N","N","Y","49","52","2012-03-25","2012-03-28","2012-02-01"
"AA-AA-000-0000","S39000","3","Urinary tract infection","Urinary tract infection","Infections and infestations","MODERATE","2","N","Y","N","6","8","2012-02-11","2012-02-13","2012-02-01"
"AA-AA-000-0000","S39000","4","Vomiting","Vomiting","Gastrointestinal disorders","MODERATE","2","N","N","N","8","27","2012-02-13","2012-03-03","2012-02-01"
"AA-AA-000-0000","S39000","5","Vomiting","Vomiting","Gastrointestinal disorders","MILD","1","N","N","N","34","41","2012-03-10","2012-03-17","2012-02-01"
"AA-AA-000-0000","S39000","6","Headache","Headache","Nervous system disorders","MILD","1","N","N","Y","30","52","2012-03-06","2012-03-28","2012-02-01"
"AA-AA-000-0000","S39000","7","Myalgia","Myalgia","Musculoskeletal and connective tissue disorders","MILD","1","N","N","N","7","11","2012-02-12","2012-02-16","2012-02-01"
"AA-AA-000-0000","S39000","8","Hypokalaemia","Hypokalaemia","Metabolism and nutrition disorders","MODERATE","2","N","Y","Y","44","52","2012-03-20","2012-03-28","2012-02-01"
"AA-AA-000-0000","S39000","9","Fatigue","Fatigue","General disorders and administration site conditions","MODERATE","2","N","Y","N","37","43","2012-03-13","2012-03-19","2012-02-01"
"AA-AA-000-0000","S39191","1","Vomiting","Vomiting","Gastrointestinal disorders","MODERATE","2","N","Y","N","14","17","2012-03-03","2012-03-06","2012-02-01"
"AA-AA-000-0000","S39259","1","Urticaria","Urticaria","Skin and subcutaneous tissue disorders","MILD","1","N","Y","Y","67","69","2012-03-26","2012-03-28","2012-01-01"
"AA-AA-000-0000","S39259","2","Diarrhoea","Diarrhoea","Gastrointestinal disorders","MILD","1","Y","N","N","22","29","2012-02-10","2012-02-17","2012-01-01"
"AA-AA-000-0000","S39259","3","Blood bilirubin increased","Blood bilirubin increased","Investigations","MILD","1","N","Y","N","30","35","2012-02-18","2012-02-23","2012-01-01"
"AA-AA-000-0000","S39259","4","Blood bilirubin increased","Blood bilirubin increased","Investigations","MILD","1","N","Y","N","19","21","2012-02-07","2012-02-09","2012-01-01"
"AA-AA-000-0000","S39259","5","Back pain","Back pain","Musculoskeletal and connective tissue disorders","MILD","1","Y","N","N","40","41","2012-02-28","2012-02-29","2012-01-01"
"AA-AA-000-0000","S39490","1","Urticaria","Urticaria","Skin and subcutaneous tissue disorders","MODERATE","2","Y","Y","Y","1","1","2012-03-28","2012-03-28","2012-03-01"
"AA-AA-000-0000","S39490","2","Abdominal pain","Abdominal pain","Gastrointestinal disorders","LIFE THREATENING","4","N","N","Y","1","1","2012-03-28","2012-03-28","2012-03-01"
"AA-AA-000-0000","S40145","1","Cough","Cough","Respiratory, thoracic and mediastinal disorders","LIFE THREATENING","4","Y","N","N","24","36","2012-02-03","2012-02-15","2012-01-01"
"AA-AA-000-0000","S40145","2","Abdominal pain","Abdominal pain","Gastrointestinal disorders","SEVERE","3","N","Y","N","56","60","2012-03-06","2012-03-10","2012-01-01"
"AA-AA-000-0000","S40145","3","Abdominal pain","Abdominal pain","Gastrointestinal disorders","SEVERE","3","Y","N","Y","78","78","2012-03-28","2012-03-28","2012-01-01"
"AA-AA-000-0000","S40230","1","Rash","Rash","Skin and subcutaneous tissue disorders","MODERATE","2","N","N","N","15","21","2012-03-05","2012-03-11","2012-02-01"
"AA-AA-000-0000","S40230","2","Arthralgia","Arthralgia","Musculoskeletal and connective tissue disorders","MODERATE","2","N","N","N","12","13","2012-03-02","2012-03-03","2012-02-01"
"AA-AA-000-0000","S40230","3","Chills","Chills","General disorders and administration site conditions","MILD","1","N","N","N","27","29","2012-03-17","2012-03-19","2012-02-01"
"AA-AA-000-0000","S40424","1","Thrombocytopenia","Thrombocytopenia","Blood and lymphatic system disorders","MODERATE","2","N","Y","N","20","21","2012-02-10","2012-02-11","2012-01-01"
"AA-AA-000-0000","S40424","2","Thrombocytopenia","Thrombocytopenia","Blood and lymphatic system disorders","MODERATE","2","N","N","N","18","27","2012-02-08","2012-02-17","2012-01-01"
"AA-AA-000-0000","S40424","3","Diarrhoea","Diarrhoea","Gastrointestinal disorders","MODERATE","2","N","Y","N","42","43","2012-03-03","2012-03-04","2012-01-01"
"AA-AA-000-0000","S4064","1","Cough","Cough","Respiratory, thoracic and mediastinal disorders","MILD","1","N","N","Y","8","8","2012-03-28","2012-03-28","2012-03-01"
"AA-AA-000-0000","S4064","2","Anaemia","Anaemia","Blood and lymphatic system disorders","MODERATE","2","N","N","Y","6","8","2012-03-26","2012-03-28","2012-03-01"
"AA-AA-000-0000","S40868","1","Nasopharyngitis","Nasopharyngitis","Infections and infestations","MILD","1","N","Y","N","54","60","2012-03-13","2012-03-19","2012-01-01"
"AA-AA-000-0000","S40868","2","Oedema peripheral","Oedema peripheral","General disorders and administration site conditions","MILD","1","N","Y","N","47","48","2012-03-06","2012-03-07","2012-01-01"
"AA-AA-000-0000","S40868","3","Blood bilirubin increased","Blood bilirubin increased","Investigations","MILD","1","N","Y","N","34","42","2012-02-22","2012-03-01","2012-01-01"
"AA-AA-000-0000","S40868","4","Dyspnoea","Dyspnoea","Respiratory, thoracic and mediastinal disorders","MILD","1","N","N","Y","30","69","2012-02-18","2012-03-28","2012-01-01"
"AA-AA-000-0000","S41047","1","Back pain","Back pain","Musculoskeletal and connective tissue disorders","MILD","1","N","N","N","2","10","2012-03-16","2012-03-24","2012-03-01"
"AA-AA-000-0000","S41123","1","Upper respiratory tract infection","Upper respiratory tract infection","Infections and infestations","LIFE THREATENING","4","Y","Y","N","35","37","2012-03-23","2012-03-25","2012-02-01"
"AA-AA-000-0000","S41123","2","Anaemia","Anaemia","Blood and lymphatic system disorders","MILD","1","N","Y","N","17","18","2012-03-05","2012-03-06","2012-02-01"
"AA-AA-000-0000","S41123","3","Abdominal pain","Abdominal pain","Gastrointestinal disorders","MILD","1","N","N","N","31","32","2012-03-19","2012-03-20","2012-02-01"
"AA-AA-000-0000","S41123","4","Anaemia","Anaemia","Blood and lymphatic system disorders","MILD","1","N","Y","Y","35","40","2012-03-23","2012-03-28","2012-02-01"
"AA-AA-000-0000","S41123","5","Thrombocytopenia","Thrombocytopenia","Blood and lymphatic system disorders","SEVERE","3","N","N","N","15","25","2012-03-03","2012-03-13","2012-02-01"
"AA-AA-000-0000","S41126","1","Dizziness","Dizziness","Nervous system disorders","MILD","1","N","N","N","3","9","2012-03-21","2012-03-27","2012-03-01"
"AA-AA-000-0000","S41608","1","Upper respiratory tract infection","Upper respiratory tract infection","Infections and infestations","MILD","1","N","N","N","12","14","2012-02-12","2012-02-14","2012-02-01"
"AA-AA-000-0000","S41608","2","Platelet count decreased","Platelet count decreased","Investigations","LIFE THREATENING","4","Y","N","N","43","44","2012-03-14","2012-03-15","2012-02-01"
"AA-AA-000-0000","S41608","3","Abdominal pain","Abdominal pain","Gastrointestinal disorders","MILD","1","N","N","N","49","54","2012-03-20","2012-03-25","2012-02-01"
"AA-AA-000-0000","S41608","4","Vomiting","Vomiting","Gastrointestinal disorders","MODERATE","2","N","Y","N","21","42","2012-02-21","2012-03-13","2012-02-01"
"AA-AA-000-0000","S41608","5","Nausea","Nausea","Gastrointestinal disorders","MILD","1","N","Y","N","26","48","2012-02-26","2012-03-19","2012-02-01"
"AA-AA-000-0000","S41608","6","Urticaria","Urticaria","Skin and subcutaneous tissue disorders","MILD","1","N","N","N","13","37","2012-02-13","2012-03-08","2012-02-01"
"AA-AA-000-0000","S41608","7","Rash","Rash","Skin and subcutaneous tissue disorders","MODERATE","2","N","N","N","14","43","2012-02-14","2012-03-14","2012-02-01"
"AA-AA-000-0000","S41608","8","Abdominal pain","Abdominal pain","Gastrointestinal disorders","MILD","1","N","Y","Y","53","57","2012-03-24","2012-03-28","2012-02-01"
"AA-AA-000-0000","S41688","1","Platelet count decreased","Platelet count decreased","Investigations","MILD","1","N","Y","N","12","13","2012-03-09","2012-03-10","2012-02-01"
"AA-AA-000-0000","S41688","2","Neutropenia","Neutropenia","Blood and lymphatic system disorders","MODERATE","2","N","Y","Y","23","31","2012-03-20","2012-03-28","2012-02-01"
"AA-AA-000-0000","S41688","3","Blood bilirubin increased","Blood bilirubin increased","Investigations","MODERATE","2","N","Y","Y","29","31","2012-03-26","2012-03-28","2012-02-01"
"AA-AA-000-0000","S41688","4","Abdominal pain","Abdominal pain","Gastrointestinal disorders","MILD","1","N","Y","Y","28","31","2012-03-25","2012-03-28","2012-02-01"
"AA-AA-000-0000","S41688","5","Anaemia","Anaemia","Blood and lymphatic system disorders","MODERATE","2","N","N","N","11","24","2012-03-08","2012-03-21","2012-02-01"
"AA-AA-000-0000","S41703","1","Anaemia","Anaemia","Blood and lymphatic system disorders","MILD","1","N","N","Y","57","61","2012-03-24","2012-03-28","2012-01-01"
"AA-AA-000-0000","S41703","2","Urinary tract infection","Urinary tract infection","Infections and infestations","MODERATE","2","Y","N","N","45","55","2012-03-12","2012-03-22","2012-01-01"
"AA-AA-000-0000","S41703","3","Anaemia","Anaemia","Blood and lymphatic system disorders","MILD","1","N","N","N","6","9","2012-02-02","2012-02-05","2012-01-01"
"AA-AA-000-0000","S41703","4","Platelet count decreased","Platelet count decreased","Investigations","MILD","1","N","Y","N","58","59","2012-03-25","2012-03-26","2012-01-01"
"AA-AA-000-0000","S41703","5","Pyrexia","Pyrexia","General disorders and administration site conditions","MODERATE","2","N","N","N","1","3","2012-01-28","2012-01-30","2012-01-01"
"AA-AA-000-0000","S41703","6","Dyspnoea","Dyspnoea","Respiratory, thoracic and mediastinal disorders","MILD","1","N","Y","N","40","54","2012-03-07","2012-03-21","2012-01-01"
"AA-AA-000-0000","S41703","7","Alanine aminotransferase increased","Alanine aminotransferase increased","Investigations","SEVERE","3","N","N","N","19","25","2012-02-15","2012-02-21","2012-01-01"
"AA-AA-000-0000","S41703","8","Alanine aminotransferase increased","Alanine aminotransferase increased","Investigations","MODERATE","2","N","Y","N","6","7","2012-02-02","2012-02-03","2012-01-01"
"AA-AA-000-0000","S41703","9","Anaemia","Anaemia","Blood and lymphatic system disorders","MODERATE","2","N","Y","N","21","43","2012-02-17","2012-03-10","2012-01-01"
"AA-AA-000-0000","S41703","10","Upper respiratory tract infection","Upper respiratory tract infection","Infections and infestations","LIFE THREATENING","4","N","Y","N","20","28","2012-02-16","2012-02-24","2012-01-01"
"AA-AA-000-0000","S41703","11","Headache","Headache","Nervous system disorders","MODERATE","2","Y","Y","N","36","38","2012-03-03","2012-03-05","2012-01-01"
"AA-AA-000-0000","S41703","12","Neutropenia","Neutropenia","Blood and lymphatic system disorders","MODERATE","2","N","N","Y","61","61","2012-03-28","2012-03-28","2012-01-01"
"AA-AA-000-0000","S41703","13","Anaemia","Anaemia","Blood and lymphatic system disorders","MODERATE","2","N","Y","N","14","18","2012-02-10","2012-02-14","2012-01-01"
"AA-AA-000-0000","S41703","14","Abdominal pain","Abdominal pain","Gastrointestinal disorders","MILD","1","N","Y","N","10","19","2012-02-06","2012-02-15","2012-01-01"
"AA-AA-000-0000","S41767","1","Aspartate aminotransferase increased","Aspartate aminotransferase increased","Investigations","MILD","1","N","Y","Y","48","51","2012-03-25","2012-03-28","2012-02-01"
"AA-AA-000-0000","S41767","2","Vomiting","Vomiting","Gastrointestinal disorders","MODERATE","2","N","N","N","2","4","2012-02-08","2012-02-10","2012-02-01"
"AA-AA-000-0000","S41767","3","Aspartate aminotransferase increased","Aspartate aminotransferase increased","Investigations","MILD","1","N","N","N","28","35","2012-03-05","2012-03-12","2012-02-01"
"AA-AA-000-0000","S41767","4","Neutropenia","Neutropenia","Blood and lymphatic system disorders","MILD","1","N","Y","N","14","47","2012-02-20","2012-03-24","2012-02-01"
"AA-AA-000-0000","S41767","5","Constipation","Constipation","Gastrointestinal disorders","LIFE THREATENING","4","Y","N","N","34","42","2012-03-11","2012-03-19","2012-02-01"
"AA-AA-000-0000","S41976","1","Vomiting","Vomiting","Gastrointestinal disorders","MODERATE","2","N","N","N","2","3","2012-03-12","2012-03-13","2012-03-01"
"AA-AA-000-0000","S41976","2","Platelet count decreased","Platelet count decreased","Investigations","SEVERE","3","N","Y","Y","16","18","2012-03-26","2012-03-28","2012-03-01"
"AA-AA-000-0000","S41976","3","Urticaria","Urticaria","Skin and subcutaneous tissue disorders","MILD","1","N","Y","N","2","5","2012-03-12","2012-03-15","2012-03-01"
"AA-AA-000-0000","S4201","1","Aspartate aminotransferase increased","Aspartate aminotransferase increased","Investigations","MODERATE","2","N","Y","Y","1","1","2012-03-28","2012-03-28","2012-03-01"
"AA-AA-000-0000","S42353","1","Blood bilirubin increased","Blood bilirubin increased","Investigations","MILD","1","N","Y","N","25","35","2012-02-29","2012-03-10","2012-02-01"
"AA-AA-000-0000","S42353","2","Abdominal pain","Abdominal pain","Gastrointestinal disorders","LIFE THREATENING","4","Y","N","N","22","34","2012-02-26","2012-03-09","2012-02-01"
"AA-AA-000-0000","S42353","3","Dyspnoea","Dyspnoea","Respiratory, thoracic and mediastinal disorders","MODERATE","2","N","N","Y","46","53","2012-03-21","2012-03-28","2012-02-01"
"AA-AA-000-0000","S42353","4","Hypokalaemia","Hypokalaemia","Metabolism and nutrition disorders","SEVERE","3","Y","Y","N","17","24","2012-02-21","2012-02-28","2012-02-01"
"AA-AA-000-0000","S42353","5","Aspartate aminotransferase increased","Aspartate aminotransferase increased","Investigations","MODERATE","2","N","Y","N","10","25","2012-02-14","2012-02-29","2012-02-01"
"AA-AA-000-0000","S42353","6","Myalgia","Myalgia","Musculoskeletal and connective tissue disorders","MILD","1","N","N","N","32","34","2012-03-07","2012-03-09","2012-02-01"
"AA-AA-000-0000","S42353","7","Alanine aminotransferase increased","Alanine aminotransferase increased","Investigations","MODERATE","2","N","N","Y","14","53","2012-02-18","2012-03-28","2012-02-01"
"AA-AA-000-0000","S42353","8","Dizziness","Dizziness","Nervous system disorders","MILD","1","Y","Y","Y","53","53","2012-03-28","2012-03-28","2012-02-01"
"AA-AA-000-0000","S42353","9","Constipation","Constipation","Gastrointestinal disorders","MODERATE","2","N","N","N","38","40","2012-03-13","2012-03-15","2012-02-01"
"AA-AA-000-0000","S42358","1","Alanine aminotransferase increased","Alanine aminotransferase increased","Investigations","LIFE THREATENING","4","Y","Y","N","60","69","2012-03-15","2012-03-24","2012-01-01"
"AA-AA-000-0000","S42358","2","Anaemia","Anaemia","Blood and lymphatic system disorders","LIFE THREATENING","4","N","N","N","59","63","2012-03-14","2012-03-18","2012-01-01"
"AA-AA-000-0000","S42358","3","Abdominal pain","Abdominal pain","Gastrointestinal disorders","SEVERE","3","Y","Y","N","52","62","2012-03-07","2012-03-17","2012-01-01"
"AA-AA-000-0000","S42358","4","Platelet count decreased","Platelet count decreased","Investigations","MILD","1","N","Y","N","56","66","2012-03-11","2012-03-21","2012-01-01"
"AA-AA-000-0000","S42358","5","Neutropenia","Neutropenia","Blood and lymphatic system disorders","MODERATE","2","N","Y","N","17","19","2012-02-01","2012-02-03","2012-01-01"
"AA-AA-000-0000","S42358","6","Dyspnoea","Dyspnoea","Respiratory, thoracic and mediastinal disorders","MILD","1","N","Y","N","2","7","2012-01-17","2012-01-22","2012-01-01"
"AA-AA-000-0000","S42358","7","Alanine aminotransferase increased","Alanine aminotransferase increased","Investigations","MILD","1","N","N","N","54","61","2012-03-09","2012-03-16","2012-01-01"
"AA-AA-000-0000","S42358","8","Fatigue","Fatigue","General disorders and administration site conditions","MILD","1","N","N","N","16","28","2012-01-31","2012-02-12","2012-01-01"
"AA-AA-000-0000","S42358","9","Thrombocytopenia","Thrombocytopenia","Blood and lymphatic system disorders","SEVERE","3","N","N","N","60","67","2012-03-15","2012-03-22","2012-01-01"
"AA-AA-000-0000","S42358","10","Diarrhoea","Diarrhoea","Gastrointestinal disorders","MODERATE","2","N","Y","N","30","45","2012-02-14","2012-02-29","2012-01-01"
"AA-AA-000-0000","S42358","11","Arthralgia","Arthralgia","Musculoskeletal and connective tissue disorders","MODERATE","2","N","N","N","17","20","2012-02-01","2012-02-04","2012-01-01"
"AA-AA-000-0000","S42358","12","Anaemia","Anaemia","Blood and lymphatic system disorders","MILD","1","N","Y","N","11","12","2012-01-26","2012-01-27","2012-01-01"
"AA-AA-000-0000","S42358","13","Anaemia","Anaemia","Blood and lymphatic system disorders","MODERATE","2","N","Y","N","8","36","2012-01-23","2012-02-20","2012-01-01"
"AA-AA-000-0000","S42358","14","Somnolence","Somnolence","Nervous system disorders","LIFE THREATENING","4","Y","Y","N","43","44","2012-02-27","2012-02-28","2012-01-01"
"AA-AA-000-0000","S42358","15","Pyrexia","Pyrexia","General disorders and administration site conditions","MODERATE","2","N","Y","N","66","71","2012-03-21","2012-03-26","2012-01-01"
"AA-AA-000-0000","S42441","1","Alanine aminotransferase increased","Alanine aminotransferase increased","Investigations","MILD","1","N","N","N","47","72","2012-02-27","2012-03-23","2012-01-01"
"AA-AA-000-0000","S42441","2","Fatigue","Fatigue","General disorders and administration site conditions","MILD","1","N","N","N","54","72","2012-03-05","2012-03-23","2012-01-01"
"AA-AA-000-0000","S42441","3","Blood bilirubin increased","Blood bilirubin increased","Investigations","MILD","1","N","Y","Y","75","77","2012-03-26","2012-03-28","2012-01-01"
"AA-AA-000-0000","S42441","4","Anaemia","Anaemia","Blood and lymphatic system disorders","SEVERE","3","N","Y","N","40","41","2012-02-20","2012-02-21","2012-01-01"
"AA-AA-000-0000","S42441","5","Dyspnoea","Dyspnoea","Respiratory, thoracic and mediastinal disorders","MODERATE","2","N","N","N","18","28","2012-01-29","2012-02-08","2012-01-01"
"AA-AA-000-0000","S42441","6","Hypokalaemia","Hypokalaemia","Metabolism and nutrition disorders","MILD","1","N","Y","Y","71","77","2012-03-22","2012-03-28","2012-01-01"
"AA-AA-000-0000","S42441","7","Platelet count decreased","Platelet count decreased","Investigations","MILD","1","N","Y","N","50","70","2012-03-01","2012-03-21","2012-01-01"
"AA-AA-000-0000","S42441","8","Blood bilirubin increased","Blood bilirubin increased","Investigations","MILD","1","N","N","N","25","35","2012-02-05","2012-02-15","2012-01-01"
"AA-AA-000-0000","S42441","9","Blood bilirubin increased","Blood bilirubin increased","Investigations","MILD","1","N","Y","N","23","39","2012-02-03","2012-02-19","2012-01-01"
"AA-AA-000-0000","S42591","1","Aspartate aminotransferase increased","Aspartate aminotransferase increased","Investigations","MILD","1","Y","Y","N","19","22","2012-03-13","2012-03-16","2012-02-01"
"AA-AA-000-0000","S42591","2","Dizziness","Dizziness","Nervous system disorders","MILD","1","N","Y","N","25","26","2012-03-19","2012-03-20","2012-02-01"
"AA-AA-000-0000","S42591","3","Dizziness","Dizziness","Nervous system disorders","MILD","1","N","Y","N","5","23","2012-02-28","2012-03-17","2012-02-01"
"AA-AA-000-0000","S42591","4","Thrombocytopenia","Thrombocytopenia","Blood and lymphatic system disorders","LIFE THREATENING","4","N","N","Y","23","34","2012-03-17","2012-03-28","2012-02-01"
"AA-AA-000-0000","S42591","5","Nasopharyngitis","Nasopharyngitis","Infections and infestations","MILD","1","N","Y","Y","5","34","2012-02-28","2012-03-28","2012-02-01"
"AA-AA-000-0000","S42591","6","Fatigue","Fatigue","General disorders and administration site conditions","LIFE THREATENING","4","N","Y","Y","29","34","2012-03-23","2012-03-28","2012-02-01"
"AA-AA-000-0000","S42745","1","Blood bilirubin increased","Blood bilirubin increased","Investigations","MODERATE","2","N","N","N","7","9","2012-01-20","2012-01-22","2012-01-01"
"AA-AA-000-0000","S42745","2","Constipation","Constipation","Gastrointestinal disorders","MODERATE","2","N","N","N","6","25","2012-01-19","2012-02-07","2012-01-01"
"AA-AA-000-0000","S42745","3","Abdominal pain","Abdominal pain","Gastrointestinal disorders","MODERATE","2","N","Y","N","16","25","2012-01-29","2012-02-07","2012-01-01"
"AA-AA-000-0000","S42745","4","Somnolence","Somnolence","Nervous system disorders","MILD","1","N","Y","N","66","69","2012-03-19","2012-03-22","2012-01-01"
"AA-AA-000-0000","S42745","5","Hypokalaemia","Hypokalaemia","Metabolism and nutrition disorders","MILD","1","N","Y","N","46","63","2012-02-28","2012-03-16","2012-01-01"
"AA-AA-000-0000","S42745","6","Somnolence","Somnolence","Nervous system disorders","MODERATE","2","N","Y","N","55","56","2012-03-08","2012-03-09","2012-01-01"
"AA-AA-000-0000","S42745","7","Diarrhoea","Diarrhoea","Gastrointestinal disorders","MODERATE","2","N","Y","N","70","71","2012-03-23","2012-03-24","2012-01-01"
"AA-AA-000-0000","S42745","8","Cough","Cough","Respiratory, thoracic and mediastinal disorders","SEVERE","3","Y","Y","Y","68","75","2012-03-21","2012-03-28","2012-01-01"
"AA-AA-000-0000","S42753","1","Constipation","Constipation","Gastrointestinal disorders","MODERATE","2","N","N","Y","44","48","2012-03-24","2012-03-28","2012-02-01"
"AA-AA-000-0000","S42753","2","Abdominal pain","Abdominal pain","Gastrointestinal disorders","MODERATE","2","N","N","N","4","5","2012-02-13","2012-02-14","2012-02-01"
"AA-AA-000-0000","S42798","1","Decreased appetite","Decreased appetite","Metabolism and nutrition disorders","MODERATE","2","N","Y","N","37","42","2012-03-16","2012-03-21","2012-02-01"
"AA-AA-000-0000","S42798","2","Hypokalaemia","Hypokalaemia","Metabolism and nutrition disorders","MODERATE","2","N","Y","N","15","19","2012-02-23","2012-02-27","2012-02-01"
"AA-AA-000-0000","S42798","3","Vomiting","Vomiting","Gastrointestinal disorders","MILD","1","N","Y","N","28","35","2012-03-07","2012-03-14","2012-02-01"
"AA-AA-000-0000","S43101","1","Alanine aminotransferase increased","Alanine aminotransferase increased","Investigations","MILD","1","N","Y","N","11","44","2012-01-19","2012-02-21","2012-01-01"
"AA-AA-000-0000","S43101","2","Blood bilirubin increased","Blood bilirubin increased","Investigations","SEVERE","3","N","Y","N","34","37","2012-02-11","2012-02-14","2012-01-01"
"AA-AA-000-0000","S43101","3","Abdominal pain","Abdominal pain","Gastrointestinal disorders","SEVERE","3","Y","Y","N","71","75","2012-03-19","2012-03-23","2012-01-01"
"AA-AA-000-0000","S43101","4","Platelet count decreased","Platelet count decreased","Investigations","MILD","1","Y","Y","N","25","36","2012-02-02","2012-02-13","2012-01-01"
"AA-AA-000-0000","S43101","5","Diarrhoea","Diarrhoea","Gastrointestinal disorders","MILD","1","N","Y","N","71","77","2012-03-19","2012-03-25","2012-01-01"
"AA-AA-000-0000","S43101","6","Constipation","Constipation","Gastrointestinal disorders","MILD","1","N","N","N","58","72","2012-03-06","2012-03-20","2012-01-01"
"AA-AA-000-0000","S43308","1","Abdominal pain","Abdominal pain","Gastrointestinal disorders","SEVERE","3","N","Y","N","7","14","2012-03-17","2012-03-24","2012-03-01"
"AA-AA-000-0000","S43308","2","Alanine aminotransferase increased","Alanine aminotransferase increased","Investigations","MODERATE","2","N","N","Y","18","18","2012-03-28","2012-03-28","2012-03-01"
"AA-AA-000-0000","S43308","3","Arthralgia","Arthralgia","Musculoskeletal and connective tissue disorders","MODERATE","2","N","Y","Y","13","18","2012-03-23","2012-03-28","2012-03-01"
"AA-AA-000-0000","S43308","4","Blood bilirubin increased","Blood bilirubin increased","Investigations","MODERATE","2","N","Y","Y","17","18","2012-03-27","2012-03-28","2012-03-01"
"AA-AA-000-0000","S43308","5","Headache","Headache","Nervous system disorders","MODERATE","2","N","Y","N","6","8","2012-03-16","2012-03-18","2012-03-01"
"AA-AA-000-0000","S43308","6","Upper respiratory tract infection","Upper respiratory tract infection","Infections and infestations","MILD","1","N","N","Y","16","18","2012-03-26","2012-03-28","2012-03-01"
"AA-AA-000-0000","S43308","7","Thrombocytopenia","Thrombocytopenia","Blood and lymphatic system disorders","MODERATE","2","N","Y","N","11","16","2012-03-21","2012-03-26","2012-03-01"
"AA-AA-000-0000","S43465","1","Nasopharyngitis","Nasopharyngitis","Infections and infestations","MODERATE","2","N","N","N","15","19","2012-03-09","2012-03-13","2012-02-01"
"AA-AA-000-0000","S43465","2","Nasopharyngitis","Nasopharyngitis","Infections and infestations","LIFE THREATENING","4","Y","N","N","16","19","2012-03-10","2012-03-13","2012-02-01"
"AA-AA-000-0000","S43465","3","Vomiting","Vomiting","Gastrointestinal disorders","MILD","1","N","N","N","12","17","2012-03-06","2012-03-11","2012-02-01"
"AA-AA-000-0000","S43474","1","Platelet count decreased","Platelet count decreased","Investigations","MILD","1","N","N","N","48","50","2012-03-08","2012-03-10","2012-01-01"
"AA-AA-000-0000","S43474","2","Rash","Rash","Skin and subcutaneous tissue disorders","MODERATE","2","N","N","N","17","22","2012-02-06","2012-02-11","2012-01-01"
"AA-AA-000-0000","S43474","3","Fatigue","Fatigue","General disorders and administration site conditions","MILD","1","N","Y","N","30","39","2012-02-19","2012-02-28","2012-01-01"
"AA-AA-000-0000","S43474","4","Nausea","Nausea","Gastrointestinal disorders","SEVERE","3","N","N","N","1","2","2012-01-21","2012-01-22","2012-01-01"
"AA-AA-000-0000","S43474","5","Blood bilirubin increased","Blood bilirubin increased","Investigations","MODERATE","2","N","N","N","1","27","2012-01-21","2012-02-16","2012-01-01"
"AA-AA-000-0000","S43474","6","Nausea","Nausea","Gastrointestinal disorders","MILD","1","N","Y","N","38","45","2012-02-27","2012-03-05","2012-01-01"
"AA-AA-000-0000","S43474","7","Cough","Cough","Respiratory, thoracic and mediastinal disorders","SEVERE","3","N","Y","N","49","56","2012-03-09","2012-03-16","2012-01-01"
"AA-AA-000-0000","S43474","8","Platelet count decreased","Platelet count decreased","Investigations","SEVERE","3","N","N","N","44","45","2012-03-04","2012-03-05","2012-01-01"
"AA-AA-000-0000","S43474","9","Nausea","Nausea","Gastrointestinal disorders","MILD","1","N","Y","N","11","13","2012-01-31","2012-02-02","2012-01-01"
"AA-AA-000-0000","S43474","10","Dyspnoea","Dyspnoea","Respiratory, thoracic and mediastinal disorders","MODERATE","2","N","Y","N","34","36","2012-02-23","2012-02-25","2012-01-01"
"AA-AA-000-0000","S43474","11","Fatigue","Fatigue","General disorders and administration site conditions","MILD","1","N","Y","N","61","65","2012-03-21","2012-03-25","2012-01-01"
"AA-AA-000-0000","S43487","1","Neutropenia","Neutropenia","Blood and lymphatic system disorders","MILD","1","N","N","N","30","31","2012-03-05","2012-03-06","2012-02-01"
"AA-AA-000-0000","S43487","2","Platelet count decreased","Platelet count decreased","Investigations","MILD","1","N","Y","N","4","19","2012-02-08","2012-02-23","2012-02-01"
"AA-AA-000-0000","S43487","3","Constipation","Constipation","Gastrointestinal disorders","MILD","1","N","N","N","6","14","2012-02-10","2012-02-18","2012-02-01"
"AA-AA-000-0000","S43487","4","Rash","Rash","Skin and subcutaneous tissue disorders","LIFE THREATENING","4","Y","Y","N","13","22","2012-02-17","2012-02-26","2012-02-01"
"AA-AA-000-0000","S43487","5","Neutropenia","Neutropenia","Blood and lymphatic system disorders","MODERATE","2","N","Y","N","40","43","2012-03-15","2012-03-18","2012-02-01"
"AA-AA-000-0000","S43487","6","Abdominal pain","Abdominal pain","Gastrointestinal disorders","MODERATE","2","N","N","N","13","20","2012-02-17","2012-02-24","2012-02-01"
"AA-AA-000-0000","S43620","1","Vomiting","Vomiting","Gastrointestinal disorders","MILD","1","N","N","N","21","25","2012-03-11","2012-03-15","2012-02-01"
"AA-AA-000-0000","S43620","2","Platelet count decreased","Platelet count decreased","Investigations","SEVERE","3","N","N","Y","33","38","2012-03-23","2012-03-28","2012-02-01"
"AA-AA-000-0000","S43620","3","Constipation","Constipation","Gastrointestinal disorders","MILD","1","N","Y","N","10","17","2012-02-29","2012-03-07","2012-02-01"
"AA-AA-000-0000","S43670","1","Vomiting","Vomiting","Gastrointestinal disorders","MODERATE","2","N","N","Y","14","15","2012-03-27","2012-03-28","2012-03-01"
"AA-AA-000-0000","S43843","1","Aspartate aminotransferase increased","Aspartate aminotransferase increased","Investigations","MODERATE","2","N","Y","N","7","23","2012-01-11","2012-01-27","2012-01-01"
"AA-AA-000-0000","S43843","2","Nausea","Nausea","Gastrointestinal disorders","MILD","1","N","Y","N","67","72","2012-03-11","2012-03-16","2012-01-01"
"AA-AA-000-0000","S43843","3","Nasopharyngitis","Nasopharyngitis","Infections and infestations","MODERATE","2","N","Y","N","13","17","2012-01-17","2012-01-21","2012-01-01"
"AA-AA-000-0000","S43843","4","Anaemia","Anaemia","Blood and lymphatic system disorders","SEVERE","3","Y","Y","N","10","19","2012-01-14","2012-01-23","2012-01-01"
"AA-AA-000-0000","S43843","5","Decreased appetite","Decreased appetite","Metabolism and nutrition disorders","MODERATE","2","N","N","N","8","13","2012-01-12","2012-01-17","2012-01-01"
"AA-AA-000-0000","S44055","1","Alanine aminotransferase increased","Alanine aminotransferase increased","Investigations","MODERATE","2","N","Y","Y","26","31","2012-03-23","2012-03-28","2012-02-01"
"AA-AA-000-0000","S44055","2","Platelet count decreased","Platelet count decreased","Investigations","MODERATE","2","N","N","N","11","13","2012-03-08","2012-03-10","2012-02-01"
"AA-AA-000-0000","S44055","3","Neutropenia","Neutropenia","Blood and lymphatic system disorders","MILD","1","N","Y","N","4","16","2012-03-01","2012-03-13","2012-02-01"
"AA-AA-000-0000","S44055","4","Nausea","Nausea","Gastrointestinal disorders","MILD","1","N","N","N","8","15","2012-03-05","2012-03-12","2012-02-01"
"AA-AA-000-0000","S44160","1","Abdominal pain","Abdominal pain","Gastrointestinal disorders","MILD","1","N","Y","N","34","37","2012-02-23","2012-02-26","2012-01-01"
"AA-AA-000-0000","S44160","2","Somnolence","Somnolence","Nervous system disorders","MILD","1","N","Y","N","45","52","2012-03-05","2012-03-12","2012-01-01"
"AA-AA-000-0000","S44160","3","Abdominal pain","Abdominal pain","Gastrointestinal disorders","MILD","1","Y","N","Y","62","68","2012-03-22","2012-03-28","2012-01-01"
"AA-AA-000-0000","S44160","4","Paraesthesia","Paraesthesia","Nervous system disorders","SEVERE","3","N","N","N","46","52","2012-03-06","2012-03-12","2012-01-01"
"AA-AA-000-0000","S44160","5","Dizziness","Dizziness","Nervous system disorders","MODERATE","2","N","Y","Y","57","68","2012-03-17","2012-03-28","2012-01-01"
"AA-AA-000-0000","S44160","6","Chills","Chills","General disorders and administration site conditions","MILD","1","N","N","N","2","7","2012-01-22","2012-01-27","2012-01-01"
"AA-AA-000-0000","S44160","7","Neutropenia","Neutropenia","Blood and lymphatic system disorders","MODERATE","2","N","Y","N","45","50","2012-03-05","2012-03-10","2012-01-01"
"AA-AA-000-0000","S44160","8","Platelet count decreased","Platelet count decreased","Investigations","MODERATE","2","N","Y","N","46","59","2012-03-06","2012-03-19","2012-01-01"
"AA-AA-000-0000","S44278","1","Pyrexia","Pyrexia","General disorders and administration site conditions","LIFE THREATENING","4","Y","Y","N","46","50","2012-02-23","2012-02-27","2012-01-01"
"AA-AA-000-0000","S44278","2","Abdominal pain","Abdominal pain","Gastrointestinal disorders","SEVERE","3","N","Y","N","70","76","2012-03-18","2012-03-24","2012-01-01"
"AA-AA-000-0000","S44278","3","Alanine aminotransferase increased","Alanine aminotransferase increased","Investigations","MODERATE","2","N","Y","N","13","24","2012-01-21","2012-02-01","2012-01-01"
"AA-AA-000-0000","S44278","4","Cough","Cough","Respiratory, thoracic and mediastinal disorders","SEVERE","3","Y","Y","N","2","7","2012-01-10","2012-01-15","2012-01-01"
"AA-AA-000-0000","S44278","5","Oedema peripheral","Oedema peripheral","General disorders and administration site conditions","MILD","1","N","N","N","62","69","2012-03-10","2012-03-17","2012-01-01"
"AA-AA-000-0000","S44278","6","Aspartate aminotransferase increased","Aspartate aminotransferase increased","Investigations","MODERATE","2","N","N","Y","72","80","2012-03-20","2012-03-28","2012-01-01"
"AA-AA-000-0000","S44278","7","Vomiting","Vomiting","Gastrointestinal disorders","SEVERE","3","N","Y","Y","73","80","2012-03-21","2012-03-28","2012-01-01"
"AA-AA-000-0000","S44278","8","Nausea","Nausea","Gastrointestinal disorders","MILD","1","N","Y","N","55","56","2012-03-03","2012-03-04","2012-01-01"
"AA-AA-000-0000","S44278","9","Fatigue","Fatigue","General disorders and administration site conditions","SEVERE","3","Y","N","N","71","75","2012-03-19","2012-03-23","2012-01-01"
"AA-AA-000-0000","S44278","10","Constipation","Constipation","Gastrointestinal disorders","SEVERE","3","N","N","N","1","9","2012-01-09","2012-01-17","2012-01-01"
"AA-AA-000-0000","S4440","1","Constipation","Constipation","Gastrointestinal disorders","MODERATE","2","N","Y","Y","3","5","2012-03-26","2012-03-28","2012-03-01"
"AA-AA-000-0000","S4440","2","Alanine aminotransferase increased","Alanine aminotransferase increased","Investigations","MILD","1","N","Y","Y","4","5","2012-03-27","2012-03-28","2012-03-01"
"AA-AA-000-0000","S4440","3","Vomiting","Vomiting","Gastrointestinal disorders","MILD","1","Y","N","N","1","2","2012-03-24","2012-03-25","2012-03-01"
"AA-AA-000-0000","S4440","4","Upper respiratory tract infection","Upper respiratory tract infection","Infections and infestations","MILD","1","N","Y","Y","3","5","2012-03-26","2012-03-28","2012-03-01"
"AA-AA-000-0000","S4440","5","Abdominal pain","Abdominal pain","Gastrointestinal disorders","LIFE THREATENING","4","Y","Y","Y","3","5","2012-03-26","2012-03-28","2012-03-01"
"AA-AA-000-0000","S44509","1","Abdominal pain","Abdominal pain","Gastrointestinal disorders","LIFE THREATENING","4","Y","N","N","9","13","2012-03-22","2012-03-26","2012-03-01"
"AA-AA-000-0000","S44509","2","Chills","Chills","General disorders and administration site conditions","SEVERE","3","N","Y","Y","9","15","2012-03-22","2012-03-28","2012-03-01"
"AA-AA-000-0000","S44509","3","Somnolence","Somnolence","Nervous system disorders","MODERATE","2","N","Y","N","3","9","2012-03-16","2012-03-22","2012-03-01"
"AA-AA-000-0000","S44509","4","Blood bilirubin increased","Blood bilirubin increased","Investigations","MODERATE","2","N","N","Y","15","15","2012-03-28","2012-03-28","2012-03-01"
"AA-AA-000-0000","S44543","1","Fatigue","Fatigue","General disorders and administration site conditions","MILD","1","N","N","N","13","25","2012-03-03","2012-03-15","2012-02-01"
"AA-AA-000-0000","S44543","2","Dyspnoea","Dyspnoea","Respiratory, thoracic and mediastinal disorders","SEVERE","3","N","N","N","6","25","2012-02-25","2012-03-15","2012-02-01"
"AA-AA-000-0000","S44543","3","Hypokalaemia","Hypokalaemia","Metabolism and nutrition disorders","MILD","1","N","Y","Y","32","38","2012-03-22","2012-03-28","2012-02-01"
"AA-AA-000-0000","S44543","4","Nausea","Nausea","Gastrointestinal disorders","MODERATE","2","N","N","Y","36","38","2012-03-26","2012-03-28","2012-02-01"
"AA-AA-000-0000","S44543","5","Fatigue","Fatigue","General disorders and administration site conditions","MILD","1","N","Y","N","27","36","2012-03-17","2012-03-26","2012-02-01"
"AA-AA-000-0000","S44543","6","Nausea","Nausea","Gastrointestinal disorders","MODERATE","2","N","Y","N","8","17","2012-02-27","2012-03-07","2012-02-01"
"AA-AA-000-0000","S4456","1","Neutropenia","Neutropenia","Blood and lymphatic system disorders","MILD","1","N","Y","Y","12","12","2012-03-28","2012-03-28","2012-03-01"
"AA-AA-000-0000","S44700","1","Pruritus","Pruritus","Skin and subcutaneous tissue disorders","LIFE THREATENING","4","Y","Y","Y","47","54","2012-03-21","2012-03-28","2012-02-01"
"AA-AA-000-0000","S44700","2","Nasopharyngitis","Nasopharyngitis","Infections and infestations","MODERATE","2","N","N","N","34","39","2012-03-08","2012-03-13","2012-02-01"
"AA-AA-000-0000","S44700","3","Urticaria","Urticaria","Skin and subcutaneous tissue disorders","MILD","1","N","Y","N","32","34","2012-03-06","2012-03-08","2012-02-01"
"AA-AA-000-0000","S44700","4","Abdominal pain","Abdominal pain","Gastrointestinal disorders","MILD","1","N","N","N","16","21","2012-02-19","2012-02-24","2012-02-01"
"AA-AA-000-0000","S44700","5","Constipation","Constipation","Gastrointestinal disorders","MILD","1","N","N","N","21","23","2012-02-24","2012-02-26","2012-02-01"
"AA-AA-000-0000","S45162","1","Blood bilirubin increased","Blood bilirubin increased","Investigations","MODERATE","2","N","Y","N","3","7","2012-03-11","2012-03-15","2012-03-01"
"AA-AA-000-0000","S45162","2","Platelet count decreased","Platelet count decreased","Investigations","MILD","1","N","Y","Y","20","20","2012-03-28","2012-03-28","2012-03-01"
"AA-AA-000-0000","S45190","1","Dizziness","Dizziness","Nervous system disorders","MILD","1","N","Y","N","5","28","2012-02-26","2012-03-20","2012-02-01"
"AA-AA-000-0000","S45190","2","Headache","Headache","Nervous system disorders","MILD","1","N","N","N","9","20","2012-03-01","2012-03-12","2012-02-01"
"AA-AA-000-0000","S45190","3","Somnolence","Somnolence","Nervous system disorders","MILD","1","N","N","Y","34","36","2012-03-26","2012-03-28","2012-02-01"
"AA-AA-000-0000","S45190","4","Vomiting","Vomiting","Gastrointestinal disorders","MODERATE","2","N","Y","Y","35","36","2012-03-27","2012-03-28","2012-02-01"
"AA-AA-000-0000","S45190","5","Diarrhoea","Diarrhoea","Gastrointestinal disorders","LIFE THREATENING","4","Y","N","N","21","24","2012-03-13","2012-03-16","2012-02-01"
"AA-AA-000-0000","S45386","1","Hypokalaemia","Hypokalaemia","Metabolism and nutrition disorders","MODERATE","2","N","N","N","9","13","2012-02-23","2012-02-27","2012-02-01"
"AA-AA-000-0000","S45479","1","Vomiting","Vomiting","Gastrointestinal disorders","MODERATE","2","N","N","Y","7","23","2012-03-12","2012-03-28","2012-03-01"
"AA-AA-000-0000","S45479","2","Anaemia","Anaemia","Blood and lymphatic system disorders","MODERATE","2","N","N","N","15","21","2012-03-20","2012-03-26","2012-03-01"
"AA-AA-000-0000","S45628","1","Vomiting","Vomiting","Gastrointestinal disorders","MILD","1","N","N","N","36","48","2012-03-11","2012-03-23","2012-02-01"
"AA-AA-000-0000","S45628","2","Fatigue","Fatigue","General disorders and administration site conditions","MODERATE","2","N","N","N","7","10","2012-02-11","2012-02-14","2012-02-01"
"AA-AA-000-0000","S45628","3","Nasopharyngitis","Nasopharyngitis","Infections and infestations","MODERATE","2","N","Y","Y","44","53","2012-03-19","2012-03-28","2012-02-01"
"AA-AA-000-0000","S46151","1","Abdominal pain","Abdominal pain","Gastrointestinal disorders","MODERATE","2","N","Y","N","3","5","2012-03-21","2012-03-23","2012-03-01"
"AA-AA-000-0000","S46204","1","Cough","Cough","Respiratory, thoracic and mediastinal disorders","LIFE THREATENING","4","Y","Y","N","3","7","2012-03-01","2012-03-05","2012-02-01"
"AA-AA-000-0000","S46204","2","Cough","Cough","Respiratory, thoracic and mediastinal disorders","MILD","1","N","Y","N","16","20","2012-03-14","2012-03-18","2012-02-01"
"AA-AA-000-0000","S46333","1","Platelet count decreased","Platelet count decreased","Investigations","MODERATE","2","N","Y","N","23","41","2012-01-24","2012-02-11","2012-01-01"
"AA-AA-000-0000","S46333","2","Chills","Chills","General disorders and administration site conditions","SEVERE","3","N","N","N","40","54","2012-02-10","2012-02-24","2012-01-01"
"AA-AA-000-0000","S46333","3","Chills","Chills","General disorders and administration site conditions","MODERATE","2","N","Y","N","43","50","2012-02-13","2012-02-20","2012-01-01"
"AA-AA-000-0000","S46390","1","Dizziness","Dizziness","Nervous system disorders","MILD","1","N","N","N","3","6","2012-01-07","2012-01-10","2012-01-01"
"AA-AA-000-0000","S46390","2","Arthralgia","Arthralgia","Musculoskeletal and connective tissue disorders","MODERATE","2","N","N","N","1","20","2012-01-05","2012-01-24","2012-01-01"
"AA-AA-000-0000","S46390","3","Anaemia","Anaemia","Blood and lymphatic system disorders","MODERATE","2","N","Y","N","18","20","2012-01-22","2012-01-24","2012-01-01"
"AA-AA-000-0000","S46390","4","Pruritus","Pruritus","Skin and subcutaneous tissue disorders","MODERATE","2","N","N","N","19","23","2012-01-23","2012-01-27","2012-01-01"
"AA-AA-000-0000","S46390","5","Constipation","Constipation","Gastrointestinal disorders","MODERATE","2","N","Y","N","3","23","2012-01-07","2012-01-27","2012-01-01"
"AA-AA-000-0000","S46390","6","Cough","Cough","Respiratory, thoracic and mediastinal disorders","MODERATE","2","N","Y","N","35","36","2012-02-08","2012-02-09","2012-01-01"
"AA-AA-000-0000","S46545","1","Alanine aminotransferase increased","Alanine aminotransferase increased","Investigations","SEVERE","3","Y","N","Y","8","11","2012-03-25","2012-03-28","2012-03-01"
"AA-AA-000-0000","S46976","1","Oedema peripheral","Oedema peripheral","General disorders and administration site conditions","MILD","1","N","N","N","38","40","2012-02-29","2012-03-02","2012-01-01"
"AA-AA-000-0000","S46976","2","Dyspnoea","Dyspnoea","Respiratory, thoracic and mediastinal disorders","MODERATE","2","N","N","N","27","30","2012-02-18","2012-02-21","2012-01-01"
"AA-AA-000-0000","S47134","1","Blood bilirubin increased","Blood bilirubin increased","Investigations","MILD","1","N","Y","N","4","5","2012-03-26","2012-03-27","2012-03-01"
"AA-AA-000-0000","S47134","2","Constipation","Constipation","Gastrointestinal disorders","MILD","1","N","Y","Y","1","6","2012-03-23","2012-03-28","2012-03-01"
"AA-AA-000-0000","S47153","1","Myalgia","Myalgia","Musculoskeletal and connective tissue disorders","MILD","1","N","Y","N","4","31","2012-01-23","2012-02-19","2012-01-01"
"AA-AA-000-0000","S47153","2","Constipation","Constipation","Gastrointestinal disorders","MILD","1","N","N","N","59","61","2012-03-18","2012-03-20","2012-01-01"
"AA-AA-000-0000","S47153","3","Aspartate aminotransferase increased","Aspartate aminotransferase increased","Investigations","SEVERE","3","Y","N","Y","57","69","2012-03-16","2012-03-28","2012-01-01"
"AA-AA-000-0000","S47153","4","Dizziness","Dizziness","Nervous system disorders","SEVERE","3","Y","N","N","13","26","2012-02-01","2012-02-14","2012-01-01"
"AA-AA-000-0000","S47153","5","Decreased appetite","Decreased appetite","Metabolism and nutrition disorders","MODERATE","2","N","N","N","26","29","2012-02-14","2012-02-17","2012-01-01"
"AA-AA-000-0000","S47153","6","Constipation","Constipation","Gastrointestinal disorders","SEVERE","3","N","N","N","31","40","2012-02-19","2012-02-28","2012-01-01"
"AA-AA-000-0000","S47153","7","Blood bilirubin increased","Blood bilirubin increased","Investigations","SEVERE","3","Y","Y","N","54","55","2012-03-13","2012-03-14","2012-01-01"
"AA-AA-000-0000","S47153","8","Aspartate aminotransferase increased","Aspartate aminotransferase increased","Investigations","LIFE THREATENING","4","Y","N","N","39","43","2012-02-27","2012-03-02","2012-01-01"
"AA-AA-000-0000","S47175","1","Dizziness","Dizziness","Nervous system disorders","MILD","1","N","N","N","41","51","2012-02-23","2012-03-04","2012-01-01"
"AA-AA-000-0000","S47175","2","Headache","Headache","Nervous system disorders","MILD","1","N","Y","N","47","51","2012-02-29","2012-03-04","2012-01-01"
"AA-AA-000-0000","S47175","3","Paraesthesia","Paraesthesia","Nervous system disorders","MILD","1","N","Y","N","66","67","2012-03-19","2012-03-20","2012-01-01"
"AA-AA-000-0000","S4725","1","Oedema peripheral","Oedema peripheral","General disorders and administration site conditions","MODERATE","2","N","Y","N","12","16","2012-02-20","2012-02-24","2012-02-01"
"AA-AA-000-0000","S4725","2","Urticaria","Urticaria","Skin and subcutaneous tissue disorders","SEVERE","3","Y","Y","Y","39","49","2012-03-18","2012-03-28","2012-02-01"
"AA-AA-000-0000","S4725","3","Myalgia","Myalgia","Musculoskeletal and connective tissue disorders","MODERATE","2","N","Y","N","25","27","2012-03-04","2012-03-06","2012-02-01"
"AA-AA-000-0000","S47431","1","Pruritus","Pruritus","Skin and subcutaneous tissue disorders","MILD","1","N","Y","N","2","9","2012-03-20","2012-03-27","2012-03-01"
"AA-AA-000-0000","S47665","1","Neutropenia","Neutropenia","Blood and lymphatic system disorders","LIFE THREATENING","4","N","N","N","41","45","2012-02-28","2012-03-03","2012-01-01"
"AA-AA-000-0000","S47665","2","Fatigue","Fatigue","General disorders and administration site conditions","SEVERE","3","Y","Y","N","39","43","2012-02-26","2012-03-01","2012-01-01"
"AA-AA-000-0000","S47665","3","Nasopharyngitis","Nasopharyngitis","Infections and infestations","MODERATE","2","N","N","Y","55","70","2012-03-13","2012-03-28","2012-01-01"
"AA-AA-000-0000","S47665","4","Hypokalaemia","Hypokalaemia","Metabolism and nutrition disorders","SEVERE","3","N","Y","N","45","46","2012-03-03","2012-03-04","2012-01-01"
"AA-AA-000-0000","S47665","5","Headache","Headache","Nervous system disorders","MILD","1","N","N","N","55","57","2012-03-13","2012-03-15","2012-01-01"
"AA-AA-000-0000","S47700","1","Abdominal pain","Abdominal pain","Gastrointestinal disorders","MILD","1","N","Y","N","5","6","2012-02-17","2012-02-18","2012-02-01"
"AA-AA-000-0000","S47700","2","Somnolence","Somnolence","Nervous system disorders","MILD","1","N","Y","N","4","17","2012-02-16","2012-02-29","2012-02-01"
"AA-AA-000-0000","S47700","3","Diarrhoea","Diarrhoea","Gastrointestinal disorders","MILD","1","N","N","N","4","7","2012-02-16","2012-02-19","2012-02-01"
"AA-AA-000-0000","S4781","1","Nausea","Nausea","Gastrointestinal disorders","MILD","1","N","Y","N","4","13","2012-02-26","2012-03-06","2012-02-01"
"AA-AA-000-0000","S4781","2","Hypokalaemia","Hypokalaemia","Metabolism and nutrition disorders","LIFE THREATENING","4","N","Y","N","2","4","2012-02-24","2012-02-26","2012-02-01"
"AA-AA-000-0000","S4781","3","Cough","Cough","Respiratory, thoracic and mediastinal disorders","MODERATE","2","N","Y","N","2","5","2012-02-24","2012-02-27","2012-02-01"
"AA-AA-000-0000","S47824","1","Paraesthesia","Paraesthesia","Nervous system disorders","MILD","1","N","Y","N","5","23","2012-01-31","2012-02-18","2012-01-01"
"AA-AA-000-0000","S47824","2","Myalgia","Myalgia","Musculoskeletal and connective tissue disorders","MODERATE","2","N","Y","N","57","58","2012-03-23","2012-03-24","2012-01-01"
"AA-AA-000-0000","S47824","3","Blood bilirubin increased","Blood bilirubin increased","Investigations","MILD","1","N","N","N","48","49","2012-03-14","2012-03-15","2012-01-01"
"AA-AA-000-0000","S48158","1","Blood bilirubin increased","Blood bilirubin increased","Investigations","MODERATE","2","N","Y","N","1","7","2012-03-10","2012-03-16","2012-03-01"
"AA-AA-000-0000","S48158","2","Blood bilirubin increased","Blood bilirubin increased","Investigations","MILD","1","N","N","Y","19","19","2012-03-28","2012-03-28","2012-03-01"
"AA-AA-000-0000","S48158","3","Diarrhoea","Diarrhoea","Gastrointestinal disorders","SEVERE","3","Y","N","Y","19","19","2012-03-28","2012-03-28","2012-03-01"
"AA-AA-000-0000","S48329","1","Blood bilirubin increased","Blood bilirubin increased","Investigations","SEVERE","3","Y","N","N","1","3","2012-03-23","2012-03-25","2012-03-01"
"AA-AA-000-0000","S48411","1","Thrombocytopenia","Thrombocytopenia","Blood and lymphatic system disorders","MILD","1","N","Y","Y","32","34","2012-03-26","2012-03-28","2012-02-01"
"AA-AA-000-0000","S48411","2","Abdominal pain","Abdominal pain","Gastrointestinal disorders","MILD","1","N","N","N","28","31","2012-03-22","2012-03-25","2012-02-01"
"AA-AA-000-0000","S48411","3","Pruritus","Pruritus","Skin and subcutaneous tissue disorders","MODERATE","2","Y","Y","N","25","27","2012-03-19","2012-03-21","2012-02-01"
"AA-AA-000-0000","S48411","4","Alanine aminotransferase increased","Alanine aminotransferase increased","Investigations","MODERATE","2","N","Y","N","7","27","2012-03-01","2012-03-21","2012-02-01"
"AA-AA-000-0000","S48757","1","Arthralgia","Arthralgia","Musculoskeletal and connective tissue disorders","MODERATE","2","N","N","Y","4","4","2012-03-28","2012-03-28","2012-03-01"
"AA-AA-000-0000","S48757","2","Blood bilirubin increased","Blood bilirubin increased","Investigations","LIFE THREATENING","4","N","N","Y","1","4","2012-03-25","2012-03-28","2012-03-01"
"AA-AA-000-0000","S48812","1","Rash","Rash","Skin and subcutaneous tissue disorders","MILD","1","N","Y","Y","32","33","2012-03-27","2012-03-28","2012-02-01"
"AA-AA-000-0000","S48812","2","Diarrhoea","Diarrhoea","Gastrointestinal disorders","MILD","1","N","N","N","13","29","2012-03-08","2012-03-24","2012-02-01"
"AA-AA-000-0000","S48812","3","Back pain","Back pain","Musculoskeletal and connective tissue disorders","MODERATE","2","N","N","N","20","21","2012-03-15","2012-03-16","2012-02-01"
"AA-AA-000-0000","S48813","1","Dyspnoea","Dyspnoea","Respiratory, thoracic and mediastinal disorders","MODERATE","2","N","Y","N","1","17","2012-02-25","2012-03-12","2012-02-01"
"AA-AA-000-0000","S48813","2","Nausea","Nausea","Gastrointestinal disorders","SEVERE","3","Y","N","N","25","30","2012-03-20","2012-03-25","2012-02-01"
"AA-AA-000-0000","S48813","3","Abdominal pain","Abdominal pain","Gastrointestinal disorders","LIFE THREATENING","4","Y","Y","N","18","21","2012-03-13","2012-03-16","2012-02-01"
"AA-AA-000-0000","S49115","1","Anaemia","Anaemia","Blood and lymphatic system disorders","LIFE THREATENING","4","Y","Y","N","19","23","2012-02-27","2012-03-02","2012-02-01"
"AA-AA-000-0000","S49115","2","Upper respiratory tract infection","Upper respiratory tract infection","Infections and infestations","MILD","1","N","Y","Y","47","49","2012-03-26","2012-03-28","2012-02-01"
"AA-AA-000-0000","S49115","3","Nausea","Nausea","Gastrointestinal disorders","MODERATE","2","N","Y","N","37","39","2012-03-16","2012-03-18","2012-02-01"
"AA-AA-000-0000","S49115","4","Aspartate aminotransferase increased","Aspartate aminotransferase increased","Investigations","LIFE THREATENING","4","N","Y","N","8","13","2012-02-16","2012-02-21","2012-02-01"
"AA-AA-000-0000","S49115","5","Platelet count decreased","Platelet count decreased","Investigations","MILD","1","N","Y","N","31","32","2012-03-10","2012-03-11","2012-02-01"
"AA-AA-000-0000","S49115","6","Dizziness","Dizziness","Nervous system disorders","LIFE THREATENING","4","N","N","N","13","29","2012-02-21","2012-03-08","2012-02-01"
"AA-AA-000-0000","S49125","1","Diarrhoea","Diarrhoea","Gastrointestinal disorders","MILD","1","N","Y","N","9","14","2012-02-10","2012-02-15","2012-02-01"
"AA-AA-000-0000","S49125","2","Pruritus","Pruritus","Skin and subcutaneous tissue disorders","MODERATE","2","N","N","N","33","45","2012-03-05","2012-03-17","2012-02-01"
"AA-AA-000-0000","S49125","3","Pruritus","Pruritus","Skin and subcutaneous tissue disorders","SEVERE","3","Y","Y","Y","48","56","2012-03-20","2012-03-28","2012-02-01"
"AA-AA-000-0000","S49125","4","Nasopharyngitis","Nasopharyngitis","Infections and infestations","LIFE THREATENING","4","N","N","N","5","9","2012-02-06","2012-02-10","2012-02-01"
"AA-AA-000-0000","S49125","5","Abdominal pain","Abdominal pain","Gastrointestinal disorders","MILD","1","Y","N","Y","45","56","2012-03-17","2012-03-28","2012-02-01"
"AA-AA-000-0000","S49125","6","Chills","Chills","General disorders and administration site conditions","SEVERE","3","Y","N","Y","52","56","2012-03-24","2012-03-28","2012-02-01"
"AA-AA-000-0000","S49279","1","Thrombocytopenia","Thrombocytopenia","Blood and lymphatic system disorders","LIFE THREATENING","4","N","Y","N","2","6","2012-03-12","2012-03-16","2012-03-01"
"AA-AA-000-0000","S49279","2","Aspartate aminotransferase increased","Aspartate aminotransferase increased","Investigations","LIFE THREATENING","4","Y","Y","Y","16","18","2012-03-26","2012-03-28","2012-03-01"
"AA-AA-000-0000","S50044","1","Vomiting","Vomiting","Gastrointestinal disorders","MILD","1","N","Y","N","7","10","2012-03-17","2012-03-20","2012-03-01"
"AA-AA-000-0000","S50044","2","Pruritus","Pruritus","Skin and subcutaneous tissue disorders","MILD","1","N","N","Y","10","18","2012-03-20","2012-03-28","2012-03-01"
"AA-AA-000-0000","S50135","1","Platelet count decreased","Platelet count decreased","Investigations","LIFE THREATENING","4","Y","Y","N","18","19","2012-03-24","2012-03-25","2012-03-01"
"AA-AA-000-0000","S50135","2","Blood bilirubin increased","Blood bilirubin increased","Investigations","LIFE THREATENING","4","Y","Y","Y","19","22","2012-03-25","2012-03-28","2012-03-01"
"AA-AA-000-0000","S50135","3","Vomiting","Vomiting","Gastrointestinal disorders","MODERATE","2","N","N","N","15","18","2012-03-21","2012-03-24","2012-03-01"
"AA-AA-000-0000","S50153","1","Alanine aminotransferase increased","Alanine aminotransferase increased","Investigations","MILD","1","N","Y","N","22","29","2012-03-05","2012-03-12","2012-02-01"
"AA-AA-000-0000","S50153","2","Nausea","Nausea","Gastrointestinal disorders","MODERATE","2","N","Y","N","23","25","2012-03-06","2012-03-08","2012-02-01"
"AA-AA-000-0000","S50437","1","Thrombocytopenia","Thrombocytopenia","Blood and lymphatic system disorders","MODERATE","2","N","Y","Y","8","10","2012-03-26","2012-03-28","2012-03-01"
"AA-AA-000-0000","S50437","2","Vomiting","Vomiting","Gastrointestinal disorders","MILD","1","N","N","Y","9","10","2012-03-27","2012-03-28","2012-03-01"
"AA-AA-000-0000","S50437","3","Diarrhoea","Diarrhoea","Gastrointestinal disorders","MILD","1","N","Y","Y","7","10","2012-03-25","2012-03-28","2012-03-01"
"AA-AA-000-0000","S50437","4","Rash","Rash","Skin and subcutaneous tissue disorders","MILD","1","N","Y","Y","10","10","2012-03-28","2012-03-28","2012-03-01"
"AA-AA-000-0000","S50507","1","Nausea","Nausea","Gastrointestinal disorders","SEVERE","3","N","Y","Y","12","12","2012-03-28","2012-03-28","2012-03-01"
"AA-AA-000-0000","S50531","1","Oedema peripheral","Oedema peripheral","General disorders and administration site conditions","SEVERE","3","Y","Y","Y","32","32","2012-03-28","2012-03-28","2012-02-01"
"AA-AA-000-0000","S50531","2","Chills","Chills","General disorders and administration site conditions","SEVERE","3","Y","N","N","13","16","2012-03-09","2012-03-12","2012-02-01"
"AA-AA-000-0000","S50664","1","Abdominal pain","Abdominal pain","Gastrointestinal disorders","MILD","1","N","Y","Y","31","70","2012-02-18","2012-03-28","2012-01-01"
"AA-AA-000-0000","S50664","2","Nausea","Nausea","Gastrointestinal disorders","SEVERE","3","Y","Y","N","28","29","2012-02-15","2012-02-16","2012-01-01"
"AA-AA-000-0000","S50664","3","Alanine aminotransferase increased","Alanine aminotransferase increased","Investigations","SEVERE","3","Y","Y","N","47","51","2012-03-05","2012-03-09","2012-01-01"
"AA-AA-000-0000","S50664","4","Urticaria","Urticaria","Skin and subcutaneous tissue disorders","LIFE THREATENING","4","Y","N","N","15","16","2012-02-02","2012-02-03","2012-01-01"
"AA-AA-000-0000","S50664","5","Hypokalaemia","Hypokalaemia","Metabolism and nutrition disorders","MILD","1","N","N","N","20","22","2012-02-07","2012-02-09","2012-01-01"
"AA-AA-000-0000","S50664","6","Abdominal pain","Abdominal pain","Gastrointestinal disorders","MODERATE","2","N","Y","N","59","63","2012-03-17","2012-03-21","2012-01-01"
"AA-AA-000-0000","S50664","7","Pruritus","Pruritus","Skin and subcutaneous tissue disorders","MODERATE","2","N","N","N","58","60","2012-03-16","2012-03-18","2012-01-01"
"AA-AA-000-0000","S50664","8","Hypokalaemia","Hypokalaemia","Metabolism and nutrition disorders","MODERATE","2","N","Y","N","4","16","2012-01-22","2012-02-03","2012-01-01"
"AA-AA-000-0000","S50664","9","Paraesthesia","Paraesthesia","Nervous system disorders","MODERATE","2","N","Y","N","61","65","2012-03-19","2012-03-23","2012-01-01"
"AA-AA-000-0000","S50664","10","Vomiting","Vomiting","Gastrointestinal disorders","LIFE THREATENING","4","Y","N","N","22","23","2012-02-09","2012-02-10","2012-01-01"
"AA-AA-000-0000","S50664","11","Constipation","Constipation","Gastrointestinal disorders","MILD","1","N","Y","Y","69","70","2012-03-27","2012-03-28","2012-01-01"
"AA-AA-000-0000","S50779","1","Thrombocytopenia","Thrombocytopenia","Blood and lymphatic system disorders","MODERATE","2","N","N","N","25","26","2012-02-05","2012-02-06","2012-01-01"
"AA-AA-000-0000","S50779","2","Thrombocytopenia","Thrombocytopenia","Blood and lymphatic system disorders","MILD","1","N","Y","N","5","7","2012-01-16","2012-01-18","2012-01-01"
"AA-AA-000-0000","S50779","3","Nausea","Nausea","Gastrointestinal disorders","MILD","1","N","N","N","34","69","2012-02-14","2012-03-20","2012-01-01"
"AA-AA-000-0000","S50779","4","Abdominal pain","Abdominal pain","Gastrointestinal disorders","MILD","1","N","Y","N","6","7","2012-01-17","2012-01-18","2012-01-01"
"AA-AA-000-0000","S50779","5","Blood bilirubin increased","Blood bilirubin increased","Investigations","MODERATE","2","Y","Y","N","64","74","2012-03-15","2012-03-25","2012-01-01"
"AA-AA-000-0000","S50779","6","Somnolence","Somnolence","Nervous system disorders","MODERATE","2","N","Y","N","6","23","2012-01-17","2012-02-03","2012-01-01"
"AA-AA-000-0000","S50779","7","Paraesthesia","Paraesthesia","Nervous system disorders","LIFE THREATENING","4","Y","N","N","13","25","2012-01-24","2012-02-05","2012-01-01"
"AA-AA-000-0000","S50953","1","Alanine aminotransferase increased","Alanine aminotransferase increased","Investigations","MILD","1","N","Y","Y","5","39","2012-02-23","2012-03-28","2012-02-01"
"AA-AA-000-0000","S50953","2","Aspartate aminotransferase increased","Aspartate aminotransferase increased","Investigations","MODERATE","2","N","N","N","7","11","2012-02-25","2012-02-29","2012-02-01"
"AA-AA-000-0000","S50953","3","Headache","Headache","Nervous system disorders","SEVERE","3","N","Y","Y","28","39","2012-03-17","2012-03-28","2012-02-01"
"AA-AA-000-0000","S50953","4","Thrombocytopenia","Thrombocytopenia","Blood and lymphatic system disorders","SEVERE","3","Y","Y","Y","34","39","2012-03-23","2012-03-28","2012-02-01"
"AA-AA-000-0000","S51092","1","Decreased appetite","Decreased appetite","Metabolism and nutrition disorders","MILD","1","N","Y","N","11","14","2012-02-15","2012-02-18","2012-02-01"
"AA-AA-000-0000","S51092","2","Chills","Chills","General disorders and administration site conditions","MILD","1","N","N","Y","52","53","2012-03-27","2012-03-28","2012-02-01"
"AA-AA-000-0000","S51092","3","Constipation","Constipation","Gastrointestinal disorders","MILD","1","N","Y","N","27","36","2012-03-02","2012-03-11","2012-02-01"
"AA-AA-000-0000","S51092","4","Somnolence","Somnolence","Nervous system disorders","MILD","1","N","N","N","6","8","2012-02-10","2012-02-12","2012-02-01"
"AA-AA-000-0000","S51092","5","Upper respiratory tract infection","Upper respiratory tract infection","Infections and infestations","MILD","1","N","N","Y","51","53","2012-03-26","2012-03-28","2012-02-01"
"AA-AA-000-0000","S51092","6","Vomiting","Vomiting","Gastrointestinal disorders","MODERATE","2","N","Y","N","11","18","2012-02-15","2012-02-22","2012-02-01"
"AA-AA-000-0000","S51092","7","Vomiting","Vomiting","Gastrointestinal disorders","MILD","1","N","Y","N","23","24","2012-02-27","2012-02-28","2012-02-01"
"AA-AA-000-0000","S51092","8","Cough","Cough","Respiratory, thoracic and mediastinal disorders","MILD","1","N","N","N","9","11","2012-02-13","2012-02-15","2012-02-01"
"AA-AA-000-0000","S51092","9","Nausea","Nausea","Gastrointestinal disorders","SEVERE","3","Y","N","N","31","32","2012-03-06","2012-03-07","2012-02-01"
"AA-AA-000-0000","S51092","10","Headache","Headache","Nervous system disorders","MILD","1","N","N","N","40","45","2012-03-15","2012-03-20","2012-02-01"
"AA-AA-000-0000","S51248","1","Anaemia","Anaemia","Blood and lymphatic system disorders","LIFE THREATENING","4","Y","N","N","2","5","2012-03-11","2012-03-14","2012-03-01"
"AA-AA-000-0000","S51248","2","Urinary tract infection","Urinary tract infection","Infections and infestations","MILD","1","N","Y","N","16","18","2012-03-25","2012-03-27","2012-03-01"
"AA-AA-000-0000","S51248","3","Hypokalaemia","Hypokalaemia","Metabolism and nutrition disorders","SEVERE","3","N","Y","N","10","16","2012-03-19","2012-03-25","2012-03-01"
"AA-AA-000-0000","S51248","4","Neutropenia","Neutropenia","Blood and lymphatic system disorders","MODERATE","2","N","N","Y","12","19","2012-03-21","2012-03-28","2012-03-01"
"AA-AA-000-0000","S51371","1","Thrombocytopenia","Thrombocytopenia","Blood and lymphatic system disorders","MILD","1","N","N","Y","29","30","2012-03-27","2012-03-28","2012-02-01"
"AA-AA-000-0000","S51371","2","Dizziness","Dizziness","Nervous system disorders","MODERATE","2","N","Y","N","15","16","2012-03-13","2012-03-14","2012-02-01"
"AA-AA-000-0000","S51371","3","Anaemia","Anaemia","Blood and lymphatic system disorders","MODERATE","2","N","N","N","18","22","2012-03-16","2012-03-20","2012-02-01"
"AA-AA-000-0000","S51371","4","Platelet count decreased","Platelet count decreased","Investigations","SEVERE","3","Y","N","N","18","19","2012-03-16","2012-03-17","2012-02-01"
"AA-AA-000-0000","S51371","5","Abdominal pain","Abdominal pain","Gastrointestinal disorders","LIFE THREATENING","4","Y","N","Y","28","30","2012-03-26","2012-03-28","2012-02-01"
"AA-AA-000-0000","S51371","6","Hypokalaemia","Hypokalaemia","Metabolism and nutrition disorders","MODERATE","2","N","Y","N","18","20","2012-03-16","2012-03-18","2012-02-01"
"AA-AA-000-0000","S51380","1","Dizziness","Dizziness","Nervous system disorders","SEVERE","3","N","N","N","10","14","2012-03-04","2012-03-08","2012-02-01"
"AA-AA-000-0000","S5140","1","Myalgia","Myalgia","Musculoskeletal and connective tissue disorders","SEVERE","3","Y","N","N","39","74","2012-02-10","2012-03-16","2012-01-01"
"AA-AA-000-0000","S5140","2","Anaemia","Anaemia","Blood and lymphatic system disorders","MODERATE","2","N","N","N","16","19","2012-01-18","2012-01-21","2012-01-01"
"AA-AA-000-0000","S5140","3","Alanine aminotransferase increased","Alanine aminotransferase increased","Investigations","MODERATE","2","N","Y","N","14","17","2012-01-16","2012-01-19","2012-01-01"
"AA-AA-000-0000","S51905","1","Rash","Rash","Skin and subcutaneous tissue disorders","MILD","1","N","N","N","2","7","2012-03-14","2012-03-19","2012-03-01"
"AA-AA-000-0000","S51905","2","Alanine aminotransferase increased","Alanine aminotransferase increased","Investigations","MILD","1","N","Y","Y","9","16","2012-03-21","2012-03-28","2012-03-01"
"AA-AA-000-0000","S51905","3","Urinary tract infection","Urinary tract infection","Infections and infestations","MILD","1","N","N","Y","15","16","2012-03-27","2012-03-28","2012-03-01"
"AA-AA-000-0000","S51905","4","Headache","Headache","Nervous system disorders","MILD","1","N","Y","Y","11","16","2012-03-23","2012-03-28","2012-03-01"
"AA-AA-000-0000","S5199","1","Nausea","Nausea","Gastrointestinal disorders","MODERATE","2","N","N","N","18","23","2012-01-24","2012-01-29","2012-01-01"
"AA-AA-000-0000","S5199","2","Vomiting","Vomiting","Gastrointestinal disorders","MODERATE","2","N","N","N","48","62","2012-02-23","2012-03-08","2012-01-01"
"AA-AA-000-0000","S52047","1","Decreased appetite","Decreased appetite","Metabolism and nutrition disorders","MODERATE","2","N","Y","N","1","2","2012-03-19","2012-03-20","2012-03-01"
"AA-AA-000-0000","S52047","2","Headache","Headache","Nervous system disorders","MILD","1","N","N","Y","9","10","2012-03-27","2012-03-28","2012-03-01"
"AA-AA-000-0000","S52102","1","Myalgia","Myalgia","Musculoskeletal and connective tissue disorders","SEVERE","3","Y","Y","Y","7","22","2012-03-13","2012-03-28","2012-03-01"
"AA-AA-000-0000","S52102","2","Blood bilirubin increased","Blood bilirubin increased","Investigations","MODERATE","2","N","Y","Y","19","22","2012-03-25","2012-03-28","2012-03-01"
"AA-AA-000-0000","S52377","1","Constipation","Constipation","Gastrointestinal disorders","SEVERE","3","N","Y","Y","3","18","2012-03-13","2012-03-28","2012-03-01"
"AA-AA-000-0000","S52377","2","Nausea","Nausea","Gastrointestinal disorders","LIFE THREATENING","4","Y","N","Y","5","18","2012-03-15","2012-03-28","2012-03-01"
"AA-AA-000-0000","S52377","3","Thrombocytopenia","Thrombocytopenia","Blood and lymphatic system disorders","SEVERE","3","Y","Y","Y","14","18","2012-03-24","2012-03-28","2012-03-01"
"AA-AA-000-0000","S52377","4","Platelet count decreased","Platelet count decreased","Investigations","LIFE THREATENING","4","Y","Y","N","3","10","2012-03-13","2012-03-20","2012-03-01"
"AA-AA-000-0000","S52428","1","Dizziness","Dizziness","Nervous system disorders","MODERATE","2","N","N","N","30","40","2012-02-20","2012-03-01","2012-01-01"
"AA-AA-000-0000","S52444","1","Headache","Headache","Nervous system disorders","MODERATE","2","N","Y","N","44","50","2012-02-13","2012-02-19","2012-01-01"
"AA-AA-000-0000","S52444","2","Aspartate aminotransferase increased","Aspartate aminotransferase increased","Investigations","MODERATE","2","N","N","N","56","62","2012-02-25","2012-03-02","2012-01-01"
"AA-AA-000-0000","S52444","3","Pruritus","Pruritus","Skin and subcutaneous tissue disorders","MILD","1","N","Y","N","42","43","2012-02-11","2012-02-12","2012-01-01"
"AA-AA-000-0000","S52444","4","Abdominal pain","Abdominal pain","Gastrointestinal disorders","SEVERE","3","N","N","N","19","28","2012-01-19","2012-01-28","2012-01-01"
"AA-AA-000-0000","S52444","5","Nausea","Nausea","Gastrointestinal disorders","SEVERE","3","N","N","N","55","65","2012-02-24","2012-03-05","2012-01-01"
"AA-AA-000-0000","S52444","6","Blood bilirubin increased","Blood bilirubin increased","Investigations","MILD","1","N","Y","Y","81","88","2012-03-21","2012-03-28","2012-01-01"
"AA-AA-000-0000","S52444","7","Platelet count decreased","Platelet count decreased","Investigations","MODERATE","2","N","N","N","39","40","2012-02-08","2012-02-09","2012-01-01"
"AA-AA-000-0000","S52552","1","Urinary tract infection","Urinary tract infection","Infections and infestations","MILD","1","N","Y","N","66","68","2012-03-10","2012-03-12","2012-01-01"
"AA-AA-000-0000","S52552","2","Nausea","Nausea","Gastrointestinal disorders","LIFE THREATENING","4","Y","N","N","23","26","2012-01-27","2012-01-30","2012-01-01"
"AA-AA-000-0000","S52552","3","Abdominal pain","Abdominal pain","Gastrointestinal disorders","MILD","1","N","Y","N","59","65","2012-03-03","2012-03-09","2012-01-01"
"AA-AA-000-0000","S52552","4","Hypokalaemia","Hypokalaemia","Metabolism and nutrition disorders","MODERATE","2","N","N","N","10","36","2012-01-14","2012-02-09","2012-01-01"
"AA-AA-000-0000","S52552","5","Abdominal pain","Abdominal pain","Gastrointestinal disorders","MILD","1","N","Y","N","56","72","2012-02-29","2012-03-16","2012-01-01"
"AA-AA-000-0000","S52552","6","Neutropenia","Neutropenia","Blood and lymphatic system disorders","SEVERE","3","Y","Y","N","71","74","2012-03-15","2012-03-18","2012-01-01"
"AA-AA-000-0000","S52552","7","Headache","Headache","Nervous system disorders","SEVERE","3","N","Y","N","13","20","2012-01-17","2012-01-24","2012-01-01"
"AA-AA-000-0000","S52552","8","Cough","Cough","Respiratory, thoracic and mediastinal disorders","MODERATE","2","N","N","N","33","49","2012-02-06","2012-02-22","2012-01-01"
"AA-AA-000-0000","S52552","9","Vomiting","Vomiting","Gastrointestinal disorders","MODERATE","2","N","Y","Y","78","84","2012-03-22","2012-03-28","2012-01-01"
"AA-AA-000-0000","S52552","10","Neutropenia","Neutropenia","Blood and lymphatic system disorders","MILD","1","N","N","N","37","39","2012-02-10","2012-02-12","2012-01-01"
"AA-AA-000-0000","S52552","11","Pyrexia","Pyrexia","General disorders and administration site conditions","MODERATE","2","N","Y","N","47","69","2012-02-20","2012-03-13","2012-01-01"
"AA-AA-000-0000","S52552","12","Nausea","Nausea","Gastrointestinal disorders","MILD","1","N","N","N","42","49","2012-02-15","2012-02-22","2012-01-01"
"AA-AA-000-0000","S52552","13","Myalgia","Myalgia","Musculoskeletal and connective tissue disorders","MODERATE","2","N","N","N","34","35","2012-02-07","2012-02-08","2012-01-01"
"AA-AA-000-0000","S52552","14","Alanine aminotransferase increased","Alanine aminotransferase increased","Investigations","MODERATE","2","N","N","N","4","6","2012-01-08","2012-01-10","2012-01-01"
"AA-AA-000-0000","S52552","15","Headache","Headache","Nervous system disorders","LIFE THREATENING","4","N","N","N","16","28","2012-01-20","2012-02-01","2012-01-01"
"AA-AA-000-0000","S52631","1","Aspartate aminotransferase increased","Aspartate aminotransferase increased","Investigations","MODERATE","2","N","Y","N","26","28","2012-02-26","2012-02-28","2012-02-01"
"AA-AA-000-0000","S52700","1","Fatigue","Fatigue","General disorders and administration site conditions","MILD","1","N","Y","N","3","8","2012-03-12","2012-03-17","2012-03-01"
"AA-AA-000-0000","S52700","2","Diarrhoea","Diarrhoea","Gastrointestinal disorders","MODERATE","2","N","N","N","4","7","2012-03-13","2012-03-16","2012-03-01"
"AA-AA-000-0000","S52968","1","Rash","Rash","Skin and subcutaneous tissue disorders","MILD","1","N","N","Y","10","10","2012-03-28","2012-03-28","2012-03-01"
"AA-AA-000-0000","S52968","2","Somnolence","Somnolence","Nervous system disorders","MILD","1","N","Y","Y","9","10","2012-03-27","2012-03-28","2012-03-01"
"AA-AA-000-0000","S52968","3","Platelet count decreased","Platelet count decreased","Investigations","MILD","1","N","N","Y","8","10","2012-03-26","2012-03-28","2012-03-01"
"AA-AA-000-0000","S52968","4","Myalgia","Myalgia","Musculoskeletal and connective tissue disorders","MODERATE","2","N","N","Y","9","10","2012-03-27","2012-03-28","2012-03-01"
"AA-AA-000-0000","S52968","5","Somnolence","Somnolence","Nervous system disorders","MILD","1","N","Y","Y","9","10","2012-03-27","2012-03-28","2012-03-01"
"AA-AA-000-0000","S52968","6","Anaemia","Anaemia","Blood and lymphatic system disorders","MILD","1","N","Y","N","1","6","2012-03-19","2012-03-24","2012-03-01"
"AA-AA-000-0000","S52979","1","Pyrexia","Pyrexia","General disorders and administration site conditions","MODERATE","2","Y","N","N","27","41","2012-01-28","2012-02-11","2012-01-01"
"AA-AA-000-0000","S52979","2","Cough","Cough","Respiratory, thoracic and mediastinal disorders","LIFE THREATENING","4","N","N","N","21","36","2012-01-22","2012-02-06","2012-01-01"
"AA-AA-000-0000","S52979","3","Aspartate aminotransferase increased","Aspartate aminotransferase increased","Investigations","SEVERE","3","Y","Y","Y","78","87","2012-03-19","2012-03-28","2012-01-01"
"AA-AA-000-0000","S52979","4","Rash","Rash","Skin and subcutaneous tissue disorders","MODERATE","2","N","Y","N","33","37","2012-02-03","2012-02-07","2012-01-01"
"AA-AA-000-0000","S52979","5","Rash","Rash","Skin and subcutaneous tissue disorders","MILD","1","N","N","N","14","20","2012-01-15","2012-01-21","2012-01-01"
"AA-AA-000-0000","S52979","6","Blood bilirubin increased","Blood bilirubin increased","Investigations","SEVERE","3","Y","Y","N","69","71","2012-03-10","2012-03-12","2012-01-01"
"AA-AA-000-0000","S52979","7","Somnolence","Somnolence","Nervous system disorders","MODERATE","2","N","Y","Y","81","87","2012-03-22","2012-03-28","2012-01-01"
"AA-AA-000-0000","S52979","8","Dizziness","Dizziness","Nervous system disorders","MILD","1","N","Y","N","64","77","2012-03-05","2012-03-18","2012-01-01"
"AA-AA-000-0000","S52979","9","Hypokalaemia","Hypokalaemia","Metabolism and nutrition disorders","MODERATE","2","N","Y","N","62","76","2012-03-03","2012-03-17","2012-01-01"
"AA-AA-000-0000","S53371","1","Platelet count decreased","Platelet count decreased","Investigations","LIFE THREATENING","4","Y","N","N","2","5","2012-03-15","2012-03-18","2012-03-01"
"AA-AA-000-0000","S53524","1","Alanine aminotransferase increased","Alanine aminotransferase increased","Investigations","MODERATE","2","N","N","N","28","33","2012-01-29","2012-02-03","2012-01-01"
"AA-AA-000-0000","S53524","2","Nausea","Nausea","Gastrointestinal disorders","SEVERE","3","Y","Y","N","7","16","2012-01-08","2012-01-17","2012-01-01"
"AA-AA-000-0000","S53524","3","Somnolence","Somnolence","Nervous system disorders","MILD","1","N","Y","N","57","61","2012-02-27","2012-03-02","2012-01-01"
"AA-AA-000-0000","S53524","4","Dizziness","Dizziness","Nervous system disorders","MILD","1","N","N","Y","77","87","2012-03-18","2012-03-28","2012-01-01"
"AA-AA-000-0000","S53524","5","Rash","Rash","Skin and subcutaneous tissue disorders","MODERATE","2","N","N","N","68","77","2012-03-09","2012-03-18","2012-01-01"
"AA-AA-000-0000","S53524","6","Alanine aminotransferase increased","Alanine aminotransferase increased","Investigations","SEVERE","3","N","Y","N","67","68","2012-03-08","2012-03-09","2012-01-01"
"AA-AA-000-0000","S53524","7","Pyrexia","Pyrexia","General disorders and administration site conditions","SEVERE","3","N","Y","N","64","74","2012-03-05","2012-03-15","2012-01-01"
"AA-AA-000-0000","S53524","8","Platelet count decreased","Platelet count decreased","Investigations","MODERATE","2","N","Y","N","32","38","2012-02-02","2012-02-08","2012-01-01"
"AA-AA-000-0000","S53524","9","Pruritus","Pruritus","Skin and subcutaneous tissue disorders","MILD","1","N","Y","Y","82","87","2012-03-23","2012-03-28","2012-01-01"
"AA-AA-000-0000","S53537","1","Pyrexia","Pyrexia","General disorders and administration site conditions","SEVERE","3","Y","Y","N","17","21","2012-03-05","2012-03-09","2012-02-01"
"AA-AA-000-0000","S53537","2","Vomiting","Vomiting","Gastrointestinal disorders","MODERATE","2","N","Y","N","27","29","2012-03-15","2012-03-17","2012-02-01"
"AA-AA-000-0000","S53537","3","Vomiting","Vomiting","Gastrointestinal disorders","MILD","1","N","Y","N","13","19","2012-03-01","2012-03-07","2012-02-01"
"AA-AA-000-0000","S53537","4","Alanine aminotransferase increased","Alanine aminotransferase increased","Investigations","MILD","1","N","N","N","28","39","2012-03-16","2012-03-27","2012-02-01"
"AA-AA-000-0000","S53537","5","Anaemia","Anaemia","Blood and lymphatic system disorders","MODERATE","2","N","Y","Y","38","40","2012-03-26","2012-03-28","2012-02-01"
"AA-AA-000-0000","S53537","6","Neutropenia","Neutropenia","Blood and lymphatic system disorders","LIFE THREATENING","4","N","N","N","9","10","2012-02-26","2012-02-27","2012-02-01"
"AA-AA-000-0000","S53614","1","Rash","Rash","Skin and subcutaneous tissue disorders","MILD","1","N","Y","N","9","13","2012-02-26","2012-03-01","2012-02-01"
"AA-AA-000-0000","S53614","2","Aspartate aminotransferase increased","Aspartate aminotransferase increased","Investigations","MODERATE","2","N","Y","N","20","23","2012-03-08","2012-03-11","2012-02-01"
"AA-AA-000-0000","S53614","3","Hypokalaemia","Hypokalaemia","Metabolism and nutrition disorders","MILD","1","N","Y","Y","29","40","2012-03-17","2012-03-28","2012-02-01"
"AA-AA-000-0000","S53614","4","Constipation","Constipation","Gastrointestinal disorders","MILD","1","Y","Y","N","10","24","2012-02-27","2012-03-12","2012-02-01"
"AA-AA-000-0000","S53614","5","Rash","Rash","Skin and subcutaneous tissue disorders","MILD","1","N","Y","N","5","6","2012-02-22","2012-02-23","2012-02-01"
"AA-AA-000-0000","S53614","6","Abdominal pain","Abdominal pain","Gastrointestinal disorders","MILD","1","N","N","N","21","26","2012-03-09","2012-03-14","2012-02-01"
"AA-AA-000-0000","S53614","7","Blood bilirubin increased","Blood bilirubin increased","Investigations","MILD","1","N","Y","Y","40","40","2012-03-28","2012-03-28","2012-02-01"
"AA-AA-000-0000","S53614","8","Pruritus","Pruritus","Skin and subcutaneous tissue disorders","MILD","1","N","Y","N","2","29","2012-02-19","2012-03-17","2012-02-01"
"AA-AA-000-0000","S53614","9","Oedema peripheral","Oedema peripheral","General disorders and administration site conditions","MILD","1","N","N","N","37","39","2012-03-25","2012-03-27","2012-02-01"
"AA-AA-000-0000","S53614","10","Neutropenia","Neutropenia","Blood and lymphatic system disorders","LIFE THREATENING","4","Y","Y","N","12","21","2012-02-29","2012-03-09","2012-02-01"
"AA-AA-000-0000","S53614","11","Aspartate aminotransferase increased","Aspartate aminotransferase increased","Investigations","SEVERE","3","N","N","N","21","24","2012-03-09","2012-03-12","2012-02-01"
"AA-AA-000-0000","S53614","12","Anaemia","Anaemia","Blood and lymphatic system disorders","MILD","1","N","N","N","17","24","2012-03-05","2012-03-12","2012-02-01"
"AA-AA-000-0000","S53614","13","Blood bilirubin increased","Blood bilirubin increased","Investigations","LIFE THREATENING","4","N","Y","Y","36","40","2012-03-24","2012-03-28","2012-02-01"
"AA-AA-000-0000","S53623","1","Dizziness","Dizziness","Nervous system disorders","MILD","1","Y","Y","N","1","2","2012-03-17","2012-03-18","2012-03-01"
"AA-AA-000-0000","S53623","2","Nausea","Nausea","Gastrointestinal disorders","MODERATE","2","N","Y","Y","12","12","2012-03-28","2012-03-28","2012-03-01"
"AA-AA-000-0000","S53855","1","Abdominal pain","Abdominal pain","Gastrointestinal disorders","MODERATE","2","N","N","N","1","4","2012-02-22","2012-02-25","2012-02-01"
"AA-AA-000-0000","S53855","2","Rash","Rash","Skin and subcutaneous tissue disorders","MODERATE","2","N","Y","Y","36","36","2012-03-28","2012-03-28","2012-02-01"
"AA-AA-000-0000","S53855","3","Decreased appetite","Decreased appetite","Metabolism and nutrition disorders","MILD","1","N","N","Y","18","36","2012-03-10","2012-03-28","2012-02-01"
"AA-AA-000-0000","S53855","4","Somnolence","Somnolence","Nervous system disorders","SEVERE","3","N","Y","N","16","29","2012-03-08","2012-03-21","2012-02-01"
"AA-AA-000-0000","S5401","1","Chills","Chills","General disorders and administration site conditions","MODERATE","2","N","Y","Y","14","18","2012-03-24","2012-03-28","2012-03-01"
"AA-AA-000-0000","S54258","1","Alanine aminotransferase increased","Alanine aminotransferase increased","Investigations","MODERATE","2","N","N","Y","4","4","2012-03-28","2012-03-28","2012-03-01"
"AA-AA-000-0000","S543","1","Fatigue","Fatigue","General disorders and administration site conditions","SEVERE","3","N","Y","N","10","14","2012-03-21","2012-03-25","2012-03-01"
"AA-AA-000-0000","S54437","1","Alanine aminotransferase increased","Alanine aminotransferase increased","Investigations","MILD","1","N","N","N","26","30","2012-03-21","2012-03-25","2012-02-01"
"AA-AA-000-0000","S54437","2","Diarrhoea","Diarrhoea","Gastrointestinal disorders","MILD","1","Y","Y","N","14","21","2012-03-09","2012-03-16","2012-02-01"
"AA-AA-000-0000","S54437","3","Blood bilirubin increased","Blood bilirubin increased","Investigations","MILD","1","N","N","Y","17","33","2012-03-12","2012-03-28","2012-02-01"
"AA-AA-000-0000","S54447","1","Nausea","Nausea","Gastrointestinal disorders","MILD","1","N","N","N","22","28","2012-03-18","2012-03-24","2012-02-01"
"AA-AA-000-0000","S54677","1","Vomiting","Vomiting","Gastrointestinal disorders","MODERATE","2","N","N","Y","47","50","2012-03-25","2012-03-28","2012-02-01"
"AA-AA-000-0000","S54677","2","Constipation","Constipation","Gastrointestinal disorders","MODERATE","2","N","Y","N","33","34","2012-03-11","2012-03-12","2012-02-01"
"AA-AA-000-0000","S5524","1","Headache","Headache","Nervous system disorders","SEVERE","3","N","Y","N","23","51","2012-02-23","2012-03-22","2012-02-01"
"AA-AA-000-0000","S5524","2","Anaemia","Anaemia","Blood and lymphatic system disorders","MODERATE","2","N","Y","N","28","31","2012-02-28","2012-03-02","2012-02-01"
"AA-AA-000-0000","S5524","3","Dizziness","Dizziness","Nervous system disorders","MILD","1","N","Y","N","48","53","2012-03-19","2012-03-24","2012-02-01"
"AA-AA-000-0000","S5524","4","Cough","Cough","Respiratory, thoracic and mediastinal disorders","MILD","1","N","N","N","11","14","2012-02-11","2012-02-14","2012-02-01"
"AA-AA-000-0000","S5524","5","Alanine aminotransferase increased","Alanine aminotransferase increased","Investigations","MODERATE","2","N","Y","N","36","46","2012-03-07","2012-03-17","2012-02-01"
"AA-AA-000-0000","S5524","6","Thrombocytopenia","Thrombocytopenia","Blood and lymphatic system disorders","MILD","1","N","N","Y","41","57","2012-03-12","2012-03-28","2012-02-01"
"AA-AA-000-0000","S5524","7","Thrombocytopenia","Thrombocytopenia","Blood and lymphatic system disorders","MILD","1","N","Y","N","26","32","2012-02-26","2012-03-03","2012-02-01"
"AA-AA-000-0000","S5524","8","Thrombocytopenia","Thrombocytopenia","Blood and lymphatic system disorders","MODERATE","2","N","N","N","1","3","2012-02-01","2012-02-03","2012-02-01"
"AA-AA-000-0000","S55370","1","Abdominal pain","Abdominal pain","Gastrointestinal disorders","MILD","1","N","Y","Y","1","1","2012-03-28","2012-03-28","2012-03-01"
"AA-AA-000-0000","S55694","1","Alanine aminotransferase increased","Alanine aminotransferase increased","Investigations","MILD","1","N","N","Y","2","10","2012-03-20","2012-03-28","2012-03-01"
"AA-AA-000-0000","S55694","2","Vomiting","Vomiting","Gastrointestinal disorders","MODERATE","2","N","N","N","6","8","2012-03-24","2012-03-26","2012-03-01"
"AA-AA-000-0000","S55694","3","Headache","Headache","Nervous system disorders","LIFE THREATENING","4","Y","N","Y","8","10","2012-03-26","2012-03-28","2012-03-01"
"AA-AA-000-0000","S55694","4","Myalgia","Myalgia","Musculoskeletal and connective tissue disorders","MODERATE","2","N","N","Y","6","10","2012-03-24","2012-03-28","2012-03-01"
"AA-AA-000-0000","S55728","1","Dyspnoea","Dyspnoea","Respiratory, thoracic and mediastinal disorders","MODERATE","2","N","Y","Y","52","56","2012-03-24","2012-03-28","2012-02-01"
"AA-AA-000-0000","S55728","2","Abdominal pain","Abdominal pain","Gastrointestinal disorders","MODERATE","2","N","N","N","1","3","2012-02-02","2012-02-04","2012-02-01"
"AA-AA-000-0000","S55728","3","Vomiting","Vomiting","Gastrointestinal disorders","MILD","1","N","Y","Y","54","56","2012-03-26","2012-03-28","2012-02-01"
"AA-AA-000-0000","S55728","4","Blood bilirubin increased","Blood bilirubin increased","Investigations","MILD","1","N","Y","N","6","20","2012-02-07","2012-02-21","2012-02-01"
"AA-AA-000-0000","S55728","5","Dizziness","Dizziness","Nervous system disorders","SEVERE","3","Y","Y","N","48","53","2012-03-20","2012-03-25","2012-02-01"
"AA-AA-000-0000","S55728","6","Urticaria","Urticaria","Skin and subcutaneous tissue disorders","SEVERE","3","Y","N","N","37","39","2012-03-09","2012-03-11","2012-02-01"
"AA-AA-000-0000","S55728","7","Myalgia","Myalgia","Musculoskeletal and connective tissue disorders","LIFE THREATENING","4","Y","Y","N","43","47","2012-03-15","2012-03-19","2012-02-01"
"AA-AA-000-0000","S55728","8","Constipation","Constipation","Gastrointestinal disorders","MILD","1","N","Y","N","30","37","2012-03-02","2012-03-09","2012-02-01"
"AA-AA-000-0000","S55728","9","Hypokalaemia","Hypokalaemia","Metabolism and nutrition disorders","MILD","1","Y","N","N","2","21","2012-02-03","2012-02-22","2012-02-01"
"AA-AA-000-0000","S55728","10","Upper respiratory tract infection","Upper respiratory tract infection","Infections and infestations","MODERATE","2","N","N","N","30","39","2012-03-02","2012-03-11","2012-02-01"
"AA-AA-000-0000","S55728","11","Nausea","Nausea","Gastrointestinal disorders","MODERATE","2","N","Y","N","49","51","2012-03-21","2012-03-23","2012-02-01"
"AA-AA-000-0000","S55895","1","Rash","Rash","Skin and subcutaneous tissue disorders","MILD","1","N","Y","N","7","10","2012-03-19","2012-03-22","2012-03-01"
"AA-AA-000-0000","S55895","2","Arthralgia","Arthralgia","Musculoskeletal and connective tissue disorders","MODERATE","2","N","N","Y","13","16","2012-03-25","2012-03-28","2012-03-01"
"AA-AA-000-0000","S56091","1","Platelet count decreased","Platelet count decreased","Investigations","MODERATE","2","N","N","N","42","46","2012-02-15","2012-02-19","2012-01-01"
"AA-AA-000-0000","S56091","2","Hypokalaemia","Hypokalaemia","Metabolism and nutrition disorders","MILD","1","N","N","N","58","72","2012-03-02","2012-03-16","2012-01-01"
"AA-AA-000-0000","S56091","3","Pyrexia","Pyrexia","General disorders and administration site conditions","MILD","1","N","N","N","79","81","2012-03-23","2012-03-25","2012-01-01"
"AA-AA-000-0000","S56091","4","Urinary tract infection","Urinary tract infection","Infections and infestations","MODERATE","2","N","Y","N","5","7","2012-01-09","2012-01-11","2012-01-01"
"AA-AA-000-0000","S56091","5","Vomiting","Vomiting","Gastrointestinal disorders","MODERATE","2","N","Y","N","7","19","2012-01-11","2012-01-23","2012-01-01"
"AA-AA-000-0000","S56444","1","Platelet count decreased","Platelet count decreased","Investigations","MODERATE","2","N","N","N","14","27","2012-03-13","2012-03-26","2012-02-01"
"AA-AA-000-0000","S56444","2","Abdominal pain","Abdominal pain","Gastrointestinal disorders","MODERATE","2","N","N","Y","19","29","2012-03-18","2012-03-28","2012-02-01"
"AA-AA-000-0000","S56444","3","Abdominal pain","Abdominal pain","Gastrointestinal disorders","MILD","1","N","Y","Y","24","29","2012-03-23","2012-03-28","2012-02-01"
"AA-AA-000-0000","S56565","1","Anaemia","Anaemia","Blood and lymphatic system disorders","LIFE THREATENING","4","Y","Y","N","52","53","2012-03-02","2012-03-03","2012-01-01"
"AA-AA-000-0000","S56565","2","Upper respiratory tract infection","Upper respiratory tract infection","Infections and infestations","LIFE THREATENING","4","N","Y","N","61","68","2012-03-11","2012-03-18","2012-01-01"
"AA-AA-000-0000","S56565","3","Dizziness","Dizziness","Nervous system disorders","SEVERE","3","N","Y","N","53","71","2012-03-03","2012-03-21","2012-01-01"
"AA-AA-000-0000","S56565","4","Thrombocytopenia","Thrombocytopenia","Blood and lymphatic system disorders","SEVERE","3","N","N","Y","76","78","2012-03-26","2012-03-28","2012-01-01"
"AA-AA-000-0000","S56565","5","Thrombocytopenia","Thrombocytopenia","Blood and lymphatic system disorders","LIFE THREATENING","4","Y","Y","N","18","21","2012-01-28","2012-01-31","2012-01-01"
"AA-AA-000-0000","S56565","6","Blood bilirubin increased","Blood bilirubin increased","Investigations","SEVERE","3","Y","Y","N","46","55","2012-02-25","2012-03-05","2012-01-01"
"AA-AA-000-0000","S56565","7","Neutropenia","Neutropenia","Blood and lymphatic system disorders","MILD","1","N","Y","Y","72","78","2012-03-22","2012-03-28","2012-01-01"
"AA-AA-000-0000","S56565","8","Neutropenia","Neutropenia","Blood and lymphatic system disorders","SEVERE","3","N","Y","N","1","5","2012-01-11","2012-01-15","2012-01-01"
"AA-AA-000-0000","S56565","9","Anaemia","Anaemia","Blood and lymphatic system disorders","MILD","1","N","N","N","59","69","2012-03-09","2012-03-19","2012-01-01"
"AA-AA-000-0000","S56565","10","Platelet count decreased","Platelet count decreased","Investigations","MILD","1","N","Y","N","18","19","2012-01-28","2012-01-29","2012-01-01"
"AA-AA-000-0000","S56570","1","Back pain","Back pain","Musculoskeletal and connective tissue disorders","MILD","1","N","Y","N","4","8","2012-02-05","2012-02-09","2012-02-01"
"AA-AA-000-0000","S56570","2","Constipation","Constipation","Gastrointestinal disorders","MILD","1","N","Y","Y","46","56","2012-03-18","2012-03-28","2012-02-01"
"AA-AA-000-0000","S56570","3","Upper respiratory tract infection","Upper respiratory tract infection","Infections and infestations","MODERATE","2","N","Y","N","18","50","2012-02-19","2012-03-22","2012-02-01"
"AA-AA-000-0000","S56570","4","Constipation","Constipation","Gastrointestinal disorders","MILD","1","N","Y","N","3","4","2012-02-04","2012-02-05","2012-02-01"
"AA-AA-000-0000","S56570","5","Constipation","Constipation","Gastrointestinal disorders","MODERATE","2","N","N","Y","50","56","2012-03-22","2012-03-28","2012-02-01"
"AA-AA-000-0000","S56570","6","Blood bilirubin increased","Blood bilirubin increased","Investigations","MILD","1","N","N","N","38","46","2012-03-10","2012-03-18","2012-02-01"
"AA-AA-000-0000","S56570","7","Abdominal pain","Abdominal pain","Gastrointestinal disorders","MODERATE","2","N","Y","N","17","20","2012-02-18","2012-02-21","2012-02-01"
"AA-AA-000-0000","S56618","1","Anaemia","Anaemia","Blood and lymphatic system disorders","SEVERE","3","N","Y","N","41","46","2012-02-15","2012-02-20","2012-01-01"
"AA-AA-000-0000","S56618","2","Urticaria","Urticaria","Skin and subcutaneous tissue disorders","MODERATE","2","N","Y","N","57","63","2012-03-02","2012-03-08","2012-01-01"
"AA-AA-000-0000","S56618","3","Abdominal pain","Abdominal pain","Gastrointestinal disorders","LIFE THREATENING","4","Y","Y","N","14","22","2012-01-19","2012-01-27","2012-01-01"
"AA-AA-000-0000","S56618","4","Vomiting","Vomiting","Gastrointestinal disorders","MILD","1","N","Y","N","2","16","2012-01-07","2012-01-21","2012-01-01"
"AA-AA-000-0000","S56618","5","Cough","Cough","Respiratory, thoracic and mediastinal disorders","MODERATE","2","N","Y","Y","76","83","2012-03-21","2012-03-28","2012-01-01"
"AA-AA-000-0000","S56618","6","Myalgia","Myalgia","Musculoskeletal and connective tissue disorders","LIFE THREATENING","4","Y","Y","N","67","76","2012-03-12","2012-03-21","2012-01-01"
"AA-AA-000-0000","S56618","7","Paraesthesia","Paraesthesia","Nervous system disorders","MODERATE","2","N","N","N","70","74","2012-03-15","2012-03-19","2012-01-01"
"AA-AA-000-0000","S56618","8","Urinary tract infection","Urinary tract infection","Infections and infestations","MODERATE","2","N","Y","N","68","82","2012-03-13","2012-03-27","2012-01-01"
"AA-AA-000-0000","S56618","9","Dizziness","Dizziness","Nervous system disorders","MODERATE","2","N","N","N","59","64","2012-03-04","2012-03-09","2012-01-01"
"AA-AA-000-0000","S56618","10","Abdominal pain","Abdominal pain","Gastrointestinal disorders","MODERATE","2","Y","N","N","4","21","2012-01-09","2012-01-26","2012-01-01"
"AA-AA-000-0000","S56618","11","Urinary tract infection","Urinary tract infection","Infections and infestations","MODERATE","2","N","Y","N","72","80","2012-03-17","2012-03-25","2012-01-01"
"AA-AA-000-0000","S56618","12","Urinary tract infection","Urinary tract infection","Infections and infestations","LIFE THREATENING","4","Y","N","N","55","59","2012-02-29","2012-03-04","2012-01-01"
"AA-AA-000-0000","S56618","13","Constipation","Constipation","Gastrointestinal disorders","MILD","1","N","Y","N","8","21","2012-01-13","2012-01-26","2012-01-01"
"AA-AA-000-0000","S56618","14","Dizziness","Dizziness","Nervous system disorders","MILD","1","N","Y","N","50","61","2012-02-24","2012-03-06","2012-01-01"
"AA-AA-000-0000","S56659","1","Dyspnoea","Dyspnoea","Respiratory, thoracic and mediastinal disorders","SEVERE","3","Y","Y","N","1","2","2012-01-29","2012-01-30","2012-01-01"
"AA-AA-000-0000","S56659","2","Vomiting","Vomiting","Gastrointestinal disorders","MODERATE","2","N","Y","N","2","9","2012-01-30","2012-02-06","2012-01-01"
"AA-AA-000-0000","S56659","3","Constipation","Constipation","Gastrointestinal disorders","SEVERE","3","N","N","N","51","52","2012-03-19","2012-03-20","2012-01-01"
"AA-AA-000-0000","S56659","4","Oedema peripheral","Oedema peripheral","General disorders and administration site conditions","SEVERE","3","N","Y","N","46","52","2012-03-14","2012-03-20","2012-01-01"
"AA-AA-000-0000","S56659","5","Abdominal pain","Abdominal pain","Gastrointestinal disorders","SEVERE","3","N","N","N","26","28","2012-02-23","2012-02-25","2012-01-01"
"AA-AA-000-0000","S56847","1","Myalgia","Myalgia","Musculoskeletal and connective tissue disorders","LIFE THREATENING","4","Y","Y","N","6","17","2012-01-17","2012-01-28","2012-01-01"
"AA-AA-000-0000","S56847","2","Abdominal pain","Abdominal pain","Gastrointestinal disorders","MODERATE","2","N","Y","N","2","3","2012-01-13","2012-01-14","2012-01-01"
"AA-AA-000-0000","S56847","3","Paraesthesia","Paraesthesia","Nervous system disorders","MILD","1","N","Y","N","12","14","2012-01-23","2012-01-25","2012-01-01"
"AA-AA-000-0000","S56847","4","Rash","Rash","Skin and subcutaneous tissue disorders","LIFE THREATENING","4","Y","N","N","10","23","2012-01-21","2012-02-03","2012-01-01"
"AA-AA-000-0000","S56847","5","Cough","Cough","Respiratory, thoracic and mediastinal disorders","MILD","1","N","Y","Y","70","77","2012-03-21","2012-03-28","2012-01-01"
"AA-AA-000-0000","S56847","6","Cough","Cough","Respiratory, thoracic and mediastinal disorders","MILD","1","N","N","N","57","58","2012-03-08","2012-03-09","2012-01-01"
"AA-AA-000-0000","S56847","7","Blood bilirubin increased","Blood bilirubin increased","Investigations","MILD","1","N","N","Y","69","77","2012-03-20","2012-03-28","2012-01-01"
"AA-AA-000-0000","S56847","8","Upper respiratory tract infection","Upper respiratory tract infection","Infections and infestations","LIFE THREATENING","4","N","Y","N","68","75","2012-03-19","2012-03-26","2012-01-01"
"AA-AA-000-0000","S56847","9","Nausea","Nausea","Gastrointestinal disorders","MODERATE","2","N","N","N","12","16","2012-01-23","2012-01-27","2012-01-01"
"AA-AA-000-0000","S56847","10","Vomiting","Vomiting","Gastrointestinal disorders","MODERATE","2","N","N","N","27","30","2012-02-07","2012-02-10","2012-01-01"
"AA-AA-000-0000","S56847","11","Constipation","Constipation","Gastrointestinal disorders","MODERATE","2","N","Y","N","2","12","2012-01-13","2012-01-23","2012-01-01"
"AA-AA-000-0000","S56847","12","Neutropenia","Neutropenia","Blood and lymphatic system disorders","MODERATE","2","N","N","Y","64","77","2012-03-15","2012-03-28","2012-01-01"
"AA-AA-000-0000","S56853","1","Fatigue","Fatigue","General disorders and administration site conditions","MILD","1","N","N","N","17","20","2012-02-27","2012-03-01","2012-02-01"
"AA-AA-000-0000","S56853","2","Abdominal pain","Abdominal pain","Gastrointestinal disorders","LIFE THREATENING","4","Y","Y","N","22","35","2012-03-03","2012-03-16","2012-02-01"
"AA-AA-000-0000","S56853","3","Constipation","Constipation","Gastrointestinal disorders","MODERATE","2","N","Y","N","37","40","2012-03-18","2012-03-21","2012-02-01"
"AA-AA-000-0000","S5702","1","Constipation","Constipation","Gastrointestinal disorders","MILD","1","N","N","N","7","14","2012-02-24","2012-03-02","2012-02-01"
"AA-AA-000-0000","S5702","2","Platelet count decreased","Platelet count decreased","Investigations","MILD","1","N","N","N","23","33","2012-03-11","2012-03-21","2012-02-01"
"AA-AA-000-0000","S5702","3","Nausea","Nausea","Gastrointestinal disorders","MILD","1","N","Y","Y","38","40","2012-03-26","2012-03-28","2012-02-01"
"AA-AA-000-0000","S5702","4","Myalgia","Myalgia","Musculoskeletal and connective tissue disorders","MILD","1","N","Y","N","25","30","2012-03-13","2012-03-18","2012-02-01"
"AA-AA-000-0000","S5702","5","Oedema peripheral","Oedema peripheral","General disorders and administration site conditions","LIFE THREATENING","4","N","Y","N","11","35","2012-02-28","2012-03-23","2012-02-01"
"AA-AA-000-0000","S5702","6","Blood bilirubin increased","Blood bilirubin increased","Investigations","MODERATE","2","N","N","Y","36","40","2012-03-24","2012-03-28","2012-02-01"
"AA-AA-000-0000","S57211","1","Aspartate aminotransferase increased","Aspartate aminotransferase increased","Investigations","MILD","1","N","Y","Y","43","43","2012-03-28","2012-03-28","2012-02-01"
"AA-AA-000-0000","S57281","1","Headache","Headache","Nervous system disorders","MILD","1","N","N","N","1","8","2012-02-15","2012-02-22","2012-02-01"
"AA-AA-000-0000","S57469","1","Back pain","Back pain","Musculoskeletal and connective tissue disorders","SEVERE","3","Y","N","Y","26","26","2012-03-28","2012-03-28","2012-03-01"
"AA-AA-000-0000","S57469","2","Nasopharyngitis","Nasopharyngitis","Infections and infestations","MILD","1","N","Y","Y","8","26","2012-03-10","2012-03-28","2012-03-01"
"AA-AA-000-0000","S57469","3","Vomiting","Vomiting","Gastrointestinal disorders","SEVERE","3","N","Y","Y","26","26","2012-03-28","2012-03-28","2012-03-01"
"AA-AA-000-0000","S57469","4","Urticaria","Urticaria","Skin and subcutaneous tissue disorders","SEVERE","3","Y","N","N","3","12","2012-03-05","2012-03-14","2012-03-01"
"AA-AA-000-0000","S57469","5","Neutropenia","Neutropenia","Blood and lymphatic system disorders","SEVERE","3","Y","Y","N","18","24","2012-03-20","2012-03-26","2012-03-01"
"AA-AA-000-0000","S57469","6","Anaemia","Anaemia","Blood and lymphatic system disorders","MILD","1","N","N","N","2","3","2012-03-04","2012-03-05","2012-03-01"
"AA-AA-000-0000","S57500","1","Anaemia","Anaemia","Blood and lymphatic system disorders","SEVERE","3","Y","Y","Y","14","19","2012-03-23","2012-03-28","2012-03-01"
"AA-AA-000-0000","S57670","1","Hypokalaemia","Hypokalaemia","Metabolism and nutrition disorders","MILD","1","N","Y","N","6","10","2012-03-08","2012-03-12","2012-03-01"
"AA-AA-000-0000","S57670","2","Dizziness","Dizziness","Nervous system disorders","SEVERE","3","Y","N","Y","13","26","2012-03-15","2012-03-28","2012-03-01"
"AA-AA-000-0000","S57691","1","Fatigue","Fatigue","General disorders and administration site conditions","SEVERE","3","Y","Y","N","39","43","2012-03-13","2012-03-17","2012-02-01"
"AA-AA-000-0000","S57691","2","Nausea","Nausea","Gastrointestinal disorders","MODERATE","2","N","Y","N","28","30","2012-03-02","2012-03-04","2012-02-01"
"AA-AA-000-0000","S57691","3","Platelet count decreased","Platelet count decreased","Investigations","MILD","1","N","N","N","5","19","2012-02-08","2012-02-22","2012-02-01"
"AA-AA-000-0000","S57691","4","Diarrhoea","Diarrhoea","Gastrointestinal disorders","MILD","1","N","Y","Y","40","54","2012-03-14","2012-03-28","2012-02-01"
"AA-AA-000-0000","S57691","5","Aspartate aminotransferase increased","Aspartate aminotransferase increased","Investigations","MODERATE","2","N","Y","N","8","20","2012-02-11","2012-02-23","2012-02-01"
"AA-AA-000-0000","S57691","6","Dyspnoea","Dyspnoea","Respiratory, thoracic and mediastinal disorders","MILD","1","N","N","N","14","24","2012-02-17","2012-02-27","2012-02-01"
"AA-AA-000-0000","S57720","1","Neutropenia","Neutropenia","Blood and lymphatic system disorders","MILD","1","N","Y","Y","1","5","2012-03-24","2012-03-28","2012-03-01"
"AA-AA-000-0000","S57720","2","Upper respiratory tract infection","Upper respiratory tract infection","Infections and infestations","MODERATE","2","N","N","N","1","4","2012-03-24","2012-03-27","2012-03-01"
"AA-AA-000-0000","S57720","3","Fatigue","Fatigue","General disorders and administration site conditions","SEVERE","3","Y","Y","Y","5","5","2012-03-28","2012-03-28","2012-03-01"
"AA-AA-000-0000","S57720","4","Neutropenia","Neutropenia","Blood and lymphatic system disorders","MODERATE","2","N","Y","Y","4","5","2012-03-27","2012-03-28","2012-03-01"
"AA-AA-000-0000","S58159","1","Back pain","Back pain","Musculoskeletal and connective tissue disorders","MILD","1","N","Y","Y","8","12","2012-03-24","2012-03-28","2012-03-01"
"AA-AA-000-0000","S58159","2","Constipation","Constipation","Gastrointestinal disorders","MILD","1","N","Y","Y","5","12","2012-03-21","2012-03-28","2012-03-01"
"AA-AA-000-0000","S58159","3","Arthralgia","Arthralgia","Musculoskeletal and connective tissue disorders","SEVERE","3","N","Y","Y","3","12","2012-03-19","2012-03-28","2012-03-01"
"AA-AA-000-0000","S58159","4","Rash","Rash","Skin and subcutaneous tissue disorders","SEVERE","3","N","Y","N","3","8","2012-03-19","2012-03-24","2012-03-01"
"AA-AA-000-0000","S58285","1","Pruritus","Pruritus","Skin and subcutaneous tissue disorders","MILD","1","N","Y","N","12","13","2012-03-12","2012-03-13","2012-03-01"
"AA-AA-000-0000","S58315","1","Vomiting","Vomiting","Gastrointestinal disorders","MODERATE","2","N","N","N","36","41","2012-03-04","2012-03-09","2012-01-01"
"AA-AA-000-0000","S58315","2","Blood bilirubin increased","Blood bilirubin increased","Investigations","MODERATE","2","N","Y","N","22","23","2012-02-19","2012-02-20","2012-01-01"
"AA-AA-000-0000","S58315","3","Pruritus","Pruritus","Skin and subcutaneous tissue disorders","MODERATE","2","N","Y","N","16","17","2012-02-13","2012-02-14","2012-01-01"
"AA-AA-000-0000","S58315","4","Back pain","Back pain","Musculoskeletal and connective tissue disorders","SEVERE","3","N","N","N","37","43","2012-03-05","2012-03-11","2012-01-01"
"AA-AA-000-0000","S58347","1","Constipation","Constipation","Gastrointestinal disorders","MILD","1","N","Y","Y","29","37","2012-03-20","2012-03-28","2012-02-01"
"AA-AA-000-0000","S58347","2","Abdominal pain","Abdominal pain","Gastrointestinal disorders","MILD","1","N","Y","N","1","2","2012-02-21","2012-02-22","2012-02-01"
"AA-AA-000-0000","S58347","3","Abdominal pain","Abdominal pain","Gastrointestinal disorders","MODERATE","2","N","Y","N","18","21","2012-03-09","2012-03-12","2012-02-01"
"AA-AA-000-0000","S58347","4","Hypokalaemia","Hypokalaemia","Metabolism and nutrition disorders","MODERATE","2","N","Y","Y","36","37","2012-03-27","2012-03-28","2012-02-01"
"AA-AA-000-0000","S58347","5","Cough","Cough","Respiratory, thoracic and mediastinal disorders","MODERATE","2","Y","Y","N","30","31","2012-03-21","2012-03-22","2012-02-01"
"AA-AA-000-0000","S58498","1","Blood bilirubin increased","Blood bilirubin increased","Investigations","MILD","1","N","N","N","33","38","2012-02-15","2012-02-20","2012-01-01"
"AA-AA-000-0000","S58498","2","Neutropenia","Neutropenia","Blood and lymphatic system disorders","MILD","1","N","N","N","47","50","2012-02-29","2012-03-03","2012-01-01"
"AA-AA-000-0000","S58498","3","Blood bilirubin increased","Blood bilirubin increased","Investigations","MILD","1","N","N","N","53","56","2012-03-06","2012-03-09","2012-01-01"
"AA-AA-000-0000","S58498","4","Dyspnoea","Dyspnoea","Respiratory, thoracic and mediastinal disorders","MILD","1","N","Y","N","51","58","2012-03-04","2012-03-11","2012-01-01"
"AA-AA-000-0000","S58498","5","Diarrhoea","Diarrhoea","Gastrointestinal disorders","SEVERE","3","N","N","N","34","36","2012-02-16","2012-02-18","2012-01-01"
"AA-AA-000-0000","S58498","6","Blood bilirubin increased","Blood bilirubin increased","Investigations","MILD","1","N","Y","N","3","7","2012-01-16","2012-01-20","2012-01-01"
"AA-AA-000-0000","S58498","7","Rash","Rash","Skin and subcutaneous tissue disorders","MILD","1","N","N","N","24","30","2012-02-06","2012-02-12","2012-01-01"
"AA-AA-000-0000","S58498","8","Platelet count decreased","Platelet count decreased","Investigations","MILD","1","N","Y","N","8","21","2012-01-21","2012-02-03","2012-01-01"
"AA-AA-000-0000","S58498","9","Dizziness","Dizziness","Nervous system disorders","MODERATE","2","N","N","N","12","23","2012-01-25","2012-02-05","2012-01-01"
"AA-AA-000-0000","S58783","1","Rash","Rash","Skin and subcutaneous tissue disorders","MODERATE","2","N","N","N","2","3","2012-03-14","2012-03-15","2012-03-01"
"AA-AA-000-0000","S58783","2","Aspartate aminotransferase increased","Aspartate aminotransferase increased","Investigations","SEVERE","3","Y","N","Y","9","16","2012-03-21","2012-03-28","2012-03-01"
"AA-AA-000-0000","S58783","3","Nausea","Nausea","Gastrointestinal disorders","MILD","1","N","N","N","1","5","2012-03-13","2012-03-17","2012-03-01"
"AA-AA-000-0000","S59284","1","Oedema peripheral","Oedema peripheral","General disorders and administration site conditions","LIFE THREATENING","4","Y","Y","N","2","14","2012-01-05","2012-01-17","2012-01-01"
"AA-AA-000-0000","S59284","2","Blood bilirubin increased","Blood bilirubin increased","Investigations","MILD","1","N","Y","N","27","39","2012-01-30","2012-02-11","2012-01-01"
"AA-AA-000-0000","S59284","3","Diarrhoea","Diarrhoea","Gastrointestinal disorders","MILD","1","N","N","Y","77","85","2012-03-20","2012-03-28","2012-01-01"
"AA-AA-000-0000","S59284","4","Dyspnoea","Dyspnoea","Respiratory, thoracic and mediastinal disorders","SEVERE","3","Y","Y","Y","66","85","2012-03-09","2012-03-28","2012-01-01"
"AA-AA-000-0000","S59642","1","Diarrhoea","Diarrhoea","Gastrointestinal disorders","MODERATE","2","Y","Y","N","32","38","2012-03-13","2012-03-19","2012-02-01"
"AA-AA-000-0000","S59642","2","Aspartate aminotransferase increased","Aspartate aminotransferase increased","Investigations","LIFE THREATENING","4","N","Y","N","41","46","2012-03-22","2012-03-27","2012-02-01"
"AA-AA-000-0000","S59642","3","Dizziness","Dizziness","Nervous system disorders","MODERATE","2","N","Y","N","6","8","2012-02-16","2012-02-18","2012-02-01"
"AA-AA-000-0000","S59642","4","Platelet count decreased","Platelet count decreased","Investigations","MILD","1","N","N","N","42","45","2012-03-23","2012-03-26","2012-02-01"
"AA-AA-000-0000","S59642","5","Diarrhoea","Diarrhoea","Gastrointestinal disorders","MILD","1","N","Y","N","3","8","2012-02-13","2012-02-18","2012-02-01"
"AA-AA-000-0000","S59642","6","Diarrhoea","Diarrhoea","Gastrointestinal disorders","MODERATE","2","N","N","N","19","22","2012-02-29","2012-03-03","2012-02-01"
"AA-AA-000-0000","S59662","1","Constipation","Constipation","Gastrointestinal disorders","MILD","1","N","Y","Y","2","3","2012-03-27","2012-03-28","2012-03-01"
"AA-AA-000-0000","S59806","1","Urticaria","Urticaria","Skin and subcutaneous tissue disorders","MODERATE","2","N","Y","N","5","8","2012-02-10","2012-02-13","2012-02-01"
"AA-AA-000-0000","S59912","1","Anaemia","Anaemia","Blood and lymphatic system disorders","MODERATE","2","N","Y","N","21","26","2012-01-26","2012-01-31","2012-01-01"
"AA-AA-000-0000","S59912","2","Constipation","Constipation","Gastrointestinal disorders","MILD","1","N","Y","N","15","19","2012-01-20","2012-01-24","2012-01-01"
"AA-AA-000-0000","S59912","3","Paraesthesia","Paraesthesia","Nervous system disorders","MODERATE","2","Y","N","N","39","50","2012-02-13","2012-02-24","2012-01-01"
"AA-AA-000-0000","S59912","4","Abdominal pain","Abdominal pain","Gastrointestinal disorders","MILD","1","N","N","N","33","35","2012-02-07","2012-02-09","2012-01-01"
"AA-AA-000-0000","S59912","5","Vomiting","Vomiting","Gastrointestinal disorders","MODERATE","2","N","Y","N","17","20","2012-01-22","2012-01-25","2012-01-01"
"AA-AA-000-0000","S59912","6","Oedema peripheral","Oedema peripheral","General disorders and administration site conditions","MILD","1","N","Y","N","45","46","2012-02-19","2012-02-20","2012-01-01"
"AA-AA-000-0000","S59912","7","Rash","Rash","Skin and subcutaneous tissue disorders","MILD","1","N","Y","N","27","35","2012-02-01","2012-02-09","2012-01-01"
"AA-AA-000-0000","S59912","8","Platelet count decreased","Platelet count decreased","Investigations","MILD","1","N","N","N","52","56","2012-02-26","2012-03-01","2012-01-01"
"AA-AA-000-0000","S59912","9","Abdominal pain","Abdominal pain","Gastrointestinal disorders","MODERATE","2","N","N","N","20","25","2012-01-25","2012-01-30","2012-01-01"
"AA-AA-000-0000","S59956","1","Back pain","Back pain","Musculoskeletal and connective tissue disorders","MODERATE","2","N","Y","Y","55","57","2012-03-26","2012-03-28","2012-02-01"
"AA-AA-000-0000","S59956","2","Aspartate aminotransferase increased","Aspartate aminotransferase increased","Investigations","SEVERE","3","Y","N","N","44","48","2012-03-15","2012-03-19","2012-02-01"
"AA-AA-000-0000","S59956","3","Hypokalaemia","Hypokalaemia","Metabolism and nutrition disorders","MILD","1","N","N","N","26","32","2012-02-26","2012-03-03","2012-02-01"
"AA-AA-000-0000","S59956","4","Constipation","Constipation","Gastrointestinal disorders","MODERATE","2","N","N","N","51","55","2012-03-22","2012-03-26","2012-02-01"
"AA-AA-000-0000","S60089","1","Urticaria","Urticaria","Skin and subcutaneous tissue disorders","MODERATE","2","N","Y","N","11","24","2012-03-14","2012-03-27","2012-03-01"
"AA-AA-000-0000","S60089","2","Thrombocytopenia","Thrombocytopenia","Blood and lymphatic system disorders","MODERATE","2","N","N","N","4","5","2012-03-07","2012-03-08","2012-03-01"
"AA-AA-000-0000","S60089","3","Cough","Cough","Respiratory, thoracic and mediastinal disorders","MILD","1","N","N","N","8","20","2012-03-11","2012-03-23","2012-03-01"
"AA-AA-000-0000","S60089","4","Pyrexia","Pyrexia","General disorders and administration site conditions","MILD","1","N","N","N","1","18","2012-03-04","2012-03-21","2012-03-01"
"AA-AA-000-0000","S60089","5","Constipation","Constipation","Gastrointestinal disorders","MILD","1","N","N","N","10","11","2012-03-13","2012-03-14","2012-03-01"
"AA-AA-000-0000","S60089","6","Decreased appetite","Decreased appetite","Metabolism and nutrition disorders","LIFE THREATENING","4","N","N","N","2","13","2012-03-05","2012-03-16","2012-03-01"
"AA-AA-000-0000","S60089","7","Constipation","Constipation","Gastrointestinal disorders","MILD","1","N","Y","Y","16","25","2012-03-19","2012-03-28","2012-03-01"
"AA-AA-000-0000","S60089","8","Thrombocytopenia","Thrombocytopenia","Blood and lymphatic system disorders","MODERATE","2","N","Y","N","10","14","2012-03-13","2012-03-17","2012-03-01"
"AA-AA-000-0000","S60089","9","Platelet count decreased","Platelet count decreased","Investigations","MILD","1","N","Y","N","17","21","2012-03-20","2012-03-24","2012-03-01"
"AA-AA-000-0000","S60089","10","Aspartate aminotransferase increased","Aspartate aminotransferase increased","Investigations","SEVERE","3","N","N","N","8","22","2012-03-11","2012-03-25","2012-03-01"
"AA-AA-000-0000","S60089","11","Oedema peripheral","Oedema peripheral","General disorders and administration site conditions","MILD","1","N","N","N","13","24","2012-03-16","2012-03-27","2012-03-01"
"AA-AA-000-0000","S60089","12","Thrombocytopenia","Thrombocytopenia","Blood and lymphatic system disorders","MILD","1","N","Y","Y","21","25","2012-03-24","2012-03-28","2012-03-01"
"AA-AA-000-0000","S60089","13","Blood bilirubin increased","Blood bilirubin increased","Investigations","LIFE THREATENING","4","N","N","Y","24","25","2012-03-27","2012-03-28","2012-03-01"
"AA-AA-000-0000","S60126","1","Thrombocytopenia","Thrombocytopenia","Blood and lymphatic system disorders","MODERATE","2","N","N","Y","71","79","2012-03-20","2012-03-28","2012-01-01"
"AA-AA-000-0000","S60126","2","Anaemia","Anaemia","Blood and lymphatic system disorders","MILD","1","N","Y","N","62","76","2012-03-11","2012-03-25","2012-01-01"
"AA-AA-000-0000","S60126","3","Neutropenia","Neutropenia","Blood and lymphatic system disorders","MODERATE","2","Y","Y","N","28","41","2012-02-06","2012-02-19","2012-01-01"
"AA-AA-000-0000","S60126","4","Thrombocytopenia","Thrombocytopenia","Blood and lymphatic system disorders","LIFE THREATENING","4","Y","N","N","26","52","2012-02-04","2012-03-01","2012-01-01"
"AA-AA-000-0000","S60126","5","Blood bilirubin increased","Blood bilirubin increased","Investigations","MILD","1","N","Y","N","7","9","2012-01-16","2012-01-18","2012-01-01"
"AA-AA-000-0000","S60126","6","Hypokalaemia","Hypokalaemia","Metabolism and nutrition disorders","SEVERE","3","Y","Y","N","32","36","2012-02-10","2012-02-14","2012-01-01"
"AA-AA-000-0000","S6022","1","Platelet count decreased","Platelet count decreased","Investigations","SEVERE","3","N","N","N","24","31","2012-02-18","2012-02-25","2012-01-01"
"AA-AA-000-0000","S6022","2","Dizziness","Dizziness","Nervous system disorders","MILD","1","N","N","N","18","19","2012-02-12","2012-02-13","2012-01-01"
"AA-AA-000-0000","S6022","3","Oedema peripheral","Oedema peripheral","General disorders and administration site conditions","MODERATE","2","N","Y","N","30","32","2012-02-24","2012-02-26","2012-01-01"
"AA-AA-000-0000","S6022","4","Oedema peripheral","Oedema peripheral","General disorders and administration site conditions","MILD","1","N","N","N","19","21","2012-02-13","2012-02-15","2012-01-01"
"AA-AA-000-0000","S6022","5","Rash","Rash","Skin and subcutaneous tissue disorders","MILD","1","N","Y","Y","62","63","2012-03-27","2012-03-28","2012-01-01"
"AA-AA-000-0000","S6022","6","Arthralgia","Arthralgia","Musculoskeletal and connective tissue disorders","MILD","1","N","N","N","28","32","2012-02-22","2012-02-26","2012-01-01"
"AA-AA-000-0000","S6022","7","Nausea","Nausea","Gastrointestinal disorders","MILD","1","N","Y","N","45","55","2012-03-10","2012-03-20","2012-01-01"
"AA-AA-000-0000","S6022","8","Oedema peripheral","Oedema peripheral","General disorders and administration site conditions","MODERATE","2","N","Y","N","56","58","2012-03-21","2012-03-23","2012-01-01"
"AA-AA-000-0000","S6022","9","Constipation","Constipation","Gastrointestinal disorders","MILD","1","N","N","N","38","58","2012-03-03","2012-03-23","2012-01-01"
"AA-AA-000-0000","S6032","1","Fatigue","Fatigue","General disorders and administration site conditions","MILD","1","N","Y","Y","48","52","2012-03-24","2012-03-28","2012-02-01"
"AA-AA-000-0000","S6032","2","Cough","Cough","Respiratory, thoracic and mediastinal disorders","MILD","1","N","Y","N","6","7","2012-02-11","2012-02-12","2012-02-01"
"AA-AA-000-0000","S6032","3","Fatigue","Fatigue","General disorders and administration site conditions","SEVERE","3","Y","Y","Y","42","52","2012-03-18","2012-03-28","2012-02-01"
"AA-AA-000-0000","S6032","4","Abdominal pain","Abdominal pain","Gastrointestinal disorders","MILD","1","N","N","N","10","26","2012-02-15","2012-03-02","2012-02-01"
"AA-AA-000-0000","S6032","5","Decreased appetite","Decreased appetite","Metabolism and nutrition disorders","LIFE THREATENING","4","N","N","N","41","46","2012-03-17","2012-03-22","2012-02-01"
"AA-AA-000-0000","S6032","6","Dizziness","Dizziness","Nervous system disorders","SEVERE","3","Y","N","N","22","26","2012-02-27","2012-03-02","2012-02-01"
"AA-AA-000-0000","S6032","7","Urticaria","Urticaria","Skin and subcutaneous tissue disorders","MILD","1","N","Y","Y","49","52","2012-03-25","2012-03-28","2012-02-01"
"AA-AA-000-0000","S6032","8","Thrombocytopenia","Thrombocytopenia","Blood and lymphatic system disorders","MILD","1","N","Y","N","41","47","2012-03-17","2012-03-23","2012-02-01"
"AA-AA-000-0000","S6032","9","Blood bilirubin increased","Blood bilirubin increased","Investigations","SEVERE","3","N","N","N","3","9","2012-02-08","2012-02-14","2012-02-01"
"AA-AA-000-0000","S6032","10","Fatigue","Fatigue","General disorders and administration site conditions","MILD","1","N","N","N","14","26","2012-02-19","2012-03-02","2012-02-01"
"AA-AA-000-0000","S60601","1","Fatigue","Fatigue","General disorders and administration site conditions","MODERATE","2","N","Y","N","17","27","2012-03-17","2012-03-27","2012-03-01"
"AA-AA-000-0000","S60601","2","Neutropenia","Neutropenia","Blood and lymphatic system disorders","SEVERE","3","N","Y","Y","25","28","2012-03-25","2012-03-28","2012-03-01"
"AA-AA-000-0000","S60833","1","Vomiting","Vomiting","Gastrointestinal disorders","MODERATE","2","N","N","Y","10","10","2012-03-28","2012-03-28","2012-03-01"
"AA-AA-000-0000","S6096","1","Paraesthesia","Paraesthesia","Nervous system disorders","MILD","1","N","Y","N","2","6","2012-02-16","2012-02-20","2012-02-01"
"AA-AA-000-0000","S6096","2","Nausea","Nausea","Gastrointestinal disorders","MILD","1","N","Y","N","7","10","2012-02-21","2012-02-24","2012-02-01"
"AA-AA-000-0000","S6096","3","Alanine aminotransferase increased","Alanine aminotransferase increased","Investigations","MODERATE","2","N","N","N","25","39","2012-03-10","2012-03-24","2012-02-01"
"AA-AA-000-0000","S6096","4","Constipation","Constipation","Gastrointestinal disorders","MODERATE","2","N","N","N","17","20","2012-03-02","2012-03-05","2012-02-01"
"AA-AA-000-0000","S61099","1","Hypokalaemia","Hypokalaemia","Metabolism and nutrition disorders","MILD","1","N","N","Y","78","78","2012-03-28","2012-03-28","2012-01-01"
"AA-AA-000-0000","S61099","2","Nausea","Nausea","Gastrointestinal disorders","SEVERE","3","Y","N","N","8","14","2012-01-18","2012-01-24","2012-01-01"
"AA-AA-000-0000","S61154","1","Alanine aminotransferase increased","Alanine aminotransferase increased","Investigations","SEVERE","3","N","N","N","14","20","2012-03-09","2012-03-15","2012-02-01"
"AA-AA-000-0000","S61154","2","Vomiting","Vomiting","Gastrointestinal disorders","MODERATE","2","N","N","N","1","5","2012-02-25","2012-02-29","2012-02-01"
"AA-AA-000-0000","S61154","3","Blood bilirubin increased","Blood bilirubin increased","Investigations","SEVERE","3","N","N","N","7","17","2012-03-02","2012-03-12","2012-02-01"
"AA-AA-000-0000","S61154","4","Neutropenia","Neutropenia","Blood and lymphatic system disorders","SEVERE","3","Y","Y","N","8","9","2012-03-03","2012-03-04","2012-02-01"
"AA-AA-000-0000","S61154","5","Constipation","Constipation","Gastrointestinal disorders","MODERATE","2","N","Y","N","12","16","2012-03-07","2012-03-11","2012-02-01"
"AA-AA-000-0000","S61175","1","Thrombocytopenia","Thrombocytopenia","Blood and lymphatic system disorders","MILD","1","N","Y","Y","13","20","2012-03-21","2012-03-28","2012-03-01"
"AA-AA-000-0000","S61175","2","Dizziness","Dizziness","Nervous system disorders","MILD","1","N","N","N","15","19","2012-03-23","2012-03-27","2012-03-01"
"AA-AA-000-0000","S61242","1","Hypokalaemia","Hypokalaemia","Metabolism and nutrition disorders","SEVERE","3","Y","N","N","17","33","2012-01-31","2012-02-16","2012-01-01"
"AA-AA-000-0000","S61242","2","Dizziness","Dizziness","Nervous system disorders","MODERATE","2","N","N","N","3","18","2012-01-17","2012-02-01","2012-01-01"
"AA-AA-000-0000","S61242","3","Thrombocytopenia","Thrombocytopenia","Blood and lymphatic system disorders","MILD","1","N","Y","Y","73","74","2012-03-27","2012-03-28","2012-01-01"
"AA-AA-000-0000","S61242","4","Diarrhoea","Diarrhoea","Gastrointestinal disorders","LIFE THREATENING","4","Y","Y","N","4","8","2012-01-18","2012-01-22","2012-01-01"
"AA-AA-000-0000","S61292","1","Dizziness","Dizziness","Nervous system disorders","MODERATE","2","N","N","Y","28","39","2012-03-17","2012-03-28","2012-02-01"
"AA-AA-000-0000","S61292","2","Platelet count decreased","Platelet count decreased","Investigations","MILD","1","N","Y","N","7","21","2012-02-25","2012-03-10","2012-02-01"
"AA-AA-000-0000","S61439","1","Thrombocytopenia","Thrombocytopenia","Blood and lymphatic system disorders","MILD","1","N","N","N","37","38","2012-03-17","2012-03-18","2012-02-01"
"AA-AA-000-0000","S61439","2","Alanine aminotransferase increased","Alanine aminotransferase increased","Investigations","SEVERE","3","N","Y","N","8","21","2012-02-17","2012-03-01","2012-02-01"
"AA-AA-000-0000","S61439","3","Alanine aminotransferase increased","Alanine aminotransferase increased","Investigations","MODERATE","2","N","Y","N","6","8","2012-02-15","2012-02-17","2012-02-01"
"AA-AA-000-0000","S61439","4","Alanine aminotransferase increased","Alanine aminotransferase increased","Investigations","SEVERE","3","Y","N","Y","47","48","2012-03-27","2012-03-28","2012-02-01"
"AA-AA-000-0000","S61439","5","Alanine aminotransferase increased","Alanine aminotransferase increased","Investigations","MILD","1","N","Y","Y","25","48","2012-03-05","2012-03-28","2012-02-01"
"AA-AA-000-0000","S61439","6","Aspartate aminotransferase increased","Aspartate aminotransferase increased","Investigations","MILD","1","N","N","N","19","21","2012-02-28","2012-03-01","2012-02-01"
"AA-AA-000-0000","S61441","1","Pruritus","Pruritus","Skin and subcutaneous tissue disorders","MODERATE","2","N","Y","N","55","65","2012-03-01","2012-03-11","2012-01-01"
"AA-AA-000-0000","S61441","2","Blood bilirubin increased","Blood bilirubin increased","Investigations","MILD","1","N","N","N","66","71","2012-03-12","2012-03-17","2012-01-01"
"AA-AA-000-0000","S61441","3","Neutropenia","Neutropenia","Blood and lymphatic system disorders","MILD","1","N","N","N","28","31","2012-02-03","2012-02-06","2012-01-01"
"AA-AA-000-0000","S61441","4","Abdominal pain","Abdominal pain","Gastrointestinal disorders","MILD","1","N","N","N","38","43","2012-02-13","2012-02-18","2012-01-01"
"AA-AA-000-0000","S61441","5","Pyrexia","Pyrexia","General disorders and administration site conditions","MILD","1","N","Y","N","20","43","2012-01-26","2012-02-18","2012-01-01"
"AA-AA-000-0000","S61441","6","Anaemia","Anaemia","Blood and lymphatic system disorders","MODERATE","2","N","N","N","61","63","2012-03-07","2012-03-09","2012-01-01"
"AA-AA-000-0000","S61441","7","Abdominal pain","Abdominal pain","Gastrointestinal disorders","MILD","1","N","Y","N","30","31","2012-02-05","2012-02-06","2012-01-01"
"AA-AA-000-0000","S61441","8","Myalgia","Myalgia","Musculoskeletal and connective tissue disorders","MODERATE","2","N","Y","N","23","27","2012-01-29","2012-02-02","2012-01-01"
"AA-AA-000-0000","S61441","9","Abdominal pain","Abdominal pain","Gastrointestinal disorders","LIFE THREATENING","4","Y","N","N","70","71","2012-03-16","2012-03-17","2012-01-01"
"AA-AA-000-0000","S61441","10","Somnolence","Somnolence","Nervous system disorders","MODERATE","2","N","N","N","61","62","2012-03-07","2012-03-08","2012-01-01"
"AA-AA-000-0000","S61441","11","Cough","Cough","Respiratory, thoracic and mediastinal disorders","MILD","1","N","Y","N","49","61","2012-02-24","2012-03-07","2012-01-01"
"AA-AA-000-0000","S61670","1","Constipation","Constipation","Gastrointestinal disorders","MODERATE","2","N","N","N","52","55","2012-03-12","2012-03-15","2012-01-01"
"AA-AA-000-0000","S61670","2","Diarrhoea","Diarrhoea","Gastrointestinal disorders","MODERATE","2","N","Y","Y","68","68","2012-03-28","2012-03-28","2012-01-01"
"AA-AA-000-0000","S61670","3","Nasopharyngitis","Nasopharyngitis","Infections and infestations","MILD","1","N","N","N","46","51","2012-03-06","2012-03-11","2012-01-01"
"AA-AA-000-0000","S61670","4","Myalgia","Myalgia","Musculoskeletal and connective tissue disorders","SEVERE","3","N","Y","N","59","60","2012-03-19","2012-03-20","2012-01-01"
"AA-AA-000-0000","S61670","5","Dyspnoea","Dyspnoea","Respiratory, thoracic and mediastinal disorders","MILD","1","N","N","Y","65","68","2012-03-25","2012-03-28","2012-01-01"
"AA-AA-000-0000","S61670","6","Paraesthesia","Paraesthesia","Nervous system disorders","SEVERE","3","N","Y","Y","54","68","2012-03-14","2012-03-28","2012-01-01"
"AA-AA-000-0000","S61670","7","Aspartate aminotransferase increased","Aspartate aminotransferase increased","Investigations","MODERATE","2","N","N","N","44","50","2012-03-04","2012-03-10","2012-01-01"
"AA-AA-000-0000","S61670","8","Headache","Headache","Nervous system disorders","MODERATE","2","N","N","Y","49","68","2012-03-09","2012-03-28","2012-01-01"
"AA-AA-000-0000","S61706","1","Alanine aminotransferase increased","Alanine aminotransferase increased","Investigations","MILD","1","Y","Y","N","31","32","2012-01-31","2012-02-01","2012-01-01"
"AA-AA-000-0000","S61706","2","Blood bilirubin increased","Blood bilirubin increased","Investigations","MILD","1","N","Y","Y","83","88","2012-03-23","2012-03-28","2012-01-01"
"AA-AA-000-0000","S62014","1","Thrombocytopenia","Thrombocytopenia","Blood and lymphatic system disorders","MODERATE","2","N","N","Y","4","8","2012-03-24","2012-03-28","2012-03-01"
"AA-AA-000-0000","S62014","2","Urticaria","Urticaria","Skin and subcutaneous tissue disorders","LIFE THREATENING","4","Y","Y","Y","6","8","2012-03-26","2012-03-28","2012-03-01"
"AA-AA-000-0000","S62097","1","Vomiting","Vomiting","Gastrointestinal disorders","MILD","1","N","Y","N","2","9","2012-02-18","2012-02-25","2012-02-01"
"AA-AA-000-0000","S62097","2","Hypokalaemia","Hypokalaemia","Metabolism and nutrition disorders","SEVERE","3","Y","Y","N","11","12","2012-02-27","2012-02-28","2012-02-01"
"AA-AA-000-0000","S62097","3","Platelet count decreased","Platelet count decreased","Investigations","MODERATE","2","N","N","N","5","6","2012-02-21","2012-02-22","2012-02-01"
"AA-AA-000-0000","S62097","4","Dizziness","Dizziness","Nervous system disorders","SEVERE","3","N","Y","N","9","14","2012-02-25","2012-03-01","2012-02-01"
"AA-AA-000-0000","S62097","5","Hypokalaemia","Hypokalaemia","Metabolism and nutrition disorders","SEVERE","3","N","Y","N","23","29","2012-03-10","2012-03-16","2012-02-01"
"AA-AA-000-0000","S62097","6","Abdominal pain","Abdominal pain","Gastrointestinal disorders","MILD","1","Y","N","N","11","12","2012-02-27","2012-02-28","2012-02-01"
"AA-AA-000-0000","S62097","7","Platelet count decreased","Platelet count decreased","Investigations","MILD","1","N","Y","N","14","15","2012-03-01","2012-03-02","2012-02-01"
"AA-AA-000-0000","S62097","8","Nausea","Nausea","Gastrointestinal disorders","MILD","1","N","Y","N","29","32","2012-03-16","2012-03-19","2012-02-01"
"AA-AA-000-0000","S62097","9","Dizziness","Dizziness","Nervous system disorders","LIFE THREATENING","4","Y","N","N","20","23","2012-03-07","2012-03-10","2012-02-01"
"AA-AA-000-0000","S62190","1","Urinary tract infection","Urinary tract infection","Infections and infestations","MILD","1","N","N","N","50","57","2012-03-15","2012-03-22","2012-01-01"
"AA-AA-000-0000","S62190","2","Urticaria","Urticaria","Skin and subcutaneous tissue disorders","MILD","1","N","Y","N","39","61","2012-03-04","2012-03-26","2012-01-01"
"AA-AA-000-0000","S62190","3","Abdominal pain","Abdominal pain","Gastrointestinal disorders","MODERATE","2","N","N","Y","54","63","2012-03-19","2012-03-28","2012-01-01"
"AA-AA-000-0000","S62190","4","Back pain","Back pain","Musculoskeletal and connective tissue disorders","LIFE THREATENING","4","N","N","N","59","61","2012-03-24","2012-03-26","2012-01-01"
"AA-AA-000-0000","S62190","5","Constipation","Constipation","Gastrointestinal disorders","SEVERE","3","Y","N","N","13","32","2012-02-07","2012-02-26","2012-01-01"
"AA-AA-000-0000","S62190","6","Blood bilirubin increased","Blood bilirubin increased","Investigations","MODERATE","2","N","Y","N","14","25","2012-02-08","2012-02-19","2012-01-01"
"AA-AA-000-0000","S62190","7","Thrombocytopenia","Thrombocytopenia","Blood and lymphatic system disorders","MODERATE","2","N","Y","N","43","51","2012-03-08","2012-03-16","2012-01-01"
"AA-AA-000-0000","S62190","8","Vomiting","Vomiting","Gastrointestinal disorders","MODERATE","2","N","N","N","15","20","2012-02-09","2012-02-14","2012-01-01"
"AA-AA-000-0000","S62533","1","Thrombocytopenia","Thrombocytopenia","Blood and lymphatic system disorders","MILD","1","N","N","Y","51","52","2012-03-27","2012-03-28","2012-02-01"
"AA-AA-000-0000","S62533","2","Alanine aminotransferase increased","Alanine aminotransferase increased","Investigations","MILD","1","N","N","N","3","5","2012-02-08","2012-02-10","2012-02-01"
"AA-AA-000-0000","S62607","1","Cough","Cough","Respiratory, thoracic and mediastinal disorders","MODERATE","2","N","Y","Y","3","10","2012-03-21","2012-03-28","2012-03-01"
"AA-AA-000-0000","S62607","2","Paraesthesia","Paraesthesia","Nervous system disorders","MILD","1","N","Y","Y","9","10","2012-03-27","2012-03-28","2012-03-01"
"AA-AA-000-0000","S62607","3","Aspartate aminotransferase increased","Aspartate aminotransferase increased","Investigations","MILD","1","N","Y","Y","4","10","2012-03-22","2012-03-28","2012-03-01"
"AA-AA-000-0000","S62607","4","Pruritus","Pruritus","Skin and subcutaneous tissue disorders","MILD","1","N","N","Y","2","10","2012-03-20","2012-03-28","2012-03-01"
"AA-AA-000-0000","S62745","1","Diarrhoea","Diarrhoea","Gastrointestinal disorders","MILD","1","N","N","N","3","9","2012-03-20","2012-03-26","2012-03-01"
"AA-AA-000-0000","S62825","1","Urinary tract infection","Urinary tract infection","Infections and infestations","MILD","1","N","Y","Y","43","49","2012-03-22","2012-03-28","2012-02-01"
"AA-AA-000-0000","S62825","2","Diarrhoea","Diarrhoea","Gastrointestinal disorders","MILD","1","N","N","N","37","47","2012-03-16","2012-03-26","2012-02-01"
"AA-AA-000-0000","S62883","1","Dizziness","Dizziness","Nervous system disorders","MODERATE","2","N","Y","N","16","28","2012-02-26","2012-03-09","2012-02-01"
"AA-AA-000-0000","S62897","1","Constipation","Constipation","Gastrointestinal disorders","SEVERE","3","N","N","N","17","22","2012-03-19","2012-03-24","2012-03-01"
"AA-AA-000-0000","S62897","2","Anaemia","Anaemia","Blood and lymphatic system disorders","SEVERE","3","Y","Y","N","1","2","2012-03-03","2012-03-04","2012-03-01"
"AA-AA-000-0000","S62903","1","Blood bilirubin increased","Blood bilirubin increased","Investigations","MODERATE","2","N","Y","N","44","47","2012-03-18","2012-03-21","2012-02-01"
"AA-AA-000-0000","S62903","2","Chills","Chills","General disorders and administration site conditions","MILD","1","N","N","N","10","31","2012-02-13","2012-03-05","2012-02-01"
"AA-AA-000-0000","S63176","1","Pyrexia","Pyrexia","General disorders and administration site conditions","MODERATE","2","N","N","N","29","31","2012-03-12","2012-03-14","2012-02-01"
"AA-AA-000-0000","S63176","2","Constipation","Constipation","Gastrointestinal disorders","MILD","1","Y","N","N","30","36","2012-03-13","2012-03-19","2012-02-01"
"AA-AA-000-0000","S63176","3","Dizziness","Dizziness","Nervous system disorders","MODERATE","2","N","N","N","17","23","2012-02-29","2012-03-06","2012-02-01"
"AA-AA-000-0000","S63176","4","Hypokalaemia","Hypokalaemia","Metabolism and nutrition disorders","MILD","1","N","Y","N","9","39","2012-02-21","2012-03-22","2012-02-01"
"AA-AA-000-0000","S63470","1","Abdominal pain","Abdominal pain","Gastrointestinal disorders","MILD","1","N","Y","N","9","19","2012-02-18","2012-02-28","2012-02-01"
"AA-AA-000-0000","S63470","2","Constipation","Constipation","Gastrointestinal disorders","SEVERE","3","N","Y","Y","45","48","2012-03-25","2012-03-28","2012-02-01"
"AA-AA-000-0000","S63470","3","Abdominal pain","Abdominal pain","Gastrointestinal disorders","SEVERE","3","Y","N","Y","47","48","2012-03-27","2012-03-28","2012-02-01"
"AA-AA-000-0000","S63470","4","Cough","Cough","Respiratory, thoracic and mediastinal disorders","MILD","1","N","N","Y","32","48","2012-03-12","2012-03-28","2012-02-01"
"AA-AA-000-0000","S63470","5","Thrombocytopenia","Thrombocytopenia","Blood and lymphatic system disorders","MILD","1","N","Y","N","30","35","2012-03-10","2012-03-15","2012-02-01"
"AA-AA-000-0000","S63470","6","Thrombocytopenia","Thrombocytopenia","Blood and lymphatic system disorders","MILD","1","N","Y","Y","38","48","2012-03-18","2012-03-28","2012-02-01"
"AA-AA-000-0000","S63470","7","Abdominal pain","Abdominal pain","Gastrointestinal disorders","MILD","1","N","Y","Y","44","48","2012-03-24","2012-03-28","2012-02-01"
"AA-AA-000-0000","S63470","8","Back pain","Back pain","Musculoskeletal and connective tissue disorders","MILD","1","N","Y","N","45","46","2012-03-25","2012-03-26","2012-02-01"
"AA-AA-000-0000","S63470","9","Cough","Cough","Respiratory, thoracic and mediastinal disorders","MODERATE","2","N","N","N","41","44","2012-03-21","2012-03-24","2012-02-01"
"AA-AA-000-0000","S63755","1","Alanine aminotransferase increased","Alanine aminotransferase increased","Investigations","MODERATE","2","N","Y","Y","23","24","2012-03-27","2012-03-28","2012-03-01"
"AA-AA-000-0000","S63755","2","Abdominal pain","Abdominal pain","Gastrointestinal disorders","SEVERE","3","N","N","N","1","2","2012-03-05","2012-03-06","2012-03-01"
"AA-AA-000-0000","S63755","3","Aspartate aminotransferase increased","Aspartate aminotransferase increased","Investigations","MILD","1","N","Y","Y","3","24","2012-03-07","2012-03-28","2012-03-01"
"AA-AA-000-0000","S63767","1","Anaemia","Anaemia","Blood and lymphatic system disorders","SEVERE","3","Y","N","N","2","5","2012-02-25","2012-02-28","2012-02-01"
"AA-AA-000-0000","S63767","2","Upper respiratory tract infection","Upper respiratory tract infection","Infections and infestations","LIFE THREATENING","4","N","N","N","21","22","2012-03-15","2012-03-16","2012-02-01"
"AA-AA-000-0000","S63767","3","Fatigue","Fatigue","General disorders and administration site conditions","SEVERE","3","N","Y","N","28","33","2012-03-22","2012-03-27","2012-02-01"
"AA-AA-000-0000","S63767","4","Aspartate aminotransferase increased","Aspartate aminotransferase increased","Investigations","MODERATE","2","Y","Y","N","14","33","2012-03-08","2012-03-27","2012-02-01"
"AA-AA-000-0000","S63767","5","Headache","Headache","Nervous system disorders","LIFE THREATENING","4","N","N","N","16","17","2012-03-10","2012-03-11","2012-02-01"
"AA-AA-000-0000","S63767","6","Platelet count decreased","Platelet count decreased","Investigations","LIFE THREATENING","4","N","Y","Y","32","34","2012-03-26","2012-03-28","2012-02-01"
"AA-AA-000-0000","S63767","7","Thrombocytopenia","Thrombocytopenia","Blood and lymphatic system disorders","MODERATE","2","N","N","N","4","5","2012-02-27","2012-02-28","2012-02-01"
"AA-AA-000-0000","S63928","1","Anaemia","Anaemia","Blood and lymphatic system disorders","SEVERE","3","Y","N","Y","31","38","2012-03-21","2012-03-28","2012-02-01"
"AA-AA-000-0000","S64117","1","Diarrhoea","Diarrhoea","Gastrointestinal disorders","MILD","1","N","Y","Y","73","80","2012-03-21","2012-03-28","2012-01-01"
"AA-AA-000-0000","S64117","2","Abdominal pain","Abdominal pain","Gastrointestinal disorders","SEVERE","3","Y","Y","N","61","70","2012-03-09","2012-03-18","2012-01-01"
"AA-AA-000-0000","S64117","3","Constipation","Constipation","Gastrointestinal disorders","MODERATE","2","N","Y","N","42","68","2012-02-19","2012-03-16","2012-01-01"
"AA-AA-000-0000","S64117","4","Abdominal pain","Abdominal pain","Gastrointestinal disorders","MODERATE","2","N","Y","N","47","50","2012-02-24","2012-02-27","2012-01-01"
"AA-AA-000-0000","S64117","5","Platelet count decreased","Platelet count decreased","Investigations","MODERATE","2","N","N","N","10","18","2012-01-18","2012-01-26","2012-01-01"
"AA-AA-000-0000","S64117","6","Urticaria","Urticaria","Skin and subcutaneous tissue disorders","MILD","1","N","N","N","34","41","2012-02-11","2012-02-18","2012-01-01"
"AA-AA-000-0000","S64117","7","Platelet count decreased","Platelet count decreased","Investigations","MILD","1","N","Y","N","25","27","2012-02-02","2012-02-04","2012-01-01"
"AA-AA-000-0000","S64254","1","Anaemia","Anaemia","Blood and lymphatic system disorders","MODERATE","2","N","Y","N","27","32","2012-03-05","2012-03-10","2012-02-01"
"AA-AA-000-0000","S64254","2","Thrombocytopenia","Thrombocytopenia","Blood and lymphatic system disorders","MILD","1","N","Y","N","8","21","2012-02-15","2012-02-28","2012-02-01"
"AA-AA-000-0000","S64254","3","Thrombocytopenia","Thrombocytopenia","Blood and lymphatic system disorders","MILD","1","N","N","N","35","38","2012-03-13","2012-03-16","2012-02-01"
"AA-AA-000-0000","S64254","4","Blood bilirubin increased","Blood bilirubin increased","Investigations","MODERATE","2","N","N","Y","37","50","2012-03-15","2012-03-28","2012-02-01"
"AA-AA-000-0000","S64268","1","Somnolence","Somnolence","Nervous system disorders","SEVERE","3","Y","Y","N","36","38","2012-02-20","2012-02-22","2012-01-01"
"AA-AA-000-0000","S65083","1","Cough","Cough","Respiratory, thoracic and mediastinal disorders","MILD","1","N","Y","Y","3","9","2012-03-22","2012-03-28","2012-03-01"
"AA-AA-000-0000","S65083","2","Dizziness","Dizziness","Nervous system disorders","MILD","1","N","Y","Y","3","9","2012-03-22","2012-03-28","2012-03-01"
"AA-AA-000-0000","S6528","1","Aspartate aminotransferase increased","Aspartate aminotransferase increased","Investigations","MILD","1","N","Y","N","3","9","2012-02-23","2012-02-29","2012-02-01"
"AA-AA-000-0000","S6528","2","Aspartate aminotransferase increased","Aspartate aminotransferase increased","Investigations","SEVERE","3","Y","Y","N","6","8","2012-02-26","2012-02-28","2012-02-01"
"AA-AA-000-0000","S6528","3","Anaemia","Anaemia","Blood and lymphatic system disorders","MODERATE","2","N","Y","N","12","26","2012-03-03","2012-03-17","2012-02-01"
"AA-AA-000-0000","S6528","4","Platelet count decreased","Platelet count decreased","Investigations","LIFE THREATENING","4","Y","Y","N","24","30","2012-03-15","2012-03-21","2012-02-01"
"AA-AA-000-0000","S65424","1","Myalgia","Myalgia","Musculoskeletal and connective tissue disorders","MODERATE","2","N","N","N","26","28","2012-02-29","2012-03-02","2012-02-01"
"AA-AA-000-0000","S65424","2","Alanine aminotransferase increased","Alanine aminotransferase increased","Investigations","MODERATE","2","N","Y","N","15","29","2012-02-18","2012-03-03","2012-02-01"
"AA-AA-000-0000","S65486","1","Anaemia","Anaemia","Blood and lymphatic system disorders","MODERATE","2","N","Y","N","6","7","2012-03-23","2012-03-24","2012-03-01"
"AA-AA-000-0000","S65486","2","Nausea","Nausea","Gastrointestinal disorders","MILD","1","N","Y","N","6","7","2012-03-23","2012-03-24","2012-03-01"
"AA-AA-000-0000","S65486","3","Paraesthesia","Paraesthesia","Nervous system disorders","SEVERE","3","Y","Y","N","1","8","2012-03-18","2012-03-25","2012-03-01"
"AA-AA-000-0000","S65486","4","Aspartate aminotransferase increased","Aspartate aminotransferase increased","Investigations","MODERATE","2","Y","N","Y","10","11","2012-03-27","2012-03-28","2012-03-01"
"AA-AA-000-0000","S6557","1","Blood bilirubin increased","Blood bilirubin increased","Investigations","MODERATE","2","N","N","N","31","36","2012-02-22","2012-02-27","2012-01-01"
"AA-AA-000-0000","S6557","2","Arthralgia","Arthralgia","Musculoskeletal and connective tissue disorders","MILD","1","N","N","N","20","31","2012-02-11","2012-02-22","2012-01-01"
"AA-AA-000-0000","S6557","3","Rash","Rash","Skin and subcutaneous tissue disorders","MODERATE","2","N","N","N","1","28","2012-01-23","2012-02-19","2012-01-01"
"AA-AA-000-0000","S6557","4","Blood bilirubin increased","Blood bilirubin increased","Investigations","MILD","1","N","Y","Y","59","66","2012-03-21","2012-03-28","2012-01-01"
"AA-AA-000-0000","S66042","1","Pyrexia","Pyrexia","General disorders and administration site conditions","MODERATE","2","N","N","Y","22","30","2012-03-20","2012-03-28","2012-02-01"
"AA-AA-000-0000","S66042","2","Chills","Chills","General disorders and administration site conditions","LIFE THREATENING","4","Y","N","Y","14","30","2012-03-12","2012-03-28","2012-02-01"
"AA-AA-000-0000","S66042","3","Abdominal pain","Abdominal pain","Gastrointestinal disorders","MILD","1","N","Y","N","11","26","2012-03-09","2012-03-24","2012-02-01"
"AA-AA-000-0000","S66100","1","Nasopharyngitis","Nasopharyngitis","Infections and infestations","MILD","1","N","N","N","22","31","2012-03-18","2012-03-27","2012-02-01"
"AA-AA-000-0000","S66100","2","Arthralgia","Arthralgia","Musculoskeletal and connective tissue disorders","MILD","1","N","Y","N","4","5","2012-02-29","2012-03-01","2012-02-01"
"AA-AA-000-0000","S66100","3","Arthralgia","Arthralgia","Musculoskeletal and connective tissue disorders","SEVERE","3","N","Y","N","23","31","2012-03-19","2012-03-27","2012-02-01"
"AA-AA-000-0000","S66100","4","Fatigue","Fatigue","General disorders and administration site conditions","MODERATE","2","N","Y","N","22","31","2012-03-18","2012-03-27","2012-02-01"
"AA-AA-000-0000","S66158","1","Blood bilirubin increased","Blood bilirubin increased","Investigations","MODERATE","2","N","Y","N","9","15","2012-02-21","2012-02-27","2012-02-01"
"AA-AA-000-0000","S66158","2","Platelet count decreased","Platelet count decreased","Investigations","MODERATE","2","N","Y","N","31","39","2012-03-14","2012-03-22","2012-02-01"
"AA-AA-000-0000","S66280","1","Cough","Cough","Respiratory, thoracic and mediastinal disorders","LIFE THREATENING","4","Y","Y","Y","12","17","2012-03-23","2012-03-28","2012-03-01"
"AA-AA-000-0000","S66365","1","Constipation","Constipation","Gastrointestinal disorders","MODERATE","2","N","Y","Y","11","13","2012-03-26","2012-03-28","2012-03-01"
"AA-AA-000-0000","S66365","2","Somnolence","Somnolence","Nervous system disorders","MODERATE","2","N","N","Y","12","13","2012-03-27","2012-03-28","2012-03-01"
"AA-AA-000-0000","S66365","3","Aspartate aminotransferase increased","Aspartate aminotransferase increased","Investigations","MODERATE","2","N","N","Y","10","13","2012-03-25","2012-03-28","2012-03-01"
"AA-AA-000-0000","S66483","1","Alanine aminotransferase increased","Alanine aminotransferase increased","Investigations","MILD","1","N","N","Y","8","8","2012-03-28","2012-03-28","2012-03-01"
"AA-AA-000-0000","S66483","2","Nausea","Nausea","Gastrointestinal disorders","MODERATE","2","N","N","Y","8","8","2012-03-28","2012-03-28","2012-03-01"
"AA-AA-000-0000","S66483","3","Vomiting","Vomiting","Gastrointestinal disorders","MODERATE","2","Y","Y","N","2","4","2012-03-22","2012-03-24","2012-03-01"
"AA-AA-000-0000","S66483","4","Oedema peripheral","Oedema peripheral","General disorders and administration site conditions","MODERATE","2","N","Y","Y","8","8","2012-03-28","2012-03-28","2012-03-01"
"AA-AA-000-0000","S66618","1","Neutropenia","Neutropenia","Blood and lymphatic system disorders","MODERATE","2","N","Y","N","51","58","2012-02-26","2012-03-04","2012-01-01"
"AA-AA-000-0000","S66618","2","Constipation","Constipation","Gastrointestinal disorders","MILD","1","N","N","N","76","77","2012-03-22","2012-03-23","2012-01-01"
"AA-AA-000-0000","S66618","3","Pruritus","Pruritus","Skin and subcutaneous tissue disorders","SEVERE","3","N","N","N","67","77","2012-03-13","2012-03-23","2012-01-01"
"AA-AA-000-0000","S66618","4","Abdominal pain","Abdominal pain","Gastrointestinal disorders","MILD","1","N","Y","N","44","54","2012-02-19","2012-02-29","2012-01-01"
"AA-AA-000-0000","S66618","5","Diarrhoea","Diarrhoea","Gastrointestinal disorders","SEVERE","3","N","Y","N","44","56","2012-02-19","2012-03-02","2012-01-01"
"AA-AA-000-0000","S66618","6","Cough","Cough","Respiratory, thoracic and mediastinal disorders","MILD","1","N","Y","N","30","33","2012-02-05","2012-02-08","2012-01-01"
"AA-AA-000-0000","S66618","7","Pruritus","Pruritus","Skin and subcutaneous tissue disorders","MILD","1","N","N","N","46","51","2012-02-21","2012-02-26","2012-01-01"
"AA-AA-000-0000","S66618","8","Decreased appetite","Decreased appetite","Metabolism and nutrition disorders","MILD","1","N","N","N","7","10","2012-01-13","2012-01-16","2012-01-01"
"AA-AA-000-0000","S66618","9","Aspartate aminotransferase increased","Aspartate aminotransferase increased","Investigations","SEVERE","3","Y","N","N","52","57","2012-02-27","2012-03-03","2012-01-01"
"AA-AA-000-0000","S66618","10","Platelet count decreased","Platelet count decreased","Investigations","MODERATE","2","N","N","N","50","56","2012-02-25","2012-03-02","2012-01-01"
"AA-AA-000-0000","S66618","11","Constipation","Constipation","Gastrointestinal disorders","MILD","1","N","Y","N","48","65","2012-02-23","2012-03-11","2012-01-01"
"AA-AA-000-0000","S66618","12","Decreased appetite","Decreased appetite","Metabolism and nutrition disorders","SEVERE","3","Y","N","Y","82","82","2012-03-28","2012-03-28","2012-01-01"
"AA-AA-000-0000","S66618","13","Hypokalaemia","Hypokalaemia","Metabolism and nutrition disorders","SEVERE","3","Y","Y","N","17","26","2012-01-23","2012-02-01","2012-01-01"
"AA-AA-000-0000","S66618","14","Pruritus","Pruritus","Skin and subcutaneous tissue disorders","MILD","1","N","Y","N","62","70","2012-03-08","2012-03-16","2012-01-01"
"AA-AA-000-0000","S66672","1","Arthralgia","Arthralgia","Musculoskeletal and connective tissue disorders","SEVERE","3","Y","N","N","25","27","2012-03-07","2012-03-09","2012-02-01"
"AA-AA-000-0000","S66721","1","Nasopharyngitis","Nasopharyngitis","Infections and infestations","SEVERE","3","Y","N","N","45","48","2012-02-25","2012-02-28","2012-01-01"
"AA-AA-000-0000","S66721","2","Urticaria","Urticaria","Skin and subcutaneous tissue disorders","MILD","1","N","Y","N","30","31","2012-02-10","2012-02-11","2012-01-01"
"AA-AA-000-0000","S66858","1","Dyspnoea","Dyspnoea","Respiratory, thoracic and mediastinal disorders","MILD","1","N","Y","N","11","12","2012-03-21","2012-03-22","2012-03-01"
"AA-AA-000-0000","S66882","1","Cough","Cough","Respiratory, thoracic and mediastinal disorders","MODERATE","2","N","Y","N","4","12","2012-02-22","2012-03-01","2012-02-01"
"AA-AA-000-0000","S66882","2","Urinary tract infection","Urinary tract infection","Infections and infestations","MILD","1","N","N","Y","37","39","2012-03-26","2012-03-28","2012-02-01"
"AA-AA-000-0000","S66882","3","Pruritus","Pruritus","Skin and subcutaneous tissue disorders","MILD","1","N","Y","N","22","24","2012-03-11","2012-03-13","2012-02-01"
"AA-AA-000-0000","S6700","1","Neutropenia","Neutropenia","Blood and lymphatic system disorders","SEVERE","3","Y","N","Y","57","63","2012-03-22","2012-03-28","2012-01-01"
"AA-AA-000-0000","S6700","2","Blood bilirubin increased","Blood bilirubin increased","Investigations","LIFE THREATENING","4","Y","N","N","34","38","2012-02-28","2012-03-03","2012-01-01"
"AA-AA-000-0000","S6700","3","Aspartate aminotransferase increased","Aspartate aminotransferase increased","Investigations","SEVERE","3","Y","Y","N","11","19","2012-02-05","2012-02-13","2012-01-01"
"AA-AA-000-0000","S6700","4","Blood bilirubin increased","Blood bilirubin increased","Investigations","MILD","1","N","Y","Y","59","63","2012-03-24","2012-03-28","2012-01-01"
"AA-AA-000-0000","S6700","5","Platelet count decreased","Platelet count decreased","Investigations","SEVERE","3","N","Y","Y","46","63","2012-03-11","2012-03-28","2012-01-01"
"AA-AA-000-0000","S6700","6","Dizziness","Dizziness","Nervous system disorders","MILD","1","N","N","N","13","14","2012-02-07","2012-02-08","2012-01-01"
"AA-AA-000-0000","S6700","7","Somnolence","Somnolence","Nervous system disorders","MODERATE","2","N","N","N","49","52","2012-03-14","2012-03-17","2012-01-01"
"AA-AA-000-0000","S6700","8","Alanine aminotransferase increased","Alanine aminotransferase increased","Investigations","MILD","1","N","N","N","54","60","2012-03-19","2012-03-25","2012-01-01"
"AA-AA-000-0000","S6700","9","Nasopharyngitis","Nasopharyngitis","Infections and infestations","SEVERE","3","Y","N","Y","60","63","2012-03-25","2012-03-28","2012-01-01"
"AA-AA-000-0000","S6700","10","Platelet count decreased","Platelet count decreased","Investigations","MILD","1","N","Y","N","31","34","2012-02-25","2012-02-28","2012-01-01"
"AA-AA-000-0000","S67292","1","Abdominal pain","Abdominal pain","Gastrointestinal disorders","SEVERE","3","Y","N","N","4","8","2012-02-24","2012-02-28","2012-02-01"
"AA-AA-000-0000","S67292","2","Decreased appetite","Decreased appetite","Metabolism and nutrition disorders","MILD","1","N","N","Y","29","37","2012-03-20","2012-03-28","2012-02-01"
"AA-AA-000-0000","S67292","3","Somnolence","Somnolence","Nervous system disorders","MILD","1","N","N","N","11","12","2012-03-02","2012-03-03","2012-02-01"
"AA-AA-000-0000","S67390","1","Diarrhoea","Diarrhoea","Gastrointestinal disorders","LIFE THREATENING","4","Y","Y","N","41","48","2012-03-14","2012-03-21","2012-02-01"
"AA-AA-000-0000","S67390","2","Abdominal pain","Abdominal pain","Gastrointestinal disorders","MILD","1","N","N","N","1","3","2012-02-03","2012-02-05","2012-02-01"
"AA-AA-000-0000","S67390","3","Myalgia","Myalgia","Musculoskeletal and connective tissue disorders","MODERATE","2","N","N","N","3","11","2012-02-05","2012-02-13","2012-02-01"
"AA-AA-000-0000","S67498","1","Anaemia","Anaemia","Blood and lymphatic system disorders","MODERATE","2","N","Y","N","24","46","2012-02-10","2012-03-03","2012-01-01"
"AA-AA-000-0000","S67498","2","Headache","Headache","Nervous system disorders","LIFE THREATENING","4","Y","Y","N","40","44","2012-02-26","2012-03-01","2012-01-01"
"AA-AA-000-0000","S67498","3","Cough","Cough","Respiratory, thoracic and mediastinal disorders","MILD","1","N","N","N","2","25","2012-01-19","2012-02-11","2012-01-01"
"AA-AA-000-0000","S67498","4","Platelet count decreased","Platelet count decreased","Investigations","MODERATE","2","N","Y","N","45","49","2012-03-02","2012-03-06","2012-01-01"
"AA-AA-000-0000","S67498","5","Alanine aminotransferase increased","Alanine aminotransferase increased","Investigations","SEVERE","3","Y","N","N","68","69","2012-03-25","2012-03-26","2012-01-01"
"AA-AA-000-0000","S67498","6","Anaemia","Anaemia","Blood and lymphatic system disorders","LIFE THREATENING","4","Y","N","N","10","14","2012-01-27","2012-01-31","2012-01-01"
"AA-AA-000-0000","S67498","7","Anaemia","Anaemia","Blood and lymphatic system disorders","SEVERE","3","Y","Y","N","27","36","2012-02-13","2012-02-22","2012-01-01"
"AA-AA-000-0000","S67498","8","Oedema peripheral","Oedema peripheral","General disorders and administration site conditions","MODERATE","2","N","Y","N","6","7","2012-01-23","2012-01-24","2012-01-01"
"AA-AA-000-0000","S67498","9","Anaemia","Anaemia","Blood and lymphatic system disorders","MODERATE","2","N","Y","N","3","6","2012-01-20","2012-01-23","2012-01-01"
"AA-AA-000-0000","S67498","10","Nasopharyngitis","Nasopharyngitis","Infections and infestations","LIFE THREATENING","4","Y","N","N","55","64","2012-03-12","2012-03-21","2012-01-01"
"AA-AA-000-0000","S67498","11","Fatigue","Fatigue","General disorders and administration site conditions","MILD","1","N","Y","N","7","17","2012-01-24","2012-02-03","2012-01-01"
"AA-AA-000-0000","S67498","12","Alanine aminotransferase increased","Alanine aminotransferase increased","Investigations","MILD","1","N","Y","N","49","55","2012-03-06","2012-03-12","2012-01-01"
"AA-AA-000-0000","S67498","13","Dizziness","Dizziness","Nervous system disorders","MODERATE","2","N","Y","N","10","13","2012-01-27","2012-01-30","2012-01-01"
"AA-AA-000-0000","S67498","14","Blood bilirubin increased","Blood bilirubin increased","Investigations","MILD","1","N","Y","Y","70","71","2012-03-27","2012-03-28","2012-01-01"
"AA-AA-000-0000","S67498","15","Platelet count decreased","Platelet count decreased","Investigations","MILD","1","N","Y","Y","68","71","2012-03-25","2012-03-28","2012-01-01"
"AA-AA-000-0000","S67498","16","Thrombocytopenia","Thrombocytopenia","Blood and lymphatic system disorders","MODERATE","2","N","Y","N","59","62","2012-03-16","2012-03-19","2012-01-01"
"AA-AA-000-0000","S67498","17","Anaemia","Anaemia","Blood and lymphatic system disorders","LIFE THREATENING","4","N","Y","N","52","58","2012-03-09","2012-03-15","2012-01-01"
"AA-AA-000-0000","S67498","18","Alanine aminotransferase increased","Alanine aminotransferase increased","Investigations","MODERATE","2","N","N","N","5","6","2012-01-22","2012-01-23","2012-01-01"
"AA-AA-000-0000","S67498","19","Dizziness","Dizziness","Nervous system disorders","SEVERE","3","N","Y","N","24","27","2012-02-10","2012-02-13","2012-01-01"
"AA-AA-000-0000","S67498","20","Platelet count decreased","Platelet count decreased","Investigations","MODERATE","2","N","N","N","4","9","2012-01-21","2012-01-26","2012-01-01"
"AA-AA-000-0000","S67498","21","Chills","Chills","General disorders and administration site conditions","SEVERE","3","Y","Y","N","39","45","2012-02-25","2012-03-02","2012-01-01"
"AA-AA-000-0000","S67498","22","Thrombocytopenia","Thrombocytopenia","Blood and lymphatic system disorders","MODERATE","2","N","Y","N","47","60","2012-03-04","2012-03-17","2012-01-01"
"AA-AA-000-0000","S67498","23","Thrombocytopenia","Thrombocytopenia","Blood and lymphatic system disorders","MODERATE","2","N","Y","N","38","48","2012-02-24","2012-03-05","2012-01-01"
"AA-AA-000-0000","S6762","1","Nausea","Nausea","Gastrointestinal disorders","MODERATE","2","N","Y","Y","42","43","2012-03-27","2012-03-28","2012-02-01"
"AA-AA-000-0000","S6762","2","Somnolence","Somnolence","Nervous system disorders","SEVERE","3","N","N","N","9","17","2012-02-23","2012-03-02","2012-02-01"
"AA-AA-000-0000","S6762","3","Rash","Rash","Skin and subcutaneous tissue disorders","MODERATE","2","N","Y","N","18","20","2012-03-03","2012-03-05","2012-02-01"
"AA-AA-000-0000","S6762","4","Arthralgia","Arthralgia","Musculoskeletal and connective tissue disorders","SEVERE","3","N","N","N","29","41","2012-03-14","2012-03-26","2012-02-01"
"AA-AA-000-0000","S6762","5","Fatigue","Fatigue","General disorders and administration site conditions","LIFE THREATENING","4","Y","Y","Y","39","43","2012-03-24","2012-03-28","2012-02-01"
"AA-AA-000-0000","S6762","6","Alanine aminotransferase increased","Alanine aminotransferase increased","Investigations","MILD","1","N","N","Y","41","43","2012-03-26","2012-03-28","2012-02-01"
"AA-AA-000-0000","S68220","1","Hypokalaemia","Hypokalaemia","Metabolism and nutrition disorders","LIFE THREATENING","4","Y","N","Y","13","15","2012-03-26","2012-03-28","2012-03-01"
"AA-AA-000-0000","S68220","2","Rash","Rash","Skin and subcutaneous tissue disorders","MODERATE","2","N","Y","Y","6","15","2012-03-19","2012-03-28","2012-03-01"
"AA-AA-000-0000","S68284","1","Platelet count decreased","Platelet count decreased","Investigations","SEVERE","3","N","N","N","15","20","2012-02-29","2012-03-05","2012-02-01"
"AA-AA-000-0000","S68284","2","Somnolence","Somnolence","Nervous system disorders","MILD","1","N","Y","N","22","24","2012-03-07","2012-03-09","2012-02-01"
"AA-AA-000-0000","S68284","3","Myalgia","Myalgia","Musculoskeletal and connective tissue disorders","MILD","1","N","N","Y","40","43","2012-03-25","2012-03-28","2012-02-01"
"AA-AA-000-0000","S68947","1","Paraesthesia","Paraesthesia","Nervous system disorders","MILD","1","N","N","N","2","3","2012-01-27","2012-01-28","2012-01-01"
"AA-AA-000-0000","S68947","2","Aspartate aminotransferase increased","Aspartate aminotransferase increased","Investigations","LIFE THREATENING","4","N","Y","N","1","11","2012-01-26","2012-02-05","2012-01-01"
"AA-AA-000-0000","S68947","3","Neutropenia","Neutropenia","Blood and lymphatic system disorders","MILD","1","N","N","N","41","42","2012-03-06","2012-03-07","2012-01-01"
"AA-AA-000-0000","S68947","4","Platelet count decreased","Platelet count decreased","Investigations","MODERATE","2","N","Y","N","6","12","2012-01-31","2012-02-06","2012-01-01"
"AA-AA-000-0000","S68947","5","Neutropenia","Neutropenia","Blood and lymphatic system disorders","MILD","1","N","N","N","3","6","2012-01-28","2012-01-31","2012-01-01"
"AA-AA-000-0000","S68947","6","Vomiting","Vomiting","Gastrointestinal disorders","SEVERE","3","Y","N","N","33","48","2012-02-27","2012-03-13","2012-01-01"
"AA-AA-000-0000","S68947","7","Blood bilirubin increased","Blood bilirubin increased","Investigations","SEVERE","3","Y","Y","N","33","56","2012-02-27","2012-03-21","2012-01-01"
"AA-AA-000-0000","S68947","8","Anaemia","Anaemia","Blood and lymphatic system disorders","MODERATE","2","N","Y","N","44","47","2012-03-09","2012-03-12","2012-01-01"
"AA-AA-000-0000","S68947","9","Anaemia","Anaemia","Blood and lymphatic system disorders","MILD","1","N","Y","N","7","30","2012-02-01","2012-02-24","2012-01-01"
"AA-AA-000-0000","S68947","10","Anaemia","Anaemia","Blood and lymphatic system disorders","MILD","1","N","Y","N","43","44","2012-03-08","2012-03-09","2012-01-01"
"AA-AA-000-0000","S68947","11","Headache","Headache","Nervous system disorders","MODERATE","2","N","N","Y","58","63","2012-03-23","2012-03-28","2012-01-01"
"AA-AA-000-0000","S68947","12","Abdominal pain","Abdominal pain","Gastrointestinal disorders","MILD","1","N","Y","N","13","42","2012-02-07","2012-03-07","2012-01-01"
"AA-AA-000-0000","S69026","1","Neutropenia","Neutropenia","Blood and lymphatic system disorders","SEVERE","3","Y","Y","N","10","30","2012-01-30","2012-02-19","2012-01-01"
"AA-AA-000-0000","S69026","2","Platelet count decreased","Platelet count decreased","Investigations","MILD","1","N","Y","N","24","36","2012-02-13","2012-02-25","2012-01-01"
"AA-AA-000-0000","S69026","3","Abdominal pain","Abdominal pain","Gastrointestinal disorders","MILD","1","N","Y","N","33","39","2012-02-22","2012-02-28","2012-01-01"
"AA-AA-000-0000","S69130","1","Pruritus","Pruritus","Skin and subcutaneous tissue disorders","MILD","1","N","N","N","6","8","2012-03-07","2012-03-09","2012-03-01"
"AA-AA-000-0000","S69130","2","Urticaria","Urticaria","Skin and subcutaneous tissue disorders","MILD","1","N","Y","N","4","15","2012-03-05","2012-03-16","2012-03-01"
"AA-AA-000-0000","S69434","1","Abdominal pain","Abdominal pain","Gastrointestinal disorders","MILD","1","N","N","N","29","47","2012-02-01","2012-02-19","2012-01-01"
"AA-AA-000-0000","S6947","1","Blood bilirubin increased","Blood bilirubin increased","Investigations","MILD","1","N","Y","N","21","28","2012-03-19","2012-03-26","2012-02-01"
"AA-AA-000-0000","S6947","2","Alanine aminotransferase increased","Alanine aminotransferase increased","Investigations","SEVERE","3","Y","N","N","9","12","2012-03-07","2012-03-10","2012-02-01"
"AA-AA-000-0000","S6947","3","Constipation","Constipation","Gastrointestinal disorders","MILD","1","N","N","Y","26","30","2012-03-24","2012-03-28","2012-02-01"
"AA-AA-000-0000","S6947","4","Alanine aminotransferase increased","Alanine aminotransferase increased","Investigations","SEVERE","3","Y","Y","N","15","17","2012-03-13","2012-03-15","2012-02-01"
"AA-AA-000-0000","S6947","5","Upper respiratory tract infection","Upper respiratory tract infection","Infections and infestations","MILD","1","N","Y","Y","27","30","2012-03-25","2012-03-28","2012-02-01"
"AA-AA-000-0000","S69474","1","Alanine aminotransferase increased","Alanine aminotransferase increased","Investigations","SEVERE","3","N","Y","N","20","23","2012-03-15","2012-03-18","2012-02-01"
"AA-AA-000-0000","S69474","2","Platelet count decreased","Platelet count decreased","Investigations","MODERATE","2","N","Y","Y","31","33","2012-03-26","2012-03-28","2012-02-01"
"AA-AA-000-0000","S69474","3","Headache","Headache","Nervous system disorders","SEVERE","3","N","Y","N","5","7","2012-02-29","2012-03-02","2012-02-01"
"AA-AA-000-0000","S69474","4","Blood bilirubin increased","Blood bilirubin increased","Investigations","LIFE THREATENING","4","Y","N","N","4","14","2012-02-28","2012-03-09","2012-02-01"
"AA-AA-000-0000","S69474","5","Abdominal pain","Abdominal pain","Gastrointestinal disorders","MODERATE","2","N","N","N","27","31","2012-03-22","2012-03-26","2012-02-01"
"AA-AA-000-0000","S69474","6","Decreased appetite","Decreased appetite","Metabolism and nutrition disorders","MILD","1","N","Y","N","12","20","2012-03-07","2012-03-15","2012-02-01"
"AA-AA-000-0000","S69474","7","Constipation","Constipation","Gastrointestinal disorders","MILD","1","N","N","Y","33","33","2012-03-28","2012-03-28","2012-02-01"
"AA-AA-000-0000","S69474","8","Abdominal pain","Abdominal pain","Gastrointestinal disorders","MODERATE","2","N","Y","N","14","21","2012-03-09","2012-03-16","2012-02-01"
"AA-AA-000-0000","S69485","1","Constipation","Constipation","Gastrointestinal disorders","MILD","1","N","Y","N","41","45","2012-02-17","2012-02-21","2012-01-01"
"AA-AA-000-0000","S69485","2","Constipation","Constipation","Gastrointestinal disorders","SEVERE","3","Y","Y","N","21","22","2012-01-28","2012-01-29","2012-01-01"
"AA-AA-000-0000","S69485","3","Vomiting","Vomiting","Gastrointestinal disorders","MODERATE","2","N","Y","Y","77","81","2012-03-24","2012-03-28","2012-01-01"
"AA-AA-000-0000","S69582","1","Aspartate aminotransferase increased","Aspartate aminotransferase increased","Investigations","MODERATE","2","N","N","N","1","2","2012-02-12","2012-02-13","2012-02-01"
"AA-AA-000-0000","S69582","2","Rash","Rash","Skin and subcutaneous tissue disorders","MODERATE","2","N","Y","N","4","16","2012-02-15","2012-02-27","2012-02-01"
"AA-AA-000-0000","S69605","1","Constipation","Constipation","Gastrointestinal disorders","MILD","1","N","Y","N","22","24","2012-02-24","2012-02-26","2012-02-01"
"AA-AA-000-0000","S69605","2","Thrombocytopenia","Thrombocytopenia","Blood and lymphatic system disorders","MODERATE","2","N","N","N","39","49","2012-03-12","2012-03-22","2012-02-01"
"AA-AA-000-0000","S69605","3","Aspartate aminotransferase increased","Aspartate aminotransferase increased","Investigations","MILD","1","N","Y","N","2","4","2012-02-04","2012-02-06","2012-02-01"
"AA-AA-000-0000","S69605","4","Nasopharyngitis","Nasopharyngitis","Infections and infestations","MILD","1","N","Y","Y","53","55","2012-03-26","2012-03-28","2012-02-01"
"AA-AA-000-0000","S69605","5","Nausea","Nausea","Gastrointestinal disorders","LIFE THREATENING","4","N","Y","N","7","11","2012-02-09","2012-02-13","2012-02-01"
"AA-AA-000-0000","S69605","6","Chills","Chills","General disorders and administration site conditions","LIFE THREATENING","4","N","N","N","40","49","2012-03-13","2012-03-22","2012-02-01"
"AA-AA-000-0000","S69635","1","Somnolence","Somnolence","Nervous system disorders","MODERATE","2","N","Y","N","6","15","2012-03-11","2012-03-20","2012-03-01"
"AA-AA-000-0000","S69684","1","Aspartate aminotransferase increased","Aspartate aminotransferase increased","Investigations","MILD","1","N","N","N","32","33","2012-03-22","2012-03-23","2012-02-01"
"AA-AA-000-0000","S69684","2","Abdominal pain","Abdominal pain","Gastrointestinal disorders","LIFE THREATENING","4","Y","N","N","32","36","2012-03-22","2012-03-26","2012-02-01"
"AA-AA-000-0000","S69684","3","Dizziness","Dizziness","Nervous system disorders","MILD","1","N","Y","N","19","25","2012-03-09","2012-03-15","2012-02-01"
"AA-AA-000-0000","S69884","1","Constipation","Constipation","Gastrointestinal disorders","MODERATE","2","N","N","Y","9","10","2012-03-27","2012-03-28","2012-03-01"
"AA-AA-000-0000","S70286","1","Abdominal pain","Abdominal pain","Gastrointestinal disorders","SEVERE","3","N","N","Y","23","23","2012-03-28","2012-03-28","2012-03-01"
"AA-AA-000-0000","S7081","1","Diarrhoea","Diarrhoea","Gastrointestinal disorders","MILD","1","N","Y","Y","14","21","2012-03-21","2012-03-28","2012-03-01"
"AA-AA-000-0000","S70885","1","Thrombocytopenia","Thrombocytopenia","Blood and lymphatic system disorders","MILD","1","N","Y","N","1","13","2012-02-18","2012-03-01","2012-02-01"
"AA-AA-000-0000","S70885","2","Urinary tract infection","Urinary tract infection","Infections and infestations","MODERATE","2","N","N","N","23","27","2012-03-11","2012-03-15","2012-02-01"
"AA-AA-000-0000","S70885","3","Abdominal pain","Abdominal pain","Gastrointestinal disorders","MILD","1","N","Y","Y","33","40","2012-03-21","2012-03-28","2012-02-01"
"AA-AA-000-0000","S70927","1","Neutropenia","Neutropenia","Blood and lymphatic system disorders","LIFE THREATENING","4","N","Y","N","4","7","2012-03-12","2012-03-15","2012-03-01"
"AA-AA-000-0000","S71065","1","Blood bilirubin increased","Blood bilirubin increased","Investigations","SEVERE","3","Y","Y","Y","5","12","2012-03-21","2012-03-28","2012-03-01"
"AA-AA-000-0000","S71069","1","Neutropenia","Neutropenia","Blood and lymphatic system disorders","LIFE THREATENING","4","N","Y","N","11","14","2012-01-20","2012-01-23","2012-01-01"
"AA-AA-000-0000","S71069","2","Headache","Headache","Nervous system disorders","MILD","1","N","Y","N","40","46","2012-02-18","2012-02-24","2012-01-01"
"AA-AA-000-0000","S71307","1","Blood bilirubin increased","Blood bilirubin increased","Investigations","MILD","1","N","Y","N","9","18","2012-03-18","2012-03-27","2012-03-01"
"AA-AA-000-0000","S71307","2","Oedema peripheral","Oedema peripheral","General disorders and administration site conditions","SEVERE","3","Y","Y","Y","19","19","2012-03-28","2012-03-28","2012-03-01"
"AA-AA-000-0000","S71658","1","Paraesthesia","Paraesthesia","Nervous system disorders","SEVERE","3","N","Y","N","29","31","2012-03-24","2012-03-26","2012-02-01"
"AA-AA-000-0000","S71658","2","Platelet count decreased","Platelet count decreased","Investigations","SEVERE","3","Y","N","N","15","19","2012-03-10","2012-03-14","2012-02-01"
"AA-AA-000-0000","S71689","1","Platelet count decreased","Platelet count decreased","Investigations","MILD","1","N","Y","Y","8","15","2012-03-21","2012-03-28","2012-03-01"
"AA-AA-000-0000","S71689","2","Vomiting","Vomiting","Gastrointestinal disorders","MILD","1","N","N","N","7","10","2012-03-20","2012-03-23","2012-03-01"
"AA-AA-000-0000","S7173","1","Upper respiratory tract infection","Upper respiratory tract infection","Infections and infestations","SEVERE","3","Y","N","N","45","66","2012-02-24","2012-03-16","2012-01-01"
"AA-AA-000-0000","S7173","2","Alanine aminotransferase increased","Alanine aminotransferase increased","Investigations","MODERATE","2","N","N","N","44","54","2012-02-23","2012-03-04","2012-01-01"
"AA-AA-000-0000","S7173","3","Urticaria","Urticaria","Skin and subcutaneous tissue disorders","MILD","1","N","Y","N","48","54","2012-02-27","2012-03-04","2012-01-01"
"AA-AA-000-0000","S7173","4","Diarrhoea","Diarrhoea","Gastrointestinal disorders","MODERATE","2","N","Y","N","28","31","2012-02-07","2012-02-10","2012-01-01"
"AA-AA-000-0000","S7173","5","Vomiting","Vomiting","Gastrointestinal disorders","SEVERE","3","N","Y","N","44","52","2012-02-23","2012-03-02","2012-01-01"
"AA-AA-000-0000","S7173","6","Myalgia","Myalgia","Musculoskeletal and connective tissue disorders","MODERATE","2","N","N","N","14","26","2012-01-24","2012-02-05","2012-01-01"
"AA-AA-000-0000","S71809","1","Alanine aminotransferase increased","Alanine aminotransferase increased","Investigations","MILD","1","N","Y","N","21","28","2012-03-17","2012-03-24","2012-02-01"
"AA-AA-000-0000","S71809","2","Upper respiratory tract infection","Upper respiratory tract infection","Infections and infestations","MODERATE","2","N","Y","N","21","23","2012-03-17","2012-03-19","2012-02-01"
"AA-AA-000-0000","S71809","3","Decreased appetite","Decreased appetite","Metabolism and nutrition disorders","MILD","1","N","Y","N","6","13","2012-03-02","2012-03-09","2012-02-01"
"AA-AA-000-0000","S71809","4","Constipation","Constipation","Gastrointestinal disorders","SEVERE","3","Y","Y","N","8","18","2012-03-04","2012-03-14","2012-02-01"
"AA-AA-000-0000","S71929","1","Chills","Chills","General disorders and administration site conditions","MILD","1","N","N","Y","49","51","2012-03-26","2012-03-28","2012-02-01"
"AA-AA-000-0000","S71929","2","Myalgia","Myalgia","Musculoskeletal and connective tissue disorders","MILD","1","N","N","N","48","50","2012-03-25","2012-03-27","2012-02-01"
"AA-AA-000-0000","S71929","3","Alanine aminotransferase increased","Alanine aminotransferase increased","Investigations","MILD","1","N","N","N","42","43","2012-03-19","2012-03-20","2012-02-01"
"AA-AA-000-0000","S71929","4","Dyspnoea","Dyspnoea","Respiratory, thoracic and mediastinal disorders","MILD","1","N","N","N","12","21","2012-02-18","2012-02-27","2012-02-01"
"AA-AA-000-0000","S71929","5","Aspartate aminotransferase increased","Aspartate aminotransferase increased","Investigations","MILD","1","N","Y","N","20","26","2012-02-26","2012-03-03","2012-02-01"
"AA-AA-000-0000","S71929","6","Alanine aminotransferase increased","Alanine aminotransferase increased","Investigations","SEVERE","3","N","Y","N","9","17","2012-02-15","2012-02-23","2012-02-01"
"AA-AA-000-0000","S7193","1","Neutropenia","Neutropenia","Blood and lymphatic system disorders","MODERATE","2","N","N","N","68","70","2012-03-23","2012-03-25","2012-01-01"
"AA-AA-000-0000","S7193","2","Nausea","Nausea","Gastrointestinal disorders","MODERATE","2","N","Y","N","67","68","2012-03-22","2012-03-23","2012-01-01"
"AA-AA-000-0000","S7193","3","Anaemia","Anaemia","Blood and lymphatic system disorders","MODERATE","2","N","N","N","53","55","2012-03-08","2012-03-10","2012-01-01"
"AA-AA-000-0000","S7193","4","Abdominal pain","Abdominal pain","Gastrointestinal disorders","MODERATE","2","N","N","Y","69","73","2012-03-24","2012-03-28","2012-01-01"
"AA-AA-000-0000","S7193","5","Upper respiratory tract infection","Upper respiratory tract infection","Infections and infestations","SEVERE","3","N","N","N","46","50","2012-03-01","2012-03-05","2012-01-01"
"AA-AA-000-0000","S7193","6","Neutropenia","Neutropenia","Blood and lymphatic system disorders","MODERATE","2","N","Y","N","46","50","2012-03-01","2012-03-05","2012-01-01"
"AA-AA-000-0000","S7193","7","Neutropenia","Neutropenia","Blood and lymphatic system disorders","MILD","1","N","Y","N","48","50","2012-03-03","2012-03-05","2012-01-01"
"AA-AA-000-0000","S7193","8","Aspartate aminotransferase increased","Aspartate aminotransferase increased","Investigations","MILD","1","N","Y","N","25","35","2012-02-09","2012-02-19","2012-01-01"
"AA-AA-000-0000","S7193","9","Alanine aminotransferase increased","Alanine aminotransferase increased","Investigations","SEVERE","3","Y","N","N","43","46","2012-02-27","2012-03-01","2012-01-01"
"AA-AA-000-0000","S7193","10","Alanine aminotransferase increased","Alanine aminotransferase increased","Investigations","MODERATE","2","N","Y","N","59","62","2012-03-14","2012-03-17","2012-01-01"
"AA-AA-000-0000","S7193","11","Neutropenia","Neutropenia","Blood and lymphatic system disorders","SEVERE","3","Y","N","N","49","61","2012-03-04","2012-03-16","2012-01-01"
"AA-AA-000-0000","S72124","1","Myalgia","Myalgia","Musculoskeletal and connective tissue disorders","MILD","1","N","N","Y","1","12","2012-03-17","2012-03-28","2012-03-01"
"AA-AA-000-0000","S72124","2","Platelet count decreased","Platelet count decreased","Investigations","SEVERE","3","Y","Y","N","1","9","2012-03-17","2012-03-25","2012-03-01"
"AA-AA-000-0000","S72124","3","Constipation","Constipation","Gastrointestinal disorders","MODERATE","2","N","Y","Y","11","12","2012-03-27","2012-03-28","2012-03-01"
"AA-AA-000-0000","S72124","4","Blood bilirubin increased","Blood bilirubin increased","Investigations","MILD","1","N","Y","N","4","7","2012-03-20","2012-03-23","2012-03-01"
"AA-AA-000-0000","S72238","1","Constipation","Constipation","Gastrointestinal disorders","SEVERE","3","Y","N","Y","23","25","2012-03-26","2012-03-28","2012-03-01"
"AA-AA-000-0000","S72238","2","Blood bilirubin increased","Blood bilirubin increased","Investigations","MILD","1","N","N","Y","25","25","2012-03-28","2012-03-28","2012-03-01"
"AA-AA-000-0000","S72238","3","Aspartate aminotransferase increased","Aspartate aminotransferase increased","Investigations","MODERATE","2","N","Y","N","21","23","2012-03-24","2012-03-26","2012-03-01"
"AA-AA-000-0000","S72389","1","Nausea","Nausea","Gastrointestinal disorders","MILD","1","N","N","N","40","47","2012-03-03","2012-03-10","2012-01-01"
"AA-AA-000-0000","S72389","2","Aspartate aminotransferase increased","Aspartate aminotransferase increased","Investigations","MODERATE","2","N","Y","N","8","26","2012-01-31","2012-02-18","2012-01-01"
"AA-AA-000-0000","S72389","3","Cough","Cough","Respiratory, thoracic and mediastinal disorders","MODERATE","2","N","Y","N","31","52","2012-02-23","2012-03-15","2012-01-01"
"AA-AA-000-0000","S72389","4","Alanine aminotransferase increased","Alanine aminotransferase increased","Investigations","MODERATE","2","N","Y","N","57","59","2012-03-20","2012-03-22","2012-01-01"
"AA-AA-000-0000","S72389","5","Vomiting","Vomiting","Gastrointestinal disorders","MILD","1","N","Y","N","29","30","2012-02-21","2012-02-22","2012-01-01"
"AA-AA-000-0000","S72389","6","Pyrexia","Pyrexia","General disorders and administration site conditions","SEVERE","3","N","Y","N","33","37","2012-02-25","2012-02-29","2012-01-01"
"AA-AA-000-0000","S72389","7","Nausea","Nausea","Gastrointestinal disorders","MILD","1","N","Y","N","2","3","2012-01-25","2012-01-26","2012-01-01"
"AA-AA-000-0000","S72515","1","Abdominal pain","Abdominal pain","Gastrointestinal disorders","MILD","1","N","Y","N","32","39","2012-03-20","2012-03-27","2012-02-01"
"AA-AA-000-0000","S72530","1","Paraesthesia","Paraesthesia","Nervous system disorders","LIFE THREATENING","4","Y","N","N","15","22","2012-03-16","2012-03-23","2012-03-01"
"AA-AA-000-0000","S72530","2","Constipation","Constipation","Gastrointestinal disorders","MODERATE","2","N","N","Y","22","27","2012-03-23","2012-03-28","2012-03-01"
"AA-AA-000-0000","S72530","3","Myalgia","Myalgia","Musculoskeletal and connective tissue disorders","SEVERE","3","N","Y","Y","25","27","2012-03-26","2012-03-28","2012-03-01"
"AA-AA-000-0000","S72530","4","Anaemia","Anaemia","Blood and lymphatic system disorders","LIFE THREATENING","4","Y","Y","N","16","22","2012-03-17","2012-03-23","2012-03-01"
"AA-AA-000-0000","S72738","1","Oedema peripheral","Oedema peripheral","General disorders and administration site conditions","MODERATE","2","N","N","Y","23","26","2012-03-25","2012-03-28","2012-03-01"
"AA-AA-000-0000","S72738","2","Neutropenia","Neutropenia","Blood and lymphatic system disorders","LIFE THREATENING","4","Y","Y","N","12","21","2012-03-14","2012-03-23","2012-03-01"
"AA-AA-000-0000","S72738","3","Anaemia","Anaemia","Blood and lymphatic system disorders","MODERATE","2","N","Y","N","10","14","2012-03-12","2012-03-16","2012-03-01"
"AA-AA-000-0000","S72738","4","Blood bilirubin increased","Blood bilirubin increased","Investigations","LIFE THREATENING","4","Y","N","N","17","23","2012-03-19","2012-03-25","2012-03-01"
"AA-AA-000-0000","S72738","5","Platelet count decreased","Platelet count decreased","Investigations","LIFE THREATENING","4","Y","N","N","4","7","2012-03-06","2012-03-09","2012-03-01"
"AA-AA-000-0000","S7284","1","Paraesthesia","Paraesthesia","Nervous system disorders","MODERATE","2","N","N","N","14","16","2012-03-02","2012-03-04","2012-02-01"
"AA-AA-000-0000","S72956","1","Thrombocytopenia","Thrombocytopenia","Blood and lymphatic system disorders","SEVERE","3","Y","Y","Y","17","24","2012-03-21","2012-03-28","2012-03-01"
"AA-AA-000-0000","S72956","2","Paraesthesia","Paraesthesia","Nervous system disorders","MODERATE","2","N","Y","N","15","20","2012-03-19","2012-03-24","2012-03-01"
"AA-AA-000-0000","S73213","1","Headache","Headache","Nervous system disorders","MILD","1","N","N","N","14","16","2012-03-03","2012-03-05","2012-02-01"
"AA-AA-000-0000","S73552","1","Blood bilirubin increased","Blood bilirubin increased","Investigations","MILD","1","N","N","Y","42","47","2012-03-23","2012-03-28","2012-02-01"
"AA-AA-000-0000","S73715","1","Thrombocytopenia","Thrombocytopenia","Blood and lymphatic system disorders","SEVERE","3","Y","Y","N","26","30","2012-02-06","2012-02-10","2012-01-01"
"AA-AA-000-0000","S73715","2","Fatigue","Fatigue","General disorders and administration site conditions","MODERATE","2","N","Y","N","20","31","2012-01-31","2012-02-11","2012-01-01"
"AA-AA-000-0000","S73715","3","Aspartate aminotransferase increased","Aspartate aminotransferase increased","Investigations","MILD","1","N","Y","N","22","39","2012-02-02","2012-02-19","2012-01-01"
"AA-AA-000-0000","S73715","4","Headache","Headache","Nervous system disorders","SEVERE","3","Y","N","N","8","23","2012-01-19","2012-02-03","2012-01-01"
"AA-AA-000-0000","S73715","5","Aspartate aminotransferase increased","Aspartate aminotransferase increased","Investigations","MILD","1","N","Y","N","41","59","2012-02-21","2012-03-10","2012-01-01"
"AA-AA-000-0000","S73715","6","Myalgia","Myalgia","Musculoskeletal and connective tissue disorders","SEVERE","3","Y","Y","Y","76","77","2012-03-27","2012-03-28","2012-01-01"
"AA-AA-000-0000","S73715","7","Constipation","Constipation","Gastrointestinal disorders","SEVERE","3","Y","Y","N","26","36","2012-02-06","2012-02-16","2012-01-01"
"AA-AA-000-0000","S73715","8","Somnolence","Somnolence","Nervous system disorders","SEVERE","3","N","Y","N","23","32","2012-02-03","2012-02-12","2012-01-01"
"AA-AA-000-0000","S73715","9","Nausea","Nausea","Gastrointestinal disorders","MILD","1","N","Y","N","47","48","2012-02-27","2012-02-28","2012-01-01"
"AA-AA-000-0000","S73715","10","Fatigue","Fatigue","General disorders and administration site conditions","SEVERE","3","N","N","N","32","40","2012-02-12","2012-02-20","2012-01-01"
"AA-AA-000-0000","S73715","11","Dyspnoea","Dyspnoea","Respiratory, thoracic and mediastinal disorders","MILD","1","N","N","N","9","19","2012-01-20","2012-01-30","2012-01-01"
"AA-AA-000-0000","S73715","12","Alanine aminotransferase increased","Alanine aminotransferase increased","Investigations","MILD","1","Y","N","N","42","51","2012-02-22","2012-03-02","2012-01-01"
"AA-AA-000-0000","S73715","13","Thrombocytopenia","Thrombocytopenia","Blood and lymphatic system disorders","MILD","1","N","N","N","20","51","2012-01-31","2012-03-02","2012-01-01"
"AA-AA-000-0000","S73715","14","Paraesthesia","Paraesthesia","Nervous system disorders","LIFE THREATENING","4","N","Y","N","35","41","2012-02-15","2012-02-21","2012-01-01"
"AA-AA-000-0000","S73715","15","Platelet count decreased","Platelet count decreased","Investigations","MODERATE","2","N","N","N","45","54","2012-02-25","2012-03-05","2012-01-01"
"AA-AA-000-0000","S73715","16","Somnolence","Somnolence","Nervous system disorders","MODERATE","2","N","Y","N","4","7","2012-01-15","2012-01-18","2012-01-01"
"AA-AA-000-0000","S73715","17","Abdominal pain","Abdominal pain","Gastrointestinal disorders","MODERATE","2","N","N","Y","55","77","2012-03-06","2012-03-28","2012-01-01"
"AA-AA-000-0000","S73715","18","Abdominal pain","Abdominal pain","Gastrointestinal disorders","SEVERE","3","Y","Y","Y","57","77","2012-03-08","2012-03-28","2012-01-01"
"AA-AA-000-0000","S73715","19","Diarrhoea","Diarrhoea","Gastrointestinal disorders","MODERATE","2","N","Y","N","71","73","2012-03-22","2012-03-24","2012-01-01"
"AA-AA-000-0000","S73715","20","Blood bilirubin increased","Blood bilirubin increased","Investigations","MODERATE","2","N","N","N","63","65","2012-03-14","2012-03-16","2012-01-01"
"AA-AA-000-0000","S73715","21","Blood bilirubin increased","Blood bilirubin increased","Investigations","MODERATE","2","N","Y","N","54","56","2012-03-05","2012-03-07","2012-01-01"
"AA-AA-000-0000","S7395","1","Cough","Cough","Respiratory, thoracic and mediastinal disorders","MODERATE","2","N","N","N","28","32","2012-02-17","2012-02-21","2012-01-01"
"AA-AA-000-0000","S7395","2","Nausea","Nausea","Gastrointestinal disorders","MODERATE","2","N","N","Y","55","68","2012-03-15","2012-03-28","2012-01-01"
"AA-AA-000-0000","S7395","3","Back pain","Back pain","Musculoskeletal and connective tissue disorders","MODERATE","2","N","Y","N","34","35","2012-02-23","2012-02-24","2012-01-01"
"AA-AA-000-0000","S7395","4","Nausea","Nausea","Gastrointestinal disorders","MODERATE","2","Y","N","N","31","34","2012-02-20","2012-02-23","2012-01-01"
"AA-AA-000-0000","S7395","5","Chills","Chills","General disorders and administration site conditions","MODERATE","2","N","Y","N","39","42","2012-02-28","2012-03-02","2012-01-01"
"AA-AA-000-0000","S7395","6","Constipation","Constipation","Gastrointestinal disorders","MODERATE","2","N","Y","N","20","39","2012-02-09","2012-02-28","2012-01-01"
"AA-AA-000-0000","S7395","7","Headache","Headache","Nervous system disorders","MODERATE","2","Y","Y","N","36","41","2012-02-25","2012-03-01","2012-01-01"
"AA-AA-000-0000","S7395","8","Pyrexia","Pyrexia","General disorders and administration site conditions","SEVERE","3","N","N","N","34","36","2012-02-23","2012-02-25","2012-01-01"
"AA-AA-000-0000","S7395","9","Decreased appetite","Decreased appetite","Metabolism and nutrition disorders","MILD","1","N","Y","N","4","5","2012-01-24","2012-01-25","2012-01-01"
"AA-AA-000-0000","S7395","10","Vomiting","Vomiting","Gastrointestinal disorders","MILD","1","N","Y","N","17","33","2012-02-06","2012-02-22","2012-01-01"
"AA-AA-000-0000","S7395","11","Arthralgia","Arthralgia","Musculoskeletal and connective tissue disorders","MILD","1","N","Y","N","55","56","2012-03-15","2012-03-16","2012-01-01"
"AA-AA-000-0000","S73984","1","Blood bilirubin increased","Blood bilirubin increased","Investigations","LIFE THREATENING","4","N","N","N","7","9","2012-03-24","2012-03-26","2012-03-01"
"AA-AA-000-0000","S73984","2","Upper respiratory tract infection","Upper respiratory tract infection","Infections and infestations","MILD","1","N","N","Y","1","11","2012-03-18","2012-03-28","2012-03-01"
"AA-AA-000-0000","S74155","1","Nausea","Nausea","Gastrointestinal disorders","MODERATE","2","N","Y","Y","5","6","2012-03-27","2012-03-28","2012-03-01"
"AA-AA-000-0000","S74155","2","Back pain","Back pain","Musculoskeletal and connective tissue disorders","MILD","1","N","Y","Y","6","6","2012-03-28","2012-03-28","2012-03-01"
"AA-AA-000-0000","S74519","1","Oedema peripheral","Oedema peripheral","General disorders and administration site conditions","MODERATE","2","N","N","Y","79","87","2012-03-20","2012-03-28","2012-01-01"
"AA-AA-000-0000","S74519","2","Dyspnoea","Dyspnoea","Respiratory, thoracic and mediastinal disorders","SEVERE","3","N","Y","N","41","51","2012-02-11","2012-02-21","2012-01-01"
"AA-AA-000-0000","S74519","3","Platelet count decreased","Platelet count decreased","Investigations","LIFE THREATENING","4","Y","N","N","76","82","2012-03-17","2012-03-23","2012-01-01"
"AA-AA-000-0000","S74519","4","Diarrhoea","Diarrhoea","Gastrointestinal disorders","MILD","1","N","N","N","2","6","2012-01-03","2012-01-07","2012-01-01"
"AA-AA-000-0000","S74519","5","Rash","Rash","Skin and subcutaneous tissue disorders","SEVERE","3","Y","Y","N","29","30","2012-01-30","2012-01-31","2012-01-01"
"AA-AA-000-0000","S74519","6","Upper respiratory tract infection","Upper respiratory tract infection","Infections and infestations","LIFE THREATENING","4","N","N","N","49","70","2012-02-19","2012-03-11","2012-01-01"
"AA-AA-000-0000","S74519","7","Decreased appetite","Decreased appetite","Metabolism and nutrition disorders","SEVERE","3","Y","Y","N","8","16","2012-01-09","2012-01-17","2012-01-01"
"AA-AA-000-0000","S74728","1","Constipation","Constipation","Gastrointestinal disorders","LIFE THREATENING","4","Y","N","N","45","47","2012-03-10","2012-03-12","2012-01-01"
"AA-AA-000-0000","S74728","2","Fatigue","Fatigue","General disorders and administration site conditions","MODERATE","2","N","N","N","43","47","2012-03-08","2012-03-12","2012-01-01"
"AA-AA-000-0000","S74728","3","Nausea","Nausea","Gastrointestinal disorders","MODERATE","2","N","N","N","20","25","2012-02-14","2012-02-19","2012-01-01"
"AA-AA-000-0000","S74728","4","Diarrhoea","Diarrhoea","Gastrointestinal disorders","MILD","1","N","N","N","6","9","2012-01-31","2012-02-03","2012-01-01"
"AA-AA-000-0000","S74728","5","Hypokalaemia","Hypokalaemia","Metabolism and nutrition disorders","MILD","1","N","N","N","27","34","2012-02-21","2012-02-28","2012-01-01"
"AA-AA-000-0000","S74728","6","Aspartate aminotransferase increased","Aspartate aminotransferase increased","Investigations","SEVERE","3","Y","N","N","6","17","2012-01-31","2012-02-11","2012-01-01"
"AA-AA-000-0000","S74728","7","Somnolence","Somnolence","Nervous system disorders","MILD","1","N","N","N","9","52","2012-02-03","2012-03-17","2012-01-01"
"AA-AA-000-0000","S74728","8","Blood bilirubin increased","Blood bilirubin increased","Investigations","MODERATE","2","N","N","N","48","53","2012-03-13","2012-03-18","2012-01-01"
"AA-AA-000-0000","S74797","1","Aspartate aminotransferase increased","Aspartate aminotransferase increased","Investigations","SEVERE","3","N","Y","N","4","7","2012-02-17","2012-02-20","2012-02-01"
"AA-AA-000-0000","S74871","1","Constipation","Constipation","Gastrointestinal disorders","LIFE THREATENING","4","Y","Y","Y","19","19","2012-03-28","2012-03-28","2012-03-01"
"AA-AA-000-0000","S74871","2","Nausea","Nausea","Gastrointestinal disorders","MILD","1","N","Y","Y","18","19","2012-03-27","2012-03-28","2012-03-01"
"AA-AA-000-0000","S74901","1","Platelet count decreased","Platelet count decreased","Investigations","MODERATE","2","N","Y","Y","6","8","2012-03-26","2012-03-28","2012-03-01"
"AA-AA-000-0000","S75016","1","Upper respiratory tract infection","Upper respiratory tract infection","Infections and infestations","MODERATE","2","N","N","N","37","53","2012-03-08","2012-03-24","2012-02-01"
"AA-AA-000-0000","S75016","2","Aspartate aminotransferase increased","Aspartate aminotransferase increased","Investigations","MILD","1","N","Y","N","42","48","2012-03-13","2012-03-19","2012-02-01"
"AA-AA-000-0000","S75016","3","Pyrexia","Pyrexia","General disorders and administration site conditions","SEVERE","3","Y","Y","N","20","30","2012-02-20","2012-03-01","2012-02-01"
"AA-AA-000-0000","S75016","4","Back pain","Back pain","Musculoskeletal and connective tissue disorders","MODERATE","2","N","N","N","23","28","2012-02-23","2012-02-28","2012-02-01"
"AA-AA-000-0000","S75060","1","Alanine aminotransferase increased","Alanine aminotransferase increased","Investigations","SEVERE","3","Y","Y","N","1","5","2012-03-19","2012-03-23","2012-03-01"
"AA-AA-000-0000","S75060","2","Alanine aminotransferase increased","Alanine aminotransferase increased","Investigations","SEVERE","3","Y","N","N","5","6","2012-03-23","2012-03-24","2012-03-01"
"AA-AA-000-0000","S75060","3","Alanine aminotransferase increased","Alanine aminotransferase increased","Investigations","MILD","1","N","N","Y","5","10","2012-03-23","2012-03-28","2012-03-01"
"AA-AA-000-0000","S75216","1","Fatigue","Fatigue","General disorders and administration site conditions","MILD","1","Y","Y","Y","20","28","2012-03-20","2012-03-28","2012-03-01"
"AA-AA-000-0000","S75216","2","Constipation","Constipation","Gastrointestinal disorders","MILD","1","N","N","N","3","4","2012-03-03","2012-03-04","2012-03-01"
"AA-AA-000-0000","S75216","3","Cough","Cough","Respiratory, thoracic and mediastinal disorders","MILD","1","N","N","N","24","27","2012-03-24","2012-03-27","2012-03-01"
"AA-AA-000-0000","S75305","1","Alanine aminotransferase increased","Alanine aminotransferase increased","Investigations","MILD","1","N","N","N","17","24","2012-03-12","2012-03-19","2012-02-01"
"AA-AA-000-0000","S75437","1","Abdominal pain","Abdominal pain","Gastrointestinal disorders","MODERATE","2","N","Y","N","1","11","2012-02-12","2012-02-22","2012-02-01"
"AA-AA-000-0000","S75437","2","Hypokalaemia","Hypokalaemia","Metabolism and nutrition disorders","MILD","1","N","N","Y","41","46","2012-03-23","2012-03-28","2012-02-01"
"AA-AA-000-0000","S75437","3","Constipation","Constipation","Gastrointestinal disorders","MILD","1","N","N","N","5","8","2012-02-16","2012-02-19","2012-02-01"
"AA-AA-000-0000","S75437","4","Cough","Cough","Respiratory, thoracic and mediastinal disorders","MILD","1","N","N","N","23","25","2012-03-05","2012-03-07","2012-02-01"
"AA-AA-000-0000","S75437","5","Anaemia","Anaemia","Blood and lymphatic system disorders","MILD","1","N","N","N","37","42","2012-03-19","2012-03-24","2012-02-01"
"AA-AA-000-0000","S75437","6","Neutropenia","Neutropenia","Blood and lymphatic system disorders","SEVERE","3","Y","N","N","17","25","2012-02-28","2012-03-07","2012-02-01"
"AA-AA-000-0000","S75437","7","Constipation","Constipation","Gastrointestinal disorders","MODERATE","2","N","N","Y","32","46","2012-03-14","2012-03-28","2012-02-01"
"AA-AA-000-0000","S75527","1","Platelet count decreased","Platelet count decreased","Investigations","MILD","1","N","N","Y","37","43","2012-03-22","2012-03-28","2012-02-01"
"AA-AA-000-0000","S75534","1","Abdominal pain","Abdominal pain","Gastrointestinal disorders","MILD","1","N","Y","Y","3","9","2012-03-22","2012-03-28","2012-03-01"
"AA-AA-000-0000","S75534","2","Platelet count decreased","Platelet count decreased","Investigations","MODERATE","2","N","Y","Y","9","9","2012-03-28","2012-03-28","2012-03-01"
"AA-AA-000-0000","S75534","3","Alanine aminotransferase increased","Alanine aminotransferase increased","Investigations","MILD","1","N","Y","Y","4","9","2012-03-23","2012-03-28","2012-03-01"
"AA-AA-000-0000","S75534","4","Alanine aminotransferase increased","Alanine aminotransferase increased","Investigations","MODERATE","2","N","N","N","2","5","2012-03-21","2012-03-24","2012-03-01"
"AA-AA-000-0000","S75534","5","Neutropenia","Neutropenia","Blood and lymphatic system disorders","LIFE THREATENING","4","Y","N","Y","8","9","2012-03-27","2012-03-28","2012-03-01"
"AA-AA-000-0000","S75534","6","Vomiting","Vomiting","Gastrointestinal disorders","SEVERE","3","N","N","Y","8","9","2012-03-27","2012-03-28","2012-03-01"
"AA-AA-000-0000","S75551","1","Decreased appetite","Decreased appetite","Metabolism and nutrition disorders","LIFE THREATENING","4","Y","N","N","14","16","2012-03-12","2012-03-14","2012-02-01"
"AA-AA-000-0000","S75583","1","Vomiting","Vomiting","Gastrointestinal disorders","SEVERE","3","N","Y","N","12","14","2012-03-19","2012-03-21","2012-03-01"
"AA-AA-000-0000","S75583","2","Platelet count decreased","Platelet count decreased","Investigations","MILD","1","N","Y","Y","21","21","2012-03-28","2012-03-28","2012-03-01"
"AA-AA-000-0000","S75583","3","Blood bilirubin increased","Blood bilirubin increased","Investigations","SEVERE","3","Y","N","N","10","15","2012-03-17","2012-03-22","2012-03-01"
"AA-AA-000-0000","S75583","4","Anaemia","Anaemia","Blood and lymphatic system disorders","LIFE THREATENING","4","N","Y","Y","3","21","2012-03-10","2012-03-28","2012-03-01"
"AA-AA-000-0000","S7559","1","Alanine aminotransferase increased","Alanine aminotransferase increased","Investigations","SEVERE","3","N","Y","Y","22","49","2012-03-01","2012-03-28","2012-02-01"
"AA-AA-000-0000","S7559","2","Nausea","Nausea","Gastrointestinal disorders","SEVERE","3","Y","Y","N","37","44","2012-03-16","2012-03-23","2012-02-01"
"AA-AA-000-0000","S7559","3","Thrombocytopenia","Thrombocytopenia","Blood and lymphatic system disorders","SEVERE","3","Y","N","N","19","48","2012-02-27","2012-03-27","2012-02-01"
"AA-AA-000-0000","S7559","4","Vomiting","Vomiting","Gastrointestinal disorders","LIFE THREATENING","4","N","N","N","33","35","2012-03-12","2012-03-14","2012-02-01"
"AA-AA-000-0000","S7559","5","Thrombocytopenia","Thrombocytopenia","Blood and lymphatic system disorders","MODERATE","2","N","Y","Y","42","49","2012-03-21","2012-03-28","2012-02-01"
"AA-AA-000-0000","S7559","6","Abdominal pain","Abdominal pain","Gastrointestinal disorders","MILD","1","N","Y","N","11","21","2012-02-19","2012-02-29","2012-02-01"
"AA-AA-000-0000","S7559","7","Vomiting","Vomiting","Gastrointestinal disorders","MILD","1","N","Y","N","5","9","2012-02-13","2012-02-17","2012-02-01"
"AA-AA-000-0000","S7559","8","Thrombocytopenia","Thrombocytopenia","Blood and lymphatic system disorders","LIFE THREATENING","4","Y","N","N","29","32","2012-03-08","2012-03-11","2012-02-01"
"AA-AA-000-0000","S7559","9","Alanine aminotransferase increased","Alanine aminotransferase increased","Investigations","MILD","1","N","N","N","40","44","2012-03-19","2012-03-23","2012-02-01"
"AA-AA-000-0000","S7559","10","Pruritus","Pruritus","Skin and subcutaneous tissue disorders","SEVERE","3","Y","N","Y","44","49","2012-03-23","2012-03-28","2012-02-01"
"AA-AA-000-0000","S7559","11","Blood bilirubin increased","Blood bilirubin increased","Investigations","MODERATE","2","N","N","N","6","7","2012-02-14","2012-02-15","2012-02-01"
"AA-AA-000-0000","S7559","12","Anaemia","Anaemia","Blood and lymphatic system disorders","MODERATE","2","Y","N","N","36","48","2012-03-15","2012-03-27","2012-02-01"
"AA-AA-000-0000","S7559","13","Blood bilirubin increased","Blood bilirubin increased","Investigations","MILD","1","N","Y","Y","46","49","2012-03-25","2012-03-28","2012-02-01"
"AA-AA-000-0000","S75690","1","Platelet count decreased","Platelet count decreased","Investigations","MILD","1","N","N","N","27","30","2012-03-14","2012-03-17","2012-02-01"
"AA-AA-000-0000","S75690","2","Chills","Chills","General disorders and administration site conditions","MODERATE","2","N","N","N","29","31","2012-03-16","2012-03-18","2012-02-01"
"AA-AA-000-0000","S75690","3","Dizziness","Dizziness","Nervous system disorders","MODERATE","2","N","Y","N","12","24","2012-02-28","2012-03-11","2012-02-01"
"AA-AA-000-0000","S75690","4","Urinary tract infection","Urinary tract infection","Infections and infestations","MODERATE","2","N","Y","N","2","3","2012-02-18","2012-02-19","2012-02-01"
"AA-AA-000-0000","S76005","1","Upper respiratory tract infection","Upper respiratory tract infection","Infections and infestations","MILD","1","N","N","Y","11","19","2012-03-20","2012-03-28","2012-03-01"
"AA-AA-000-0000","S76005","2","Upper respiratory tract infection","Upper respiratory tract infection","Infections and infestations","MODERATE","2","N","N","Y","8","19","2012-03-17","2012-03-28","2012-03-01"
"AA-AA-000-0000","S76005","3","Dizziness","Dizziness","Nervous system disorders","MILD","1","N","N","Y","18","19","2012-03-27","2012-03-28","2012-03-01"
"AA-AA-000-0000","S76017","1","Constipation","Constipation","Gastrointestinal disorders","MODERATE","2","N","N","N","60","62","2012-03-16","2012-03-18","2012-01-01"
"AA-AA-000-0000","S76017","2","Neutropenia","Neutropenia","Blood and lymphatic system disorders","MODERATE","2","N","Y","N","65","68","2012-03-21","2012-03-24","2012-01-01"
"AA-AA-000-0000","S76017","3","Anaemia","Anaemia","Blood and lymphatic system disorders","MILD","1","N","N","N","29","37","2012-02-14","2012-02-22","2012-01-01"
"AA-AA-000-0000","S76017","4","Constipation","Constipation","Gastrointestinal disorders","MILD","1","N","Y","N","23","25","2012-02-08","2012-02-10","2012-01-01"
"AA-AA-000-0000","S76127","1","Upper respiratory tract infection","Upper respiratory tract infection","Infections and infestations","MODERATE","2","N","N","Y","4","6","2012-03-26","2012-03-28","2012-03-01"
"AA-AA-000-0000","S7616","1","Nausea","Nausea","Gastrointestinal disorders","SEVERE","3","Y","Y","N","14","24","2012-03-15","2012-03-25","2012-03-01"
"AA-AA-000-0000","S76397","1","Alanine aminotransferase increased","Alanine aminotransferase increased","Investigations","MILD","1","N","Y","N","7","8","2012-03-25","2012-03-26","2012-03-01"
"AA-AA-000-0000","S76397","2","Alanine aminotransferase increased","Alanine aminotransferase increased","Investigations","LIFE THREATENING","4","N","Y","Y","1","10","2012-03-19","2012-03-28","2012-03-01"
"AA-AA-000-0000","S76397","3","Arthralgia","Arthralgia","Musculoskeletal and connective tissue disorders","LIFE THREATENING","4","Y","Y","N","3","6","2012-03-21","2012-03-24","2012-03-01"
"AA-AA-000-0000","S76397","4","Paraesthesia","Paraesthesia","Nervous system disorders","MILD","1","N","N","Y","9","10","2012-03-27","2012-03-28","2012-03-01"
"AA-AA-000-0000","S76397","5","Abdominal pain","Abdominal pain","Gastrointestinal disorders","MODERATE","2","N","Y","Y","7","10","2012-03-25","2012-03-28","2012-03-01"
"AA-AA-000-0000","S76424","1","Anaemia","Anaemia","Blood and lymphatic system disorders","MILD","1","N","Y","N","34","35","2012-02-16","2012-02-17","2012-01-01"
"AA-AA-000-0000","S76424","2","Decreased appetite","Decreased appetite","Metabolism and nutrition disorders","MILD","1","N","N","Y","73","75","2012-03-26","2012-03-28","2012-01-01"
"AA-AA-000-0000","S76424","3","Diarrhoea","Diarrhoea","Gastrointestinal disorders","MILD","1","Y","Y","Y","75","75","2012-03-28","2012-03-28","2012-01-01"
"AA-AA-000-0000","S76844","1","Constipation","Constipation","Gastrointestinal disorders","MODERATE","2","N","Y","N","13","14","2012-03-20","2012-03-21","2012-03-01"
"AA-AA-000-0000","S77607","1","Constipation","Constipation","Gastrointestinal disorders","MODERATE","2","N","Y","N","16","31","2012-03-01","2012-03-16","2012-02-01"
"AA-AA-000-0000","S77607","2","Diarrhoea","Diarrhoea","Gastrointestinal disorders","SEVERE","3","Y","Y","N","3","7","2012-02-17","2012-02-21","2012-02-01"
"AA-AA-000-0000","S77607","3","Paraesthesia","Paraesthesia","Nervous system disorders","MILD","1","N","Y","Y","28","43","2012-03-13","2012-03-28","2012-02-01"
"AA-AA-000-0000","S77607","4","Abdominal pain","Abdominal pain","Gastrointestinal disorders","MILD","1","N","Y","N","13","15","2012-02-27","2012-02-29","2012-02-01"
"AA-AA-000-0000","S7775","1","Thrombocytopenia","Thrombocytopenia","Blood and lymphatic system disorders","MODERATE","2","N","Y","N","34","48","2012-03-09","2012-03-23","2012-02-01"
"AA-AA-000-0000","S7775","2","Thrombocytopenia","Thrombocytopenia","Blood and lymphatic system disorders","MILD","1","N","N","Y","48","53","2012-03-23","2012-03-28","2012-02-01"
"AA-AA-000-0000","S7775","3","Platelet count decreased","Platelet count decreased","Investigations","MODERATE","2","N","N","N","8","38","2012-02-12","2012-03-13","2012-02-01"
"AA-AA-000-0000","S7775","4","Rash","Rash","Skin and subcutaneous tissue disorders","MODERATE","2","N","Y","Y","44","53","2012-03-19","2012-03-28","2012-02-01"
"AA-AA-000-0000","S7775","5","Anaemia","Anaemia","Blood and lymphatic system disorders","MODERATE","2","N","Y","N","8","24","2012-02-12","2012-02-28","2012-02-01"
"AA-AA-000-0000","S7775","6","Urticaria","Urticaria","Skin and subcutaneous tissue disorders","MILD","1","N","N","N","18","24","2012-02-22","2012-02-28","2012-02-01"
"AA-AA-000-0000","S7775","7","Blood bilirubin increased","Blood bilirubin increased","Investigations","MODERATE","2","N","N","N","41","44","2012-03-16","2012-03-19","2012-02-01"
"AA-AA-000-0000","S7775","8","Vomiting","Vomiting","Gastrointestinal disorders","LIFE THREATENING","4","Y","Y","N","7","28","2012-02-11","2012-03-03","2012-02-01"
"AA-AA-000-0000","S7775","9","Platelet count decreased","Platelet count decreased","Investigations","SEVERE","3","Y","N","N","10","12","2012-02-14","2012-02-16","2012-02-01"
"AA-AA-000-0000","S7775","10","Anaemia","Anaemia","Blood and lymphatic system disorders","MILD","1","N","N","N","41","52","2012-03-16","2012-03-27","2012-02-01"
"AA-AA-000-0000","S7775","11","Oedema peripheral","Oedema peripheral","General disorders and administration site conditions","MODERATE","2","N","N","N","40","43","2012-03-15","2012-03-18","2012-02-01"
"AA-AA-000-0000","S7775","12","Blood bilirubin increased","Blood bilirubin increased","Investigations","MILD","1","N","Y","N","35","39","2012-03-10","2012-03-14","2012-02-01"
"AA-AA-000-0000","S7775","13","Platelet count decreased","Platelet count decreased","Investigations","SEVERE","3","N","Y","N","18","28","2012-02-22","2012-03-03","2012-02-01"
"AA-AA-000-0000","S7775","14","Alanine aminotransferase increased","Alanine aminotransferase increased","Investigations","MILD","1","N","N","N","8","18","2012-02-12","2012-02-22","2012-02-01"
"AA-AA-000-0000","S78130","1","Chills","Chills","General disorders and administration site conditions","MILD","1","N","Y","N","22","30","2012-03-12","2012-03-20","2012-02-01"
"AA-AA-000-0000","S78130","2","Aspartate aminotransferase increased","Aspartate aminotransferase increased","Investigations","MILD","1","N","N","N","6","23","2012-02-25","2012-03-13","2012-02-01"
"AA-AA-000-0000","S78130","3","Neutropenia","Neutropenia","Blood and lymphatic system disorders","SEVERE","3","Y","N","N","7","16","2012-02-26","2012-03-06","2012-02-01"
"AA-AA-000-0000","S78130","4","Platelet count decreased","Platelet count decreased","Investigations","MILD","1","N","Y","N","1","3","2012-02-20","2012-02-22","2012-02-01"
"AA-AA-000-0000","S78130","5","Pruritus","Pruritus","Skin and subcutaneous tissue disorders","MILD","1","N","N","N","5","17","2012-02-24","2012-03-07","2012-02-01"
"AA-AA-000-0000","S78130","6","Rash","Rash","Skin and subcutaneous tissue disorders","MILD","1","N","N","N","19","21","2012-03-09","2012-03-11","2012-02-01"
"AA-AA-000-0000","S78130","7","Platelet count decreased","Platelet count decreased","Investigations","MILD","1","N","Y","N","14","28","2012-03-04","2012-03-18","2012-02-01"
"AA-AA-000-0000","S78305","1","Hypokalaemia","Hypokalaemia","Metabolism and nutrition disorders","SEVERE","3","Y","N","N","9","12","2012-03-11","2012-03-14","2012-03-01"
"AA-AA-000-0000","S78305","2","Arthralgia","Arthralgia","Musculoskeletal and connective tissue disorders","MILD","1","N","N","Y","15","26","2012-03-17","2012-03-28","2012-03-01"
"AA-AA-000-0000","S78305","3","Hypokalaemia","Hypokalaemia","Metabolism and nutrition disorders","MILD","1","N","N","Y","24","26","2012-03-26","2012-03-28","2012-03-01"
"AA-AA-000-0000","S78305","4","Aspartate aminotransferase increased","Aspartate aminotransferase increased","Investigations","MODERATE","2","N","N","N","9","10","2012-03-11","2012-03-12","2012-03-01"
"AA-AA-000-0000","S78305","5","Vomiting","Vomiting","Gastrointestinal disorders","MODERATE","2","N","N","Y","6","26","2012-03-08","2012-03-28","2012-03-01"
"AA-AA-000-0000","S7833","1","Aspartate aminotransferase increased","Aspartate aminotransferase increased","Investigations","MODERATE","2","Y","N","N","22","43","2012-01-26","2012-02-16","2012-01-01"
"AA-AA-000-0000","S7833","2","Thrombocytopenia","Thrombocytopenia","Blood and lymphatic system disorders","SEVERE","3","Y","Y","N","2","42","2012-01-06","2012-02-15","2012-01-01"
"AA-AA-000-0000","S78552","1","Abdominal pain","Abdominal pain","Gastrointestinal disorders","MODERATE","2","N","N","Y","50","54","2012-03-24","2012-03-28","2012-02-01"
"AA-AA-000-0000","S78552","2","Alanine aminotransferase increased","Alanine aminotransferase increased","Investigations","MILD","1","N","N","N","26","33","2012-02-29","2012-03-07","2012-02-01"
"AA-AA-000-0000","S78552","3","Nausea","Nausea","Gastrointestinal disorders","MILD","1","Y","N","N","34","37","2012-03-08","2012-03-11","2012-02-01"
"AA-AA-000-0000","S78552","4","Rash","Rash","Skin and subcutaneous tissue disorders","MILD","1","N","Y","N","20","21","2012-02-23","2012-02-24","2012-02-01"
"AA-AA-000-0000","S78571","1","Chills","Chills","General disorders and administration site conditions","SEVERE","3","Y","N","N","52","53","2012-03-24","2012-03-25","2012-02-01"
"AA-AA-000-0000","S78717","1","Nausea","Nausea","Gastrointestinal disorders","MILD","1","N","N","Y","43","51","2012-03-20","2012-03-28","2012-02-01"
"AA-AA-000-0000","S78717","2","Constipation","Constipation","Gastrointestinal disorders","MODERATE","2","N","Y","N","6","15","2012-02-12","2012-02-21","2012-02-01"
"AA-AA-000-0000","S78717","3","Constipation","Constipation","Gastrointestinal disorders","MILD","1","N","Y","Y","47","51","2012-03-24","2012-03-28","2012-02-01"
"AA-AA-000-0000","S78717","4","Platelet count decreased","Platelet count decreased","Investigations","MILD","1","N","N","N","33","37","2012-03-10","2012-03-14","2012-02-01"
"AA-AA-000-0000","S78779","1","Urticaria","Urticaria","Skin and subcutaneous tissue disorders","MODERATE","2","N","Y","Y","6","7","2012-03-27","2012-03-28","2012-03-01"
"AA-AA-000-0000","S78803","1","Arthralgia","Arthralgia","Musculoskeletal and connective tissue disorders","LIFE THREATENING","4","Y","Y","N","31","32","2012-03-26","2012-03-27","2012-02-01"
"AA-AA-000-0000","S78803","2","Diarrhoea","Diarrhoea","Gastrointestinal disorders","MODERATE","2","N","Y","N","12","15","2012-03-07","2012-03-10","2012-02-01"
"AA-AA-000-0000","S78803","3","Blood bilirubin increased","Blood bilirubin increased","Investigations","SEVERE","3","Y","Y","N","9","16","2012-03-04","2012-03-11","2012-02-01"
"AA-AA-000-0000","S78806","1","Decreased appetite","Decreased appetite","Metabolism and nutrition disorders","MODERATE","2","N","Y","N","3","4","2012-03-18","2012-03-19","2012-03-01"
"AA-AA-000-0000","S78836","1","Aspartate aminotransferase increased","Aspartate aminotransferase increased","Investigations","MODERATE","2","N","Y","N","7","28","2012-03-05","2012-03-26","2012-02-01"
"AA-AA-000-0000","S78836","2","Pruritus","Pruritus","Skin and subcutaneous tissue disorders","MILD","1","N","N","Y","24","30","2012-03-22","2012-03-28","2012-02-01"
"AA-AA-000-0000","S78863","1","Oedema peripheral","Oedema peripheral","General disorders and administration site conditions","SEVERE","3","N","Y","Y","3","7","2012-03-24","2012-03-28","2012-03-01"
"AA-AA-000-0000","S78913","1","Aspartate aminotransferase increased","Aspartate aminotransferase increased","Investigations","MILD","1","N","Y","N","29","35","2012-03-19","2012-03-25","2012-02-01"
"AA-AA-000-0000","S78913","2","Diarrhoea","Diarrhoea","Gastrointestinal disorders","MODERATE","2","N","N","N","2","5","2012-02-21","2012-02-24","2012-02-01"
"AA-AA-000-0000","S78913","3","Neutropenia","Neutropenia","Blood and lymphatic system disorders","MODERATE","2","N","Y","Y","30","38","2012-03-20","2012-03-28","2012-02-01"
"AA-AA-000-0000","S79126","1","Nausea","Nausea","Gastrointestinal disorders","MILD","1","N","Y","N","3","12","2012-03-06","2012-03-15","2012-03-01"
"AA-AA-000-0000","S79133","1","Alanine aminotransferase increased","Alanine aminotransferase increased","Investigations","LIFE THREATENING","4","N","Y","N","22","39","2012-01-24","2012-02-10","2012-01-01"
"AA-AA-000-0000","S79133","2","Anaemia","Anaemia","Blood and lymphatic system disorders","MILD","1","N","N","N","49","62","2012-02-20","2012-03-04","2012-01-01"
"AA-AA-000-0000","S79162","1","Vomiting","Vomiting","Gastrointestinal disorders","MODERATE","2","N","N","N","17","19","2012-03-16","2012-03-18","2012-02-01"
"AA-AA-000-0000","S79162","2","Hypokalaemia","Hypokalaemia","Metabolism and nutrition disorders","MODERATE","2","Y","Y","N","3","12","2012-03-02","2012-03-11","2012-02-01"
"AA-AA-000-0000","S79162","3","Alanine aminotransferase increased","Alanine aminotransferase increased","Investigations","MODERATE","2","N","N","Y","26","29","2012-03-25","2012-03-28","2012-02-01"
"AA-AA-000-0000","S79162","4","Platelet count decreased","Platelet count decreased","Investigations","MODERATE","2","N","Y","Y","27","29","2012-03-26","2012-03-28","2012-02-01"
"AA-AA-000-0000","S79162","5","Nausea","Nausea","Gastrointestinal disorders","SEVERE","3","Y","N","N","1","3","2012-02-29","2012-03-02","2012-02-01"
"AA-AA-000-0000","S79328","1","Arthralgia","Arthralgia","Musculoskeletal and connective tissue disorders","LIFE THREATENING","4","Y","Y","N","15","26","2012-01-27","2012-02-07","2012-01-01"
"AA-AA-000-0000","S79328","2","Vomiting","Vomiting","Gastrointestinal disorders","MILD","1","N","Y","N","37","52","2012-02-18","2012-03-04","2012-01-01"
"AA-AA-000-0000","S79328","3","Abdominal pain","Abdominal pain","Gastrointestinal disorders","LIFE THREATENING","4","Y","Y","N","29","31","2012-02-10","2012-02-12","2012-01-01"
"AA-AA-000-0000","S79328","4","Abdominal pain","Abdominal pain","Gastrointestinal disorders","MODERATE","2","N","Y","N","54","69","2012-03-06","2012-03-21","2012-01-01"
"AA-AA-000-0000","S79388","1","Arthralgia","Arthralgia","Musculoskeletal and connective tissue disorders","SEVERE","3","N","N","N","21","24","2012-03-15","2012-03-18","2012-02-01"
"AA-AA-000-0000","S79388","2","Upper respiratory tract infection","Upper respiratory tract infection","Infections and infestations","MILD","1","N","Y","N","13","14","2012-03-07","2012-03-08","2012-02-01"
"AA-AA-000-0000","S79388","3","Nausea","Nausea","Gastrointestinal disorders","MODERATE","2","N","Y","N","8","17","2012-03-02","2012-03-11","2012-02-01"
"AA-AA-000-0000","S79388","4","Nausea","Nausea","Gastrointestinal disorders","SEVERE","3","Y","Y","Y","13","34","2012-03-07","2012-03-28","2012-02-01"
"AA-AA-000-0000","S79388","5","Nausea","Nausea","Gastrointestinal disorders","LIFE THREATENING","4","N","N","N","10","11","2012-03-04","2012-03-05","2012-02-01"
"AA-AA-000-0000","S79443","1","Urticaria","Urticaria","Skin and subcutaneous tissue disorders","MODERATE","2","N","N","Y","25","36","2012-03-17","2012-03-28","2012-02-01"
"AA-AA-000-0000","S79443","2","Thrombocytopenia","Thrombocytopenia","Blood and lymphatic system disorders","MODERATE","2","N","Y","Y","35","36","2012-03-27","2012-03-28","2012-02-01"
"AA-AA-000-0000","S79759","1","Platelet count decreased","Platelet count decreased","Investigations","SEVERE","3","Y","Y","Y","1","1","2012-03-28","2012-03-28","2012-03-01"
"AA-AA-000-0000","S79778","1","Pruritus","Pruritus","Skin and subcutaneous tissue disorders","MILD","1","N","Y","N","24","28","2012-02-19","2012-02-23","2012-01-01"
"AA-AA-000-0000","S79778","2","Blood bilirubin increased","Blood bilirubin increased","Investigations","MILD","1","N","N","N","53","56","2012-03-19","2012-03-22","2012-01-01"
"AA-AA-000-0000","S79778","3","Platelet count decreased","Platelet count decreased","Investigations","MODERATE","2","N","N","N","43","47","2012-03-09","2012-03-13","2012-01-01"
"AA-AA-000-0000","S79778","4","Neutropenia","Neutropenia","Blood and lymphatic system disorders","MILD","1","N","Y","N","38","61","2012-03-04","2012-03-27","2012-01-01"
"AA-AA-000-0000","S80098","1","Nausea","Nausea","Gastrointestinal disorders","LIFE THREATENING","4","N","N","Y","55","64","2012-03-19","2012-03-28","2012-01-01"
"AA-AA-000-0000","S80098","2","Abdominal pain","Abdominal pain","Gastrointestinal disorders","MODERATE","2","N","Y","Y","54","64","2012-03-18","2012-03-28","2012-01-01"
"AA-AA-000-0000","S80098","3","Hypokalaemia","Hypokalaemia","Metabolism and nutrition disorders","MILD","1","N","Y","N","2","12","2012-01-26","2012-02-05","2012-01-01"
"AA-AA-000-0000","S80098","4","Back pain","Back pain","Musculoskeletal and connective tissue disorders","MILD","1","N","Y","N","40","48","2012-03-04","2012-03-12","2012-01-01"
"AA-AA-000-0000","S80098","5","Decreased appetite","Decreased appetite","Metabolism and nutrition disorders","MILD","1","N","N","N","29","36","2012-02-22","2012-02-29","2012-01-01"
"AA-AA-000-0000","S80098","6","Decreased appetite","Decreased appetite","Metabolism and nutrition disorders","MILD","1","N","Y","N","3","4","2012-01-27","2012-01-28","2012-01-01"
"AA-AA-000-0000","S80098","7","Alanine aminotransferase increased","Alanine aminotransferase increased","Investigations","MILD","1","Y","Y","N","30","60","2012-02-23","2012-03-24","2012-01-01"
"AA-AA-000-0000","S80098","8","Cough","Cough","Respiratory, thoracic and mediastinal disorders","MILD","1","N","N","N","26","30","2012-02-19","2012-02-23","2012-01-01"
"AA-AA-000-0000","S80098","9","Platelet count decreased","Platelet count decreased","Investigations","MODERATE","2","N","N","Y","58","64","2012-03-22","2012-03-28","2012-01-01"
"AA-AA-000-0000","S80104","1","Dyspnoea","Dyspnoea","Respiratory, thoracic and mediastinal disorders","MILD","1","N","Y","N","15","37","2012-02-07","2012-02-29","2012-01-01"
"AA-AA-000-0000","S80104","2","Nausea","Nausea","Gastrointestinal disorders","LIFE THREATENING","4","N","N","N","11","21","2012-02-03","2012-02-13","2012-01-01"
"AA-AA-000-0000","S80104","3","Aspartate aminotransferase increased","Aspartate aminotransferase increased","Investigations","SEVERE","3","Y","Y","N","3","15","2012-01-26","2012-02-07","2012-01-01"
"AA-AA-000-0000","S80107","1","Blood bilirubin increased","Blood bilirubin increased","Investigations","SEVERE","3","Y","N","N","22","23","2012-02-28","2012-02-29","2012-02-01"
"AA-AA-000-0000","S80107","2","Constipation","Constipation","Gastrointestinal disorders","SEVERE","3","N","N","Y","43","51","2012-03-20","2012-03-28","2012-02-01"
"AA-AA-000-0000","S80107","3","Dizziness","Dizziness","Nervous system disorders","MILD","1","N","Y","N","41","44","2012-03-18","2012-03-21","2012-02-01"
"AA-AA-000-0000","S80107","4","Decreased appetite","Decreased appetite","Metabolism and nutrition disorders","MODERATE","2","N","Y","N","3","26","2012-02-09","2012-03-03","2012-02-01"
"AA-AA-000-0000","S80107","5","Myalgia","Myalgia","Musculoskeletal and connective tissue disorders","MODERATE","2","N","N","Y","42","51","2012-03-19","2012-03-28","2012-02-01"
"AA-AA-000-0000","S80107","6","Back pain","Back pain","Musculoskeletal and connective tissue disorders","MILD","1","N","Y","N","3","6","2012-02-09","2012-02-12","2012-02-01"
"AA-AA-000-0000","S80107","7","Headache","Headache","Nervous system disorders","LIFE THREATENING","4","N","N","N","28","35","2012-03-05","2012-03-12","2012-02-01"
"AA-AA-000-0000","S80107","8","Constipation","Constipation","Gastrointestinal disorders","MILD","1","N","Y","N","29","41","2012-03-06","2012-03-18","2012-02-01"
"AA-AA-000-0000","S80107","9","Hypokalaemia","Hypokalaemia","Metabolism and nutrition disorders","MODERATE","2","N","Y","N","45","50","2012-03-22","2012-03-27","2012-02-01"
"AA-AA-000-0000","S80160","1","Constipation","Constipation","Gastrointestinal disorders","SEVERE","3","N","N","N","18","20","2012-03-05","2012-03-07","2012-02-01"
"AA-AA-000-0000","S80160","2","Myalgia","Myalgia","Musculoskeletal and connective tissue disorders","MILD","1","N","Y","N","14","15","2012-03-01","2012-03-02","2012-02-01"
"AA-AA-000-0000","S80160","3","Chills","Chills","General disorders and administration site conditions","MODERATE","2","N","Y","N","13","15","2012-02-29","2012-03-02","2012-02-01"
"AA-AA-000-0000","S80160","4","Platelet count decreased","Platelet count decreased","Investigations","SEVERE","3","Y","Y","N","7","9","2012-02-23","2012-02-25","2012-02-01"
"AA-AA-000-0000","S80160","5","Cough","Cough","Respiratory, thoracic and mediastinal disorders","SEVERE","3","Y","Y","N","24","32","2012-03-11","2012-03-19","2012-02-01"
"AA-AA-000-0000","S80235","1","Anaemia","Anaemia","Blood and lymphatic system disorders","MILD","1","Y","N","N","20","25","2012-03-16","2012-03-21","2012-02-01"
"AA-AA-000-0000","S80235","2","Myalgia","Myalgia","Musculoskeletal and connective tissue disorders","MODERATE","2","N","Y","Y","16","32","2012-03-12","2012-03-28","2012-02-01"
"AA-AA-000-0000","S80235","3","Nausea","Nausea","Gastrointestinal disorders","MILD","1","N","Y","N","9","12","2012-03-05","2012-03-08","2012-02-01"
"AA-AA-000-0000","S80827","1","Thrombocytopenia","Thrombocytopenia","Blood and lymphatic system disorders","MILD","1","N","Y","N","37","44","2012-03-03","2012-03-10","2012-01-01"
"AA-AA-000-0000","S80827","2","Somnolence","Somnolence","Nervous system disorders","MILD","1","N","Y","N","3","7","2012-01-29","2012-02-02","2012-01-01"
"AA-AA-000-0000","S80827","3","Alanine aminotransferase increased","Alanine aminotransferase increased","Investigations","MILD","1","N","Y","N","18","41","2012-02-13","2012-03-07","2012-01-01"
"AA-AA-000-0000","S80969","1","Nausea","Nausea","Gastrointestinal disorders","MILD","1","N","N","N","12","14","2012-02-25","2012-02-27","2012-02-01"
"AA-AA-000-0000","S80969","2","Upper respiratory tract infection","Upper respiratory tract infection","Infections and infestations","MODERATE","2","N","Y","Y","41","44","2012-03-25","2012-03-28","2012-02-01"
"AA-AA-000-0000","S80969","3","Alanine aminotransferase increased","Alanine aminotransferase increased","Investigations","MODERATE","2","N","N","Y","26","44","2012-03-10","2012-03-28","2012-02-01"
"AA-AA-000-0000","S80969","4","Nausea","Nausea","Gastrointestinal disorders","MODERATE","2","N","N","Y","32","44","2012-03-16","2012-03-28","2012-02-01"
"AA-AA-000-0000","S8126","1","Nausea","Nausea","Gastrointestinal disorders","MILD","1","N","Y","N","1","18","2012-02-18","2012-03-06","2012-02-01"
"AA-AA-000-0000","S8126","2","Decreased appetite","Decreased appetite","Metabolism and nutrition disorders","SEVERE","3","Y","Y","N","28","32","2012-03-16","2012-03-20","2012-02-01"
"AA-AA-000-0000","S8126","3","Aspartate aminotransferase increased","Aspartate aminotransferase increased","Investigations","LIFE THREATENING","4","Y","Y","N","16","19","2012-03-04","2012-03-07","2012-02-01"
"AA-AA-000-0000","S81289","1","Chills","Chills","General disorders and administration site conditions","SEVERE","3","N","Y","N","10","21","2012-01-11","2012-01-22","2012-01-01"
"AA-AA-000-0000","S81289","2","Anaemia","Anaemia","Blood and lymphatic system disorders","MILD","1","N","N","N","8","18","2012-01-09","2012-01-19","2012-01-01"
"AA-AA-000-0000","S81289","3","Somnolence","Somnolence","Nervous system disorders","MILD","1","N","Y","N","21","42","2012-01-22","2012-02-12","2012-01-01"
"AA-AA-000-0000","S81289","4","Blood bilirubin increased","Blood bilirubin increased","Investigations","SEVERE","3","Y","N","N","51","58","2012-02-21","2012-02-28","2012-01-01"
"AA-AA-000-0000","S81289","5","Urticaria","Urticaria","Skin and subcutaneous tissue disorders","MILD","1","N","Y","N","21","35","2012-01-22","2012-02-05","2012-01-01"
"AA-AA-000-0000","S81289","6","Platelet count decreased","Platelet count decreased","Investigations","SEVERE","3","N","N","N","59","63","2012-02-29","2012-03-04","2012-01-01"
"AA-AA-000-0000","S81402","1","Diarrhoea","Diarrhoea","Gastrointestinal disorders","MODERATE","2","N","N","N","40","45","2012-03-04","2012-03-09","2012-01-01"
"AA-AA-000-0000","S81402","2","Urinary tract infection","Urinary tract infection","Infections and infestations","MODERATE","2","N","Y","Y","63","64","2012-03-27","2012-03-28","2012-01-01"
"AA-AA-000-0000","S81402","3","Alanine aminotransferase increased","Alanine aminotransferase increased","Investigations","MILD","1","N","Y","N","4","34","2012-01-28","2012-02-27","2012-01-01"
"AA-AA-000-0000","S81402","4","Abdominal pain","Abdominal pain","Gastrointestinal disorders","SEVERE","3","N","Y","N","45","46","2012-03-09","2012-03-10","2012-01-01"
"AA-AA-000-0000","S81402","5","Abdominal pain","Abdominal pain","Gastrointestinal disorders","MILD","1","N","N","N","16","19","2012-02-09","2012-02-12","2012-01-01"
"AA-AA-000-0000","S81402","6","Blood bilirubin increased","Blood bilirubin increased","Investigations","SEVERE","3","N","Y","N","43","44","2012-03-07","2012-03-08","2012-01-01"
"AA-AA-000-0000","S81402","7","Blood bilirubin increased","Blood bilirubin increased","Investigations","SEVERE","3","Y","N","N","28","49","2012-02-21","2012-03-13","2012-01-01"
"AA-AA-000-0000","S81541","1","Dizziness","Dizziness","Nervous system disorders","SEVERE","3","Y","Y","N","26","27","2012-03-12","2012-03-13","2012-02-01"
"AA-AA-000-0000","S81541","2","Cough","Cough","Respiratory, thoracic and mediastinal disorders","MODERATE","2","N","N","N","18","20","2012-03-04","2012-03-06","2012-02-01"
"AA-AA-000-0000","S81541","3","Blood bilirubin increased","Blood bilirubin increased","Investigations","MILD","1","N","Y","Y","40","42","2012-03-26","2012-03-28","2012-02-01"
"AA-AA-000-0000","S81541","4","Thrombocytopenia","Thrombocytopenia","Blood and lymphatic system disorders","MILD","1","N","Y","N","37","41","2012-03-23","2012-03-27","2012-02-01"
"AA-AA-000-0000","S82095","1","Arthralgia","Arthralgia","Musculoskeletal and connective tissue disorders","SEVERE","3","Y","Y","N","37","40","2012-03-24","2012-03-27","2012-02-01"
"AA-AA-000-0000","S82095","2","Blood bilirubin increased","Blood bilirubin increased","Investigations","MILD","1","N","N","N","23","31","2012-03-10","2012-03-18","2012-02-01"
"AA-AA-000-0000","S82095","3","Somnolence","Somnolence","Nervous system disorders","SEVERE","3","Y","Y","N","26","28","2012-03-13","2012-03-15","2012-02-01"
"AA-AA-000-0000","S82095","4","Nausea","Nausea","Gastrointestinal disorders","MODERATE","2","Y","N","N","15","23","2012-03-02","2012-03-10","2012-02-01"
"AA-AA-000-0000","S82266","1","Anaemia","Anaemia","Blood and lymphatic system disorders","MODERATE","2","N","N","N","19","21","2012-03-18","2012-03-20","2012-02-01"
"AA-AA-000-0000","S82408","1","Decreased appetite","Decreased appetite","Metabolism and nutrition disorders","SEVERE","3","N","Y","Y","18","30","2012-03-16","2012-03-28","2012-02-01"
"AA-AA-000-0000","S82408","2","Decreased appetite","Decreased appetite","Metabolism and nutrition disorders","MILD","1","N","Y","N","14","16","2012-03-12","2012-03-14","2012-02-01"
"AA-AA-000-0000","S82408","3","Cough","Cough","Respiratory, thoracic and mediastinal disorders","MILD","1","N","N","N","10","21","2012-03-08","2012-03-19","2012-02-01"
"AA-AA-000-0000","S82487","1","Vomiting","Vomiting","Gastrointestinal disorders","SEVERE","3","N","Y","N","8","9","2012-03-11","2012-03-12","2012-03-01"
"AA-AA-000-0000","S82502","1","Alanine aminotransferase increased","Alanine aminotransferase increased","Investigations","LIFE THREATENING","4","Y","N","N","37","43","2012-02-11","2012-02-17","2012-01-01"
"AA-AA-000-0000","S82502","2","Thrombocytopenia","Thrombocytopenia","Blood and lymphatic system disorders","MILD","1","N","N","N","65","68","2012-03-10","2012-03-13","2012-01-01"
"AA-AA-000-0000","S82502","3","Fatigue","Fatigue","General disorders and administration site conditions","SEVERE","3","N","Y","Y","79","83","2012-03-24","2012-03-28","2012-01-01"
"AA-AA-000-0000","S82502","4","Constipation","Constipation","Gastrointestinal disorders","MODERATE","2","N","Y","N","57","60","2012-03-02","2012-03-05","2012-01-01"
"AA-AA-000-0000","S82502","5","Thrombocytopenia","Thrombocytopenia","Blood and lymphatic system disorders","SEVERE","3","Y","N","N","11","16","2012-01-16","2012-01-21","2012-01-01"
"AA-AA-000-0000","S82502","6","Thrombocytopenia","Thrombocytopenia","Blood and lymphatic system disorders","MODERATE","2","N","Y","N","45","53","2012-02-19","2012-02-27","2012-01-01"
"AA-AA-000-0000","S82502","7","Blood bilirubin increased","Blood bilirubin increased","Investigations","MODERATE","2","Y","N","N","73","79","2012-03-18","2012-03-24","2012-01-01"
"AA-AA-000-0000","S82502","8","Abdominal pain","Abdominal pain","Gastrointestinal disorders","LIFE THREATENING","4","N","N","N","34","35","2012-02-08","2012-02-09","2012-01-01"
"AA-AA-000-0000","S82502","9","Decreased appetite","Decreased appetite","Metabolism and nutrition disorders","MODERATE","2","N","Y","N","64","78","2012-03-09","2012-03-23","2012-01-01"
"AA-AA-000-0000","S82502","10","Neutropenia","Neutropenia","Blood and lymphatic system disorders","MODERATE","2","N","Y","N","51","54","2012-02-25","2012-02-28","2012-01-01"
"AA-AA-000-0000","S82502","11","Blood bilirubin increased","Blood bilirubin increased","Investigations","MODERATE","2","N","Y","N","19","25","2012-01-24","2012-01-30","2012-01-01"
"AA-AA-000-0000","S82502","12","Nasopharyngitis","Nasopharyngitis","Infections and infestations","LIFE THREATENING","4","Y","Y","N","25","39","2012-01-30","2012-02-13","2012-01-01"
"AA-AA-000-0000","S82502","13","Anaemia","Anaemia","Blood and lymphatic system disorders","SEVERE","3","N","N","N","26","29","2012-01-31","2012-02-03","2012-01-01"
"AA-AA-000-0000","S82502","14","Blood bilirubin increased","Blood bilirubin increased","Investigations","SEVERE","3","Y","N","N","53","54","2012-02-27","2012-02-28","2012-01-01"
"AA-AA-000-0000","S82537","1","Pruritus","Pruritus","Skin and subcutaneous tissue disorders","MILD","1","N","N","N","2","3","2012-03-24","2012-03-25","2012-03-01"
"AA-AA-000-0000","S82537","2","Blood bilirubin increased","Blood bilirubin increased","Investigations","MODERATE","2","N","Y","Y","1","6","2012-03-23","2012-03-28","2012-03-01"
"AA-AA-000-0000","S82706","1","Hypokalaemia","Hypokalaemia","Metabolism and nutrition disorders","MODERATE","2","Y","Y","N","12","15","2012-03-11","2012-03-14","2012-02-01"
"AA-AA-000-0000","S82706","2","Aspartate aminotransferase increased","Aspartate aminotransferase increased","Investigations","MILD","1","N","Y","Y","15","29","2012-03-14","2012-03-28","2012-02-01"
"AA-AA-000-0000","S82706","3","Somnolence","Somnolence","Nervous system disorders","MILD","1","N","N","N","16","25","2012-03-15","2012-03-24","2012-02-01"
"AA-AA-000-0000","S82873","1","Vomiting","Vomiting","Gastrointestinal disorders","MODERATE","2","N","Y","N","3","5","2012-03-22","2012-03-24","2012-03-01"
"AA-AA-000-0000","S83058","1","Nausea","Nausea","Gastrointestinal disorders","MODERATE","2","N","Y","N","23","30","2012-02-15","2012-02-22","2012-01-01"
"AA-AA-000-0000","S83058","2","Upper respiratory tract infection","Upper respiratory tract infection","Infections and infestations","LIFE THREATENING","4","N","N","N","17","32","2012-02-09","2012-02-24","2012-01-01"
"AA-AA-000-0000","S83058","3","Nasopharyngitis","Nasopharyngitis","Infections and infestations","MILD","1","N","Y","N","18","19","2012-02-10","2012-02-11","2012-01-01"
"AA-AA-000-0000","S83058","4","Nausea","Nausea","Gastrointestinal disorders","SEVERE","3","Y","Y","N","6","11","2012-01-29","2012-02-03","2012-01-01"
"AA-AA-000-0000","S83058","5","Chills","Chills","General disorders and administration site conditions","MILD","1","N","Y","N","52","55","2012-03-15","2012-03-18","2012-01-01"
"AA-AA-000-0000","S83058","6","Constipation","Constipation","Gastrointestinal disorders","MODERATE","2","N","N","N","49","61","2012-03-12","2012-03-24","2012-01-01"
"AA-AA-000-0000","S83058","7","Urticaria","Urticaria","Skin and subcutaneous tissue disorders","MILD","1","N","N","N","12","22","2012-02-04","2012-02-14","2012-01-01"
"AA-AA-000-0000","S83058","8","Constipation","Constipation","Gastrointestinal disorders","SEVERE","3","N","Y","N","15","32","2012-02-07","2012-02-24","2012-01-01"
"AA-AA-000-0000","S83282","1","Platelet count decreased","Platelet count decreased","Investigations","MILD","1","N","N","Y","62","64","2012-03-26","2012-03-28","2012-01-01"
"AA-AA-000-0000","S83282","2","Alanine aminotransferase increased","Alanine aminotransferase increased","Investigations","SEVERE","3","Y","N","N","52","60","2012-03-16","2012-03-24","2012-01-01"
"AA-AA-000-0000","S83282","3","Aspartate aminotransferase increased","Aspartate aminotransferase increased","Investigations","MILD","1","N","N","N","30","43","2012-02-23","2012-03-07","2012-01-01"
"AA-AA-000-0000","S83282","4","Decreased appetite","Decreased appetite","Metabolism and nutrition disorders","MILD","1","N","N","N","37","41","2012-03-01","2012-03-05","2012-01-01"
"AA-AA-000-0000","S83282","5","Platelet count decreased","Platelet count decreased","Investigations","MILD","1","N","Y","N","33","41","2012-02-26","2012-03-05","2012-01-01"
"AA-AA-000-0000","S83282","6","Hypokalaemia","Hypokalaemia","Metabolism and nutrition disorders","MILD","1","N","Y","Y","60","64","2012-03-24","2012-03-28","2012-01-01"
"AA-AA-000-0000","S83282","7","Aspartate aminotransferase increased","Aspartate aminotransferase increased","Investigations","MODERATE","2","N","Y","N","25","37","2012-02-18","2012-03-01","2012-01-01"
"AA-AA-000-0000","S83282","8","Platelet count decreased","Platelet count decreased","Investigations","MILD","1","Y","Y","N","10","16","2012-02-03","2012-02-09","2012-01-01"
"AA-AA-000-0000","S83282","9","Chills","Chills","General disorders and administration site conditions","MILD","1","N","Y","N","34","45","2012-02-27","2012-03-09","2012-01-01"
"AA-AA-000-0000","S83282","10","Anaemia","Anaemia","Blood and lymphatic system disorders","MILD","1","N","Y","N","29","30","2012-02-22","2012-02-23","2012-01-01"
"AA-AA-000-0000","S83282","11","Upper respiratory tract infection","Upper respiratory tract infection","Infections and infestations","MILD","1","N","N","N","58","59","2012-03-22","2012-03-23","2012-01-01"
"AA-AA-000-0000","S83282","12","Anaemia","Anaemia","Blood and lymphatic system disorders","MILD","1","N","Y","N","34","37","2012-02-27","2012-03-01","2012-01-01"
"AA-AA-000-0000","S83309","1","Myalgia","Myalgia","Musculoskeletal and connective tissue disorders","MILD","1","N","N","N","61","80","2012-03-03","2012-03-22","2012-01-01"
"AA-AA-000-0000","S83309","2","Abdominal pain","Abdominal pain","Gastrointestinal disorders","MODERATE","2","N","Y","N","58","63","2012-02-29","2012-03-05","2012-01-01"
"AA-AA-000-0000","S83309","3","Blood bilirubin increased","Blood bilirubin increased","Investigations","MILD","1","N","Y","N","21","40","2012-01-23","2012-02-11","2012-01-01"
"AA-AA-000-0000","S83309","4","Blood bilirubin increased","Blood bilirubin increased","Investigations","MODERATE","2","N","N","N","10","15","2012-01-12","2012-01-17","2012-01-01"
"AA-AA-000-0000","S83309","5","Pruritus","Pruritus","Skin and subcutaneous tissue disorders","MILD","1","N","Y","N","63","68","2012-03-05","2012-03-10","2012-01-01"
"AA-AA-000-0000","S83309","6","Thrombocytopenia","Thrombocytopenia","Blood and lymphatic system disorders","MILD","1","N","Y","N","5","7","2012-01-07","2012-01-09","2012-01-01"
"AA-AA-000-0000","S83309","7","Diarrhoea","Diarrhoea","Gastrointestinal disorders","MILD","1","N","N","N","9","11","2012-01-11","2012-01-13","2012-01-01"
"AA-AA-000-0000","S83309","8","Upper respiratory tract infection","Upper respiratory tract infection","Infections and infestations","SEVERE","3","N","N","N","2","7","2012-01-04","2012-01-09","2012-01-01"
"AA-AA-000-0000","S83309","9","Alanine aminotransferase increased","Alanine aminotransferase increased","Investigations","MILD","1","Y","Y","N","39","58","2012-02-10","2012-02-29","2012-01-01"
"AA-AA-000-0000","S83309","10","Nausea","Nausea","Gastrointestinal disorders","MODERATE","2","N","Y","N","73","79","2012-03-15","2012-03-21","2012-01-01"
"AA-AA-000-0000","S83600","1","Back pain","Back pain","Musculoskeletal and connective tissue disorders","MILD","1","N","N","N","4","22","2012-03-05","2012-03-23","2012-03-01"
"AA-AA-000-0000","S83600","2","Hypokalaemia","Hypokalaemia","Metabolism and nutrition disorders","SEVERE","3","N","N","Y","20","27","2012-03-21","2012-03-28","2012-03-01"
"AA-AA-000-0000","S83600","3","Cough","Cough","Respiratory, thoracic and mediastinal disorders","SEVERE","3","N","N","N","10","16","2012-03-11","2012-03-17","2012-03-01"
"AA-AA-000-0000","S83600","4","Dizziness","Dizziness","Nervous system disorders","SEVERE","3","Y","Y","N","5","15","2012-03-06","2012-03-16","2012-03-01"
"AA-AA-000-0000","S83600","5","Thrombocytopenia","Thrombocytopenia","Blood and lymphatic system disorders","MODERATE","2","N","Y","N","6","19","2012-03-07","2012-03-20","2012-03-01"
"AA-AA-000-0000","S83923","1","Arthralgia","Arthralgia","Musculoskeletal and connective tissue disorders","MILD","1","N","Y","N","16","19","2012-03-21","2012-03-24","2012-03-01"
"AA-AA-000-0000","S84022","1","Chills","Chills","General disorders and administration site conditions","MILD","1","N","Y","Y","64","79","2012-03-13","2012-03-28","2012-01-01"
"AA-AA-000-0000","S84022","2","Neutropenia","Neutropenia","Blood and lymphatic system disorders","MODERATE","2","N","Y","Y","67","79","2012-03-16","2012-03-28","2012-01-01"
"AA-AA-000-0000","S84022","3","Headache","Headache","Nervous system disorders","MILD","1","N","N","N","16","44","2012-01-25","2012-02-22","2012-01-01"
"AA-AA-000-0000","S84022","4","Aspartate aminotransferase increased","Aspartate aminotransferase increased","Investigations","LIFE THREATENING","4","N","N","N","51","63","2012-02-29","2012-03-12","2012-01-01"
"AA-AA-000-0000","S84022","5","Nasopharyngitis","Nasopharyngitis","Infections and infestations","MODERATE","2","N","Y","N","10","13","2012-01-19","2012-01-22","2012-01-01"
"AA-AA-000-0000","S84022","6","Platelet count decreased","Platelet count decreased","Investigations","MODERATE","2","N","N","Y","70","79","2012-03-19","2012-03-28","2012-01-01"
"AA-AA-000-0000","S84022","7","Vomiting","Vomiting","Gastrointestinal disorders","LIFE THREATENING","4","N","N","Y","79","79","2012-03-28","2012-03-28","2012-01-01"
"AA-AA-000-0000","S84022","8","Alanine aminotransferase increased","Alanine aminotransferase increased","Investigations","MODERATE","2","N","Y","N","29","40","2012-02-07","2012-02-18","2012-01-01"
"AA-AA-000-0000","S84022","9","Neutropenia","Neutropenia","Blood and lymphatic system disorders","MODERATE","2","N","Y","N","23","31","2012-02-01","2012-02-09","2012-01-01"
"AA-AA-000-0000","S84022","10","Blood bilirubin increased","Blood bilirubin increased","Investigations","LIFE THREATENING","4","N","N","Y","77","79","2012-03-26","2012-03-28","2012-01-01"
"AA-AA-000-0000","S84022","11","Thrombocytopenia","Thrombocytopenia","Blood and lymphatic system disorders","MODERATE","2","N","Y","N","68","72","2012-03-17","2012-03-21","2012-01-01"
"AA-AA-000-0000","S84283","1","Nausea","Nausea","Gastrointestinal disorders","SEVERE","3","N","Y","Y","14","28","2012-03-14","2012-03-28","2012-03-01"
"AA-AA-000-0000","S8459","1","Pyrexia","Pyrexia","General disorders and administration site conditions","MILD","1","N","N","N","22","42","2012-02-28","2012-03-19","2012-02-01"
"AA-AA-000-0000","S8459","2","Vomiting","Vomiting","Gastrointestinal disorders","MILD","1","N","N","Y","39","51","2012-03-16","2012-03-28","2012-02-01"
"AA-AA-000-0000","S8459","3","Neutropenia","Neutropenia","Blood and lymphatic system disorders","LIFE THREATENING","4","N","Y","N","41","47","2012-03-18","2012-03-24","2012-02-01"
"AA-AA-000-0000","S8459","4","Aspartate aminotransferase increased","Aspartate aminotransferase increased","Investigations","SEVERE","3","Y","Y","Y","51","51","2012-03-28","2012-03-28","2012-02-01"
"AA-AA-000-0000","S8459","5","Platelet count decreased","Platelet count decreased","Investigations","MILD","1","N","N","Y","50","51","2012-03-27","2012-03-28","2012-02-01"
"AA-AA-000-0000","S8459","6","Anaemia","Anaemia","Blood and lymphatic system disorders","MILD","1","N","Y","N","14","18","2012-02-20","2012-02-24","2012-02-01"
"AA-AA-000-0000","S8459","7","Anaemia","Anaemia","Blood and lymphatic system disorders","MODERATE","2","N","Y","N","4","13","2012-02-10","2012-02-19","2012-02-01"
"AA-AA-000-0000","S8459","8","Thrombocytopenia","Thrombocytopenia","Blood and lymphatic system disorders","MODERATE","2","N","Y","N","39","40","2012-03-16","2012-03-17","2012-02-01"
"AA-AA-000-0000","S8459","9","Nausea","Nausea","Gastrointestinal disorders","MILD","1","N","Y","N","9","24","2012-02-15","2012-03-01","2012-02-01"
"AA-AA-000-0000","S8459","10","Nausea","Nausea","Gastrointestinal disorders","MODERATE","2","N","Y","Y","49","51","2012-03-26","2012-03-28","2012-02-01"
"AA-AA-000-0000","S8459","11","Blood bilirubin increased","Blood bilirubin increased","Investigations","SEVERE","3","Y","N","Y","31","51","2012-03-08","2012-03-28","2012-02-01"
"AA-AA-000-0000","S8459","12","Blood bilirubin increased","Blood bilirubin increased","Investigations","MODERATE","2","N","N","N","9","18","2012-02-15","2012-02-24","2012-02-01"
"AA-AA-000-0000","S8459","13","Aspartate aminotransferase increased","Aspartate aminotransferase increased","Investigations","SEVERE","3","Y","Y","N","28","39","2012-03-05","2012-03-16","2012-02-01"
"AA-AA-000-0000","S8459","14","Chills","Chills","General disorders and administration site conditions","LIFE THREATENING","4","Y","Y","N","41","48","2012-03-18","2012-03-25","2012-02-01"
"AA-AA-000-0000","S84848","1","Abdominal pain","Abdominal pain","Gastrointestinal disorders","MODERATE","2","N","Y","N","5","18","2012-03-08","2012-03-21","2012-03-01"
"AA-AA-000-0000","S84848","2","Oedema peripheral","Oedema peripheral","General disorders and administration site conditions","MODERATE","2","N","Y","Y","17","25","2012-03-20","2012-03-28","2012-03-01"
"AA-AA-000-0000","S84892","1","Decreased appetite","Decreased appetite","Metabolism and nutrition disorders","MILD","1","N","Y","Y","26","45","2012-03-09","2012-03-28","2012-02-01"
"AA-AA-000-0000","S84892","2","Neutropenia","Neutropenia","Blood and lymphatic system disorders","MODERATE","2","N","N","Y","43","45","2012-03-26","2012-03-28","2012-02-01"
"AA-AA-000-0000","S84892","3","Back pain","Back pain","Musculoskeletal and connective tissue disorders","MODERATE","2","N","Y","N","19","29","2012-03-02","2012-03-12","2012-02-01"
"AA-AA-000-0000","S84941","1","Constipation","Constipation","Gastrointestinal disorders","MODERATE","2","N","N","N","14","21","2012-03-17","2012-03-24","2012-03-01"
"AA-AA-000-0000","S84941","2","Neutropenia","Neutropenia","Blood and lymphatic system disorders","SEVERE","3","Y","Y","N","12","19","2012-03-15","2012-03-22","2012-03-01"
"AA-AA-000-0000","S85111","1","Chills","Chills","General disorders and administration site conditions","SEVERE","3","N","Y","N","24","36","2012-03-07","2012-03-19","2012-02-01"
"AA-AA-000-0000","S85111","2","Oedema peripheral","Oedema peripheral","General disorders and administration site conditions","MILD","1","N","N","N","14","21","2012-02-26","2012-03-04","2012-02-01"
"AA-AA-000-0000","S85111","3","Thrombocytopenia","Thrombocytopenia","Blood and lymphatic system disorders","MILD","1","N","N","N","13","18","2012-02-25","2012-03-01","2012-02-01"
"AA-AA-000-0000","S85178","1","Constipation","Constipation","Gastrointestinal disorders","SEVERE","3","N","Y","N","27","29","2012-03-20","2012-03-22","2012-02-01"
"AA-AA-000-0000","S85178","2","Vomiting","Vomiting","Gastrointestinal disorders","SEVERE","3","N","Y","N","23","25","2012-03-16","2012-03-18","2012-02-01"
"AA-AA-000-0000","S85178","3","Constipation","Constipation","Gastrointestinal disorders","SEVERE","3","N","N","N","11","14","2012-03-04","2012-03-07","2012-02-01"
"AA-AA-000-0000","S85267","1","Anaemia","Anaemia","Blood and lymphatic system disorders","LIFE THREATENING","4","Y","Y","N","7","9","2012-03-25","2012-03-27","2012-03-01"
"AA-AA-000-0000","S85267","2","Paraesthesia","Paraesthesia","Nervous system disorders","MILD","1","N","Y","Y","4","10","2012-03-22","2012-03-28","2012-03-01"
"AA-AA-000-0000","S85279","1","Abdominal pain","Abdominal pain","Gastrointestinal disorders","LIFE THREATENING","4","N","N","N","55","59","2012-03-01","2012-03-05","2012-01-01"
"AA-AA-000-0000","S85279","2","Rash","Rash","Skin and subcutaneous tissue disorders","SEVERE","3","Y","Y","Y","75","82","2012-03-21","2012-03-28","2012-01-01"
"AA-AA-000-0000","S85279","3","Alanine aminotransferase increased","Alanine aminotransferase increased","Investigations","MILD","1","N","N","N","1","11","2012-01-07","2012-01-17","2012-01-01"
"AA-AA-000-0000","S85279","4","Somnolence","Somnolence","Nervous system disorders","MODERATE","2","Y","Y","Y","76","82","2012-03-22","2012-03-28","2012-01-01"
"AA-AA-000-0000","S85279","5","Pyrexia","Pyrexia","General disorders and administration site conditions","SEVERE","3","Y","Y","Y","74","82","2012-03-20","2012-03-28","2012-01-01"
"AA-AA-000-0000","S85279","6","Diarrhoea","Diarrhoea","Gastrointestinal disorders","SEVERE","3","Y","Y","N","25","27","2012-01-31","2012-02-02","2012-01-01"
"AA-AA-000-0000","S85279","7","Blood bilirubin increased","Blood bilirubin increased","Investigations","MODERATE","2","N","Y","N","58","60","2012-03-04","2012-03-06","2012-01-01"
"AA-AA-000-0000","S85279","8","Dyspnoea","Dyspnoea","Respiratory, thoracic and mediastinal disorders","SEVERE","3","N","N","N","69","77","2012-03-15","2012-03-23","2012-01-01"
"AA-AA-000-0000","S85279","9","Alanine aminotransferase increased","Alanine aminotransferase increased","Investigations","MILD","1","N","Y","N","5","6","2012-01-11","2012-01-12","2012-01-01"
"AA-AA-000-0000","S85279","10","Upper respiratory tract infection","Upper respiratory tract infection","Infections and infestations","MODERATE","2","N","N","N","31","36","2012-02-06","2012-02-11","2012-01-01"
"AA-AA-000-0000","S85279","11","Urinary tract infection","Urinary tract infection","Infections and infestations","MODERATE","2","N","N","N","2","8","2012-01-08","2012-01-14","2012-01-01"
"AA-AA-000-0000","S85279","12","Diarrhoea","Diarrhoea","Gastrointestinal disorders","MODERATE","2","N","Y","N","45","62","2012-02-20","2012-03-08","2012-01-01"
"AA-AA-000-0000","S85279","13","Neutropenia","Neutropenia","Blood and lymphatic system disorders","MILD","1","N","N","N","48","51","2012-02-23","2012-02-26","2012-01-01"
"AA-AA-000-0000","S85279","14","Aspartate aminotransferase increased","Aspartate aminotransferase increased","Investigations","MODERATE","2","N","N","N","27","32","2012-02-02","2012-02-07","2012-01-01"
"AA-AA-000-0000","S85279","15","Urticaria","Urticaria","Skin and subcutaneous tissue disorders","SEVERE","3","N","N","Y","80","82","2012-03-26","2012-03-28","2012-01-01"
"AA-AA-000-0000","S85279","16","Abdominal pain","Abdominal pain","Gastrointestinal disorders","MILD","1","N","Y","N","51","60","2012-02-26","2012-03-06","2012-01-01"
"AA-AA-000-0000","S85279","17","Constipation","Constipation","Gastrointestinal disorders","MODERATE","2","N","N","N","20","26","2012-01-26","2012-02-01","2012-01-01"
"AA-AA-000-0000","S85279","18","Platelet count decreased","Platelet count decreased","Investigations","MODERATE","2","N","N","Y","81","82","2012-03-27","2012-03-28","2012-01-01"
"AA-AA-000-0000","S85405","1","Nausea","Nausea","Gastrointestinal disorders","MODERATE","2","N","N","Y","3","12","2012-03-19","2012-03-28","2012-03-01"
"AA-AA-000-0000","S85405","2","Abdominal pain","Abdominal pain","Gastrointestinal disorders","MODERATE","2","N","N","Y","9","12","2012-03-25","2012-03-28","2012-03-01"
"AA-AA-000-0000","S85405","3","Platelet count decreased","Platelet count decreased","Investigations","SEVERE","3","Y","N","Y","1","12","2012-03-17","2012-03-28","2012-03-01"
"AA-AA-000-0000","S85405","4","Urinary tract infection","Urinary tract infection","Infections and infestations","MILD","1","N","Y","N","3","11","2012-03-19","2012-03-27","2012-03-01"
"AA-AA-000-0000","S85405","5","Vomiting","Vomiting","Gastrointestinal disorders","MODERATE","2","N","Y","Y","11","12","2012-03-27","2012-03-28","2012-03-01"
"AA-AA-000-0000","S85481","1","Abdominal pain","Abdominal pain","Gastrointestinal disorders","SEVERE","3","Y","Y","Y","68","77","2012-03-19","2012-03-28","2012-01-01"
"AA-AA-000-0000","S85481","2","Upper respiratory tract infection","Upper respiratory tract infection","Infections and infestations","MILD","1","Y","Y","N","32","40","2012-02-12","2012-02-20","2012-01-01"
"AA-AA-000-0000","S85481","3","Alanine aminotransferase increased","Alanine aminotransferase increased","Investigations","MILD","1","N","Y","Y","77","77","2012-03-28","2012-03-28","2012-01-01"
"AA-AA-000-0000","S85481","4","Neutropenia","Neutropenia","Blood and lymphatic system disorders","MODERATE","2","N","N","Y","75","77","2012-03-26","2012-03-28","2012-01-01"
"AA-AA-000-0000","S85481","5","Fatigue","Fatigue","General disorders and administration site conditions","LIFE THREATENING","4","Y","N","N","43","49","2012-02-23","2012-02-29","2012-01-01"
"AA-AA-000-0000","S85481","6","Constipation","Constipation","Gastrointestinal disorders","MODERATE","2","N","Y","N","63","69","2012-03-14","2012-03-20","2012-01-01"
"AA-AA-000-0000","S85481","7","Neutropenia","Neutropenia","Blood and lymphatic system disorders","LIFE THREATENING","4","N","N","N","55","61","2012-03-06","2012-03-12","2012-01-01"
"AA-AA-000-0000","S85511","1","Anaemia","Anaemia","Blood and lymphatic system disorders","LIFE THREATENING","4","Y","N","N","44","46","2012-03-07","2012-03-09","2012-01-01"
"AA-AA-000-0000","S85511","2","Fatigue","Fatigue","General disorders and administration site conditions","MODERATE","2","N","Y","N","34","37","2012-02-26","2012-02-29","2012-01-01"
"AA-AA-000-0000","S85511","3","Abdominal pain","Abdominal pain","Gastrointestinal disorders","MODERATE","2","N","Y","N","18","27","2012-02-10","2012-02-19","2012-01-01"
"AA-AA-000-0000","S85511","4","Chills","Chills","General disorders and administration site conditions","MILD","1","N","Y","Y","63","65","2012-03-26","2012-03-28","2012-01-01"
"AA-AA-000-0000","S85511","5","Nausea","Nausea","Gastrointestinal disorders","MILD","1","N","N","N","41","42","2012-03-04","2012-03-05","2012-01-01"
"AA-AA-000-0000","S85511","6","Abdominal pain","Abdominal pain","Gastrointestinal disorders","MODERATE","2","N","Y","N","37","39","2012-02-29","2012-03-02","2012-01-01"
"AA-AA-000-0000","S85511","7","Vomiting","Vomiting","Gastrointestinal disorders","SEVERE","3","N","N","N","58","59","2012-03-21","2012-03-22","2012-01-01"
"AA-AA-000-0000","S85597","1","Back pain","Back pain","Musculoskeletal and connective tissue disorders","SEVERE","3","N","N","Y","12","13","2012-03-27","2012-03-28","2012-03-01"
"AA-AA-000-0000","S86180","1","Upper respiratory tract infection","Upper respiratory tract infection","Infections and infestations","LIFE THREATENING","4","N","Y","Y","12","13","2012-03-27","2012-03-28","2012-03-01"
"AA-AA-000-0000","S86198","1","Paraesthesia","Paraesthesia","Nervous system disorders","MILD","1","N","Y","N","40","46","2012-03-13","2012-03-19","2012-02-01"
"AA-AA-000-0000","S86198","2","Abdominal pain","Abdominal pain","Gastrointestinal disorders","MODERATE","2","N","N","N","15","18","2012-02-17","2012-02-20","2012-02-01"
"AA-AA-000-0000","S86198","3","Vomiting","Vomiting","Gastrointestinal disorders","MILD","1","N","N","N","16","17","2012-02-18","2012-02-19","2012-02-01"
"AA-AA-000-0000","S86198","4","Back pain","Back pain","Musculoskeletal and connective tissue disorders","LIFE THREATENING","4","N","Y","N","25","29","2012-02-27","2012-03-02","2012-02-01"
"AA-AA-000-0000","S86198","5","Decreased appetite","Decreased appetite","Metabolism and nutrition disorders","MILD","1","N","Y","Y","47","55","2012-03-20","2012-03-28","2012-02-01"
"AA-AA-000-0000","S86198","6","Vomiting","Vomiting","Gastrointestinal disorders","MILD","1","N","N","N","2","3","2012-02-04","2012-02-05","2012-02-01"
"AA-AA-000-0000","S86198","7","Dyspnoea","Dyspnoea","Respiratory, thoracic and mediastinal disorders","LIFE THREATENING","4","Y","N","N","32","47","2012-03-05","2012-03-20","2012-02-01"
"AA-AA-000-0000","S86198","8","Fatigue","Fatigue","General disorders and administration site conditions","LIFE THREATENING","4","N","Y","N","47","50","2012-03-20","2012-03-23","2012-02-01"
"AA-AA-000-0000","S86198","9","Rash","Rash","Skin and subcutaneous tissue disorders","SEVERE","3","N","Y","N","16","24","2012-02-18","2012-02-26","2012-02-01"
"AA-AA-000-0000","S86409","1","Blood bilirubin increased","Blood bilirubin increased","Investigations","MODERATE","2","N","Y","Y","23","23","2012-03-28","2012-03-28","2012-03-01"
"AA-AA-000-0000","S86802","1","Neutropenia","Neutropenia","Blood and lymphatic system disorders","MILD","1","N","N","Y","1","2","2012-03-27","2012-03-28","2012-03-01"
"AA-AA-000-0000","S86802","2","Abdominal pain","Abdominal pain","Gastrointestinal disorders","MILD","1","N","Y","Y","2","2","2012-03-28","2012-03-28","2012-03-01"
"AA-AA-000-0000","S86977","1","Diarrhoea","Diarrhoea","Gastrointestinal disorders","MODERATE","2","N","N","Y","1","2","2012-03-27","2012-03-28","2012-03-01"
"AA-AA-000-0000","S86977","2","Alanine aminotransferase increased","Alanine aminotransferase increased","Investigations","MILD","1","Y","Y","Y","2","2","2012-03-28","2012-03-28","2012-03-01"
"AA-AA-000-0000","S87088","1","Blood bilirubin increased","Blood bilirubin increased","Investigations","MODERATE","2","N","Y","N","3","5","2012-03-08","2012-03-10","2012-03-01"
"AA-AA-000-0000","S87088","2","Abdominal pain","Abdominal pain","Gastrointestinal disorders","MODERATE","2","N","N","N","9","17","2012-03-14","2012-03-22","2012-03-01"
"AA-AA-000-0000","S87088","3","Abdominal pain","Abdominal pain","Gastrointestinal disorders","MILD","1","N","Y","N","6","10","2012-03-11","2012-03-15","2012-03-01"
"AA-AA-000-0000","S87114","1","Urinary tract infection","Urinary tract infection","Infections and infestations","MODERATE","2","N","Y","N","62","65","2012-03-16","2012-03-19","2012-01-01"
"AA-AA-000-0000","S87114","2","Chills","Chills","General disorders and administration site conditions","SEVERE","3","Y","Y","N","5","10","2012-01-19","2012-01-24","2012-01-01"
"AA-AA-000-0000","S87114","3","Pruritus","Pruritus","Skin and subcutaneous tissue disorders","MILD","1","N","Y","N","4","16","2012-01-18","2012-01-30","2012-01-01"
"AA-AA-000-0000","S87114","4","Back pain","Back pain","Musculoskeletal and connective tissue disorders","MILD","1","N","N","N","11","12","2012-01-25","2012-01-26","2012-01-01"
"AA-AA-000-0000","S87114","5","Platelet count decreased","Platelet count decreased","Investigations","MODERATE","2","N","N","N","39","40","2012-02-22","2012-02-23","2012-01-01"
"AA-AA-000-0000","S87114","6","Fatigue","Fatigue","General disorders and administration site conditions","MILD","1","N","Y","N","61","66","2012-03-15","2012-03-20","2012-01-01"
"AA-AA-000-0000","S87114","7","Diarrhoea","Diarrhoea","Gastrointestinal disorders","MODERATE","2","N","Y","N","16","22","2012-01-30","2012-02-05","2012-01-01"
"AA-AA-000-0000","S87971","1","Headache","Headache","Nervous system disorders","MODERATE","2","N","Y","Y","6","7","2012-03-27","2012-03-28","2012-03-01"
"AA-AA-000-0000","S88083","1","Upper respiratory tract infection","Upper respiratory tract infection","Infections and infestations","LIFE THREATENING","4","Y","Y","N","12","16","2012-02-28","2012-03-03","2012-02-01"
"AA-AA-000-0000","S88083","2","Chills","Chills","General disorders and administration site conditions","MILD","1","N","N","Y","31","41","2012-03-18","2012-03-28","2012-02-01"
"AA-AA-000-0000","S88083","3","Upper respiratory tract infection","Upper respiratory tract infection","Infections and infestations","SEVERE","3","N","N","N","3","23","2012-02-19","2012-03-10","2012-02-01"
"AA-AA-000-0000","S88083","4","Cough","Cough","Respiratory, thoracic and mediastinal disorders","MODERATE","2","N","Y","N","4","5","2012-02-20","2012-02-21","2012-02-01"
"AA-AA-000-0000","S88083","5","Upper respiratory tract infection","Upper respiratory tract infection","Infections and infestations","SEVERE","3","Y","N","N","1","3","2012-02-17","2012-02-19","2012-02-01"
"AA-AA-000-0000","S882","1","Thrombocytopenia","Thrombocytopenia","Blood and lymphatic system disorders","MILD","1","N","Y","N","4","8","2012-03-01","2012-03-05","2012-02-01"
"AA-AA-000-0000","S88218","1","Neutropenia","Neutropenia","Blood and lymphatic system disorders","MILD","1","N","N","Y","28","42","2012-03-14","2012-03-28","2012-02-01"
"AA-AA-000-0000","S88218","2","Headache","Headache","Nervous system disorders","MODERATE","2","N","Y","N","6","9","2012-02-21","2012-02-24","2012-02-01"
"AA-AA-000-0000","S88218","3","Cough","Cough","Respiratory, thoracic and mediastinal disorders","SEVERE","3","N","Y","N","29","32","2012-03-15","2012-03-18","2012-02-01"
"AA-AA-000-0000","S88306","1","Decreased appetite","Decreased appetite","Metabolism and nutrition disorders","MILD","1","N","Y","N","5","18","2012-03-04","2012-03-17","2012-02-01"
"AA-AA-000-0000","S88306","2","Alanine aminotransferase increased","Alanine aminotransferase increased","Investigations","MODERATE","2","N","Y","N","10","18","2012-03-09","2012-03-17","2012-02-01"
"AA-AA-000-0000","S88306","3","Thrombocytopenia","Thrombocytopenia","Blood and lymphatic system disorders","LIFE THREATENING","4","N","Y","N","8","12","2012-03-07","2012-03-11","2012-02-01"
"AA-AA-000-0000","S88386","1","Alanine aminotransferase increased","Alanine aminotransferase increased","Investigations","MILD","1","N","Y","Y","2","22","2012-03-08","2012-03-28","2012-03-01"
"AA-AA-000-0000","S88436","1","Aspartate aminotransferase increased","Aspartate aminotransferase increased","Investigations","SEVERE","3","Y","Y","N","17","20","2012-01-21","2012-01-24","2012-01-01"
"AA-AA-000-0000","S88436","2","Thrombocytopenia","Thrombocytopenia","Blood and lymphatic system disorders","MILD","1","Y","Y","N","69","74","2012-03-13","2012-03-18","2012-01-01"
"AA-AA-000-0000","S88436","3","Arthralgia","Arthralgia","Musculoskeletal and connective tissue disorders","LIFE THREATENING","4","N","N","N","19","34","2012-01-23","2012-02-07","2012-01-01"
"AA-AA-000-0000","S88436","4","Dizziness","Dizziness","Nervous system disorders","MILD","1","N","N","N","47","49","2012-02-20","2012-02-22","2012-01-01"
"AA-AA-000-0000","S88566","1","Alanine aminotransferase increased","Alanine aminotransferase increased","Investigations","MODERATE","2","N","N","Y","49","53","2012-03-24","2012-03-28","2012-02-01"
"AA-AA-000-0000","S88566","2","Vomiting","Vomiting","Gastrointestinal disorders","MILD","1","N","N","N","46","48","2012-03-21","2012-03-23","2012-02-01"
"AA-AA-000-0000","S88566","3","Platelet count decreased","Platelet count decreased","Investigations","SEVERE","3","Y","Y","N","26","40","2012-03-01","2012-03-15","2012-02-01"
"AA-AA-000-0000","S88566","4","Vomiting","Vomiting","Gastrointestinal disorders","LIFE THREATENING","4","N","Y","N","33","34","2012-03-08","2012-03-09","2012-02-01"
"AA-AA-000-0000","S88566","5","Anaemia","Anaemia","Blood and lymphatic system disorders","SEVERE","3","Y","Y","N","18","21","2012-02-22","2012-02-25","2012-02-01"
"AA-AA-000-0000","S88566","6","Nausea","Nausea","Gastrointestinal disorders","MODERATE","2","N","Y","Y","47","53","2012-03-22","2012-03-28","2012-02-01"
"AA-AA-000-0000","S88566","7","Anaemia","Anaemia","Blood and lymphatic system disorders","MODERATE","2","N","Y","N","23","26","2012-02-27","2012-03-01","2012-02-01"
"AA-AA-000-0000","S88566","8","Thrombocytopenia","Thrombocytopenia","Blood and lymphatic system disorders","MODERATE","2","N","N","N","18","44","2012-02-22","2012-03-19","2012-02-01"
"AA-AA-000-0000","S89142","1","Arthralgia","Arthralgia","Musculoskeletal and connective tissue disorders","SEVERE","3","N","N","N","15","21","2012-01-31","2012-02-06","2012-01-01"
"AA-AA-000-0000","S89142","2","Blood bilirubin increased","Blood bilirubin increased","Investigations","LIFE THREATENING","4","N","Y","N","36","39","2012-02-21","2012-02-24","2012-01-01"
"AA-AA-000-0000","S89142","3","Blood bilirubin increased","Blood bilirubin increased","Investigations","MILD","1","N","Y","N","16","18","2012-02-01","2012-02-03","2012-01-01"
"AA-AA-000-0000","S89142","4","Blood bilirubin increased","Blood bilirubin increased","Investigations","MODERATE","2","N","N","N","16","17","2012-02-01","2012-02-02","2012-01-01"
"AA-AA-000-0000","S89142","5","Alanine aminotransferase increased","Alanine aminotransferase increased","Investigations","SEVERE","3","Y","Y","N","69","70","2012-03-25","2012-03-26","2012-01-01"
"AA-AA-000-0000","S89271","1","Alanine aminotransferase increased","Alanine aminotransferase increased","Investigations","MILD","1","N","Y","N","6","19","2012-01-23","2012-02-05","2012-01-01"
"AA-AA-000-0000","S89510","1","Vomiting","Vomiting","Gastrointestinal disorders","LIFE THREATENING","4","Y","Y","Y","1","2","2012-03-27","2012-03-28","2012-03-01"
"AA-AA-000-0000","S89940","1","Aspartate aminotransferase increased","Aspartate aminotransferase increased","Investigations","LIFE THREATENING","4","Y","Y","Y","17","17","2012-03-28","2012-03-28","2012-03-01"
"AA-AA-000-0000","S89940","2","Rash","Rash","Skin and subcutaneous tissue disorders","MODERATE","2","N","Y","Y","16","17","2012-03-27","2012-03-28","2012-03-01"
"AA-AA-000-0000","S89940","3","Headache","Headache","Nervous system disorders","MILD","1","N","Y","N","11","13","2012-03-22","2012-03-24","2012-03-01"
"AA-AA-000-0000","S89977","1","Vomiting","Vomiting","Gastrointestinal disorders","MILD","1","N","Y","Y","14","18","2012-03-24","2012-03-28","2012-03-01"
"AA-AA-000-0000","S89979","1","Aspartate aminotransferase increased","Aspartate aminotransferase increased","Investigations","MILD","1","N","Y","Y","13","13","2012-03-28","2012-03-28","2012-03-01"
"AA-AA-000-0000","S90076","1","Abdominal pain","Abdominal pain","Gastrointestinal disorders","MILD","1","N","Y","N","21","23","2012-02-27","2012-02-29","2012-02-01"
"AA-AA-000-0000","S90076","2","Arthralgia","Arthralgia","Musculoskeletal and connective tissue disorders","SEVERE","3","Y","N","N","34","35","2012-03-11","2012-03-12","2012-02-01"
"AA-AA-000-0000","S90076","3","Constipation","Constipation","Gastrointestinal disorders","MILD","1","N","Y","N","18","33","2012-02-24","2012-03-10","2012-02-01"
"AA-AA-000-0000","S90076","4","Abdominal pain","Abdominal pain","Gastrointestinal disorders","MODERATE","2","N","Y","N","41","47","2012-03-18","2012-03-24","2012-02-01"
"AA-AA-000-0000","S90076","5","Thrombocytopenia","Thrombocytopenia","Blood and lymphatic system disorders","MODERATE","2","N","N","N","26","29","2012-03-03","2012-03-06","2012-02-01"
"AA-AA-000-0000","S90076","6","Diarrhoea","Diarrhoea","Gastrointestinal disorders","MODERATE","2","N","Y","N","34","39","2012-03-11","2012-03-16","2012-02-01"
"AA-AA-000-0000","S90076","7","Alanine aminotransferase increased","Alanine aminotransferase increased","Investigations","SEVERE","3","Y","N","N","13","18","2012-02-19","2012-02-24","2012-02-01"
"AA-AA-000-0000","S90076","8","Abdominal pain","Abdominal pain","Gastrointestinal disorders","MILD","1","N","N","N","8","10","2012-02-14","2012-02-16","2012-02-01"
"AA-AA-000-0000","S90076","9","Anaemia","Anaemia","Blood and lymphatic system disorders","MODERATE","2","N","N","N","36","44","2012-03-13","2012-03-21","2012-02-01"
"AA-AA-000-0000","S90076","10","Decreased appetite","Decreased appetite","Metabolism and nutrition disorders","MILD","1","N","Y","N","42","48","2012-03-19","2012-03-25","2012-02-01"
"AA-AA-000-0000","S90076","11","Cough","Cough","Respiratory, thoracic and mediastinal disorders","MILD","1","N","Y","N","8","17","2012-02-14","2012-02-23","2012-02-01"
"AA-AA-000-0000","S90150","1","Urticaria","Urticaria","Skin and subcutaneous tissue disorders","MODERATE","2","N","Y","N","48","49","2012-02-21","2012-02-22","2012-01-01"
"AA-AA-000-0000","S90150","2","Alanine aminotransferase increased","Alanine aminotransferase increased","Investigations","SEVERE","3","Y","N","N","30","42","2012-02-03","2012-02-15","2012-01-01"
"AA-AA-000-0000","S90150","3","Dyspnoea","Dyspnoea","Respiratory, thoracic and mediastinal disorders","LIFE THREATENING","4","N","Y","N","67","82","2012-03-11","2012-03-26","2012-01-01"
"AA-AA-000-0000","S902","1","Abdominal pain","Abdominal pain","Gastrointestinal disorders","SEVERE","3","Y","Y","Y","14","14","2012-03-28","2012-03-28","2012-03-01"
"AA-AA-000-0000","S902","2","Blood bilirubin increased","Blood bilirubin increased","Investigations","MODERATE","2","N","N","Y","3","14","2012-03-17","2012-03-28","2012-03-01"
"AA-AA-000-0000","S902","3","Neutropenia","Neutropenia","Blood and lymphatic system disorders","MILD","1","N","N","Y","13","14","2012-03-27","2012-03-28","2012-03-01"
"AA-AA-000-0000","S902","4","Somnolence","Somnolence","Nervous system disorders","SEVERE","3","Y","Y","Y","13","14","2012-03-27","2012-03-28","2012-03-01"
"AA-AA-000-0000","S90436","1","Abdominal pain","Abdominal pain","Gastrointestinal disorders","SEVERE","3","Y","N","N","20","21","2012-03-16","2012-03-17","2012-02-01"
"AA-AA-000-0000","S90436","2","Decreased appetite","Decreased appetite","Metabolism and nutrition disorders","SEVERE","3","Y","N","N","4","10","2012-02-29","2012-03-06","2012-02-01"
"AA-AA-000-0000","S90455","1","Nausea","Nausea","Gastrointestinal disorders","MODERATE","2","N","Y","Y","11","34","2012-03-05","2012-03-28","2012-02-01"
"AA-AA-000-0000","S90455","2","Anaemia","Anaemia","Blood and lymphatic system disorders","MODERATE","2","N","Y","N","24","30","2012-03-18","2012-03-24","2012-02-01"
"AA-AA-000-0000","S90455","3","Diarrhoea","Diarrhoea","Gastrointestinal disorders","MILD","1","N","Y","N","23","24","2012-03-17","2012-03-18","2012-02-01"
"AA-AA-000-0000","S90473","1","Cough","Cough","Respiratory, thoracic and mediastinal disorders","MILD","1","N","N","Y","11","17","2012-03-22","2012-03-28","2012-03-01"
"AA-AA-000-0000","S90674","1","Vomiting","Vomiting","Gastrointestinal disorders","MILD","1","N","Y","N","12","24","2012-03-09","2012-03-21","2012-02-01"
"AA-AA-000-0000","S90711","1","Upper respiratory tract infection","Upper respiratory tract infection","Infections and infestations","MILD","1","N","Y","N","7","8","2012-01-12","2012-01-13","2012-01-01"
"AA-AA-000-0000","S90711","2","Alanine aminotransferase increased","Alanine aminotransferase increased","Investigations","SEVERE","3","Y","Y","Y","64","83","2012-03-09","2012-03-28","2012-01-01"
"AA-AA-000-0000","S90711","3","Oedema peripheral","Oedema peripheral","General disorders and administration site conditions","MILD","1","N","N","Y","79","83","2012-03-24","2012-03-28","2012-01-01"
"AA-AA-000-0000","S90711","4","Platelet count decreased","Platelet count decreased","Investigations","MILD","1","N","Y","N","9","10","2012-01-14","2012-01-15","2012-01-01"
"AA-AA-000-0000","S90711","5","Thrombocytopenia","Thrombocytopenia","Blood and lymphatic system disorders","MODERATE","2","N","Y","N","68","69","2012-03-13","2012-03-14","2012-01-01"
"AA-AA-000-0000","S90711","6","Rash","Rash","Skin and subcutaneous tissue disorders","MODERATE","2","Y","N","N","25","26","2012-01-30","2012-01-31","2012-01-01"
"AA-AA-000-0000","S90711","7","Cough","Cough","Respiratory, thoracic and mediastinal disorders","MILD","1","N","N","N","33","55","2012-02-07","2012-02-29","2012-01-01"
"AA-AA-000-0000","S90711","8","Headache","Headache","Nervous system disorders","SEVERE","3","N","N","N","13","21","2012-01-18","2012-01-26","2012-01-01"
"AA-AA-000-0000","S90711","9","Dizziness","Dizziness","Nervous system disorders","MILD","1","N","Y","N","41","47","2012-02-15","2012-02-21","2012-01-01"
"AA-AA-000-0000","S90815","1","Platelet count decreased","Platelet count decreased","Investigations","MILD","1","N","Y","N","19","28","2012-03-13","2012-03-22","2012-02-01"
"AA-AA-000-0000","S90815","2","Dizziness","Dizziness","Nervous system disorders","MILD","1","N","Y","N","5","9","2012-02-28","2012-03-03","2012-02-01"
"AA-AA-000-0000","S90815","3","Paraesthesia","Paraesthesia","Nervous system disorders","MILD","1","N","N","Y","24","34","2012-03-18","2012-03-28","2012-02-01"
"AA-AA-000-0000","S91008","1","Blood bilirubin increased","Blood bilirubin increased","Investigations","MILD","1","N","N","N","42","44","2012-03-24","2012-03-26","2012-02-01"
"AA-AA-000-0000","S91025","1","Back pain","Back pain","Musculoskeletal and connective tissue disorders","MILD","1","N","Y","N","22","28","2012-03-13","2012-03-19","2012-02-01"
"AA-AA-000-0000","S91025","2","Urinary tract infection","Urinary tract infection","Infections and infestations","MILD","1","N","N","Y","27","37","2012-03-18","2012-03-28","2012-02-01"
"AA-AA-000-0000","S91025","3","Neutropenia","Neutropenia","Blood and lymphatic system disorders","MILD","1","N","N","Y","35","37","2012-03-26","2012-03-28","2012-02-01"
"AA-AA-000-0000","S91185","1","Somnolence","Somnolence","Nervous system disorders","MILD","1","N","Y","Y","61","77","2012-03-12","2012-03-28","2012-01-01"
"AA-AA-000-0000","S91185","2","Chills","Chills","General disorders and administration site conditions","MILD","1","N","Y","N","31","41","2012-02-11","2012-02-21","2012-01-01"
"AA-AA-000-0000","S91185","3","Fatigue","Fatigue","General disorders and administration site conditions","MILD","1","N","Y","N","22","40","2012-02-02","2012-02-20","2012-01-01"
"AA-AA-000-0000","S91185","4","Vomiting","Vomiting","Gastrointestinal disorders","MILD","1","N","Y","N","1","37","2012-01-12","2012-02-17","2012-01-01"
"AA-AA-000-0000","S91185","5","Oedema peripheral","Oedema peripheral","General disorders and administration site conditions","MILD","1","N","N","N","47","55","2012-02-27","2012-03-06","2012-01-01"
"AA-AA-000-0000","S91185","6","Nasopharyngitis","Nasopharyngitis","Infections and infestations","MILD","1","N","N","N","18","28","2012-01-29","2012-02-08","2012-01-01"
"AA-AA-000-0000","S91185","7","Diarrhoea","Diarrhoea","Gastrointestinal disorders","MODERATE","2","N","N","N","73","74","2012-03-24","2012-03-25","2012-01-01"
"AA-AA-000-0000","S91185","8","Vomiting","Vomiting","Gastrointestinal disorders","MILD","1","Y","Y","Y","76","77","2012-03-27","2012-03-28","2012-01-01"
"AA-AA-000-0000","S91185","9","Cough","Cough","Respiratory, thoracic and mediastinal disorders","MILD","1","N","N","N","44","62","2012-02-24","2012-03-13","2012-01-01"
"AA-AA-000-0000","S91185","10","Vomiting","Vomiting","Gastrointestinal disorders","MILD","1","N","N","N","66","70","2012-03-17","2012-03-21","2012-01-01"
"AA-AA-000-0000","S91185","11","Constipation","Constipation","Gastrointestinal disorders","MILD","1","N","N","Y","61","77","2012-03-12","2012-03-28","2012-01-01"
"AA-AA-000-0000","S91185","12","Arthralgia","Arthralgia","Musculoskeletal and connective tissue disorders","LIFE THREATENING","4","N","N","N","25","33","2012-02-05","2012-02-13","2012-01-01"
"AA-AA-000-0000","S91185","13","Abdominal pain","Abdominal pain","Gastrointestinal disorders","MODERATE","2","N","Y","N","42","58","2012-02-22","2012-03-09","2012-01-01"
"AA-AA-000-0000","S91426","1","Anaemia","Anaemia","Blood and lymphatic system disorders","MODERATE","2","N","N","Y","3","5","2012-03-26","2012-03-28","2012-03-01"
"AA-AA-000-0000","S91524","1","Vomiting","Vomiting","Gastrointestinal disorders","MILD","1","N","N","N","6","9","2012-03-06","2012-03-09","2012-03-01"
"AA-AA-000-0000","S91571","1","Aspartate aminotransferase increased","Aspartate aminotransferase increased","Investigations","MODERATE","2","N","Y","N","2","22","2012-03-07","2012-03-27","2012-03-01"
"AA-AA-000-0000","S91571","2","Vomiting","Vomiting","Gastrointestinal disorders","MILD","1","N","Y","N","16","22","2012-03-21","2012-03-27","2012-03-01"
"AA-AA-000-0000","S91571","3","Abdominal pain","Abdominal pain","Gastrointestinal disorders","MODERATE","2","N","Y","Y","18","23","2012-03-23","2012-03-28","2012-03-01"
"AA-AA-000-0000","S91652","1","Abdominal pain","Abdominal pain","Gastrointestinal disorders","LIFE THREATENING","4","Y","Y","Y","15","24","2012-03-19","2012-03-28","2012-03-01"
"AA-AA-000-0000","S91652","2","Constipation","Constipation","Gastrointestinal disorders","MODERATE","2","N","N","N","13","15","2012-03-17","2012-03-19","2012-03-01"
"AA-AA-000-0000","S91652","3","Urticaria","Urticaria","Skin and subcutaneous tissue disorders","MILD","1","N","N","Y","10","24","2012-03-14","2012-03-28","2012-03-01"
"AA-AA-000-0000","S91652","4","Upper respiratory tract infection","Upper respiratory tract infection","Infections and infestations","MILD","1","N","Y","Y","17","24","2012-03-21","2012-03-28","2012-03-01"
"AA-AA-000-0000","S91694","1","Back pain","Back pain","Musculoskeletal and connective tissue disorders","MODERATE","2","N","Y","Y","18","26","2012-03-20","2012-03-28","2012-03-01"
"AA-AA-000-0000","S91694","2","Platelet count decreased","Platelet count decreased","Investigations","MILD","1","N","Y","Y","22","26","2012-03-24","2012-03-28","2012-03-01"
"AA-AA-000-0000","S91694","3","Abdominal pain","Abdominal pain","Gastrointestinal disorders","MILD","1","N","N","N","1","15","2012-03-03","2012-03-17","2012-03-01"
"AA-AA-000-0000","S91789","1","Thrombocytopenia","Thrombocytopenia","Blood and lymphatic system disorders","MILD","1","N","N","N","2","4","2012-03-16","2012-03-18","2012-03-01"
"AA-AA-000-0000","S91789","2","Myalgia","Myalgia","Musculoskeletal and connective tissue disorders","SEVERE","3","Y","N","Y","6","14","2012-03-20","2012-03-28","2012-03-01"
"AA-AA-000-0000","S91789","3","Vomiting","Vomiting","Gastrointestinal disorders","MILD","1","N","N","Y","13","14","2012-03-27","2012-03-28","2012-03-01"
"AA-AA-000-0000","S9192","1","Vomiting","Vomiting","Gastrointestinal disorders","MILD","1","N","N","N","26","40","2012-03-06","2012-03-20","2012-02-01"
"AA-AA-000-0000","S9192","2","Thrombocytopenia","Thrombocytopenia","Blood and lymphatic system disorders","MODERATE","2","N","Y","Y","46","48","2012-03-26","2012-03-28","2012-02-01"
"AA-AA-000-0000","S9192","3","Alanine aminotransferase increased","Alanine aminotransferase increased","Investigations","MODERATE","2","N","Y","Y","47","48","2012-03-27","2012-03-28","2012-02-01"
"AA-AA-000-0000","S9192","4","Constipation","Constipation","Gastrointestinal disorders","LIFE THREATENING","4","N","Y","N","28","32","2012-03-08","2012-03-12","2012-02-01"
"AA-AA-000-0000","S9192","5","Urticaria","Urticaria","Skin and subcutaneous tissue disorders","LIFE THREATENING","4","N","N","N","43","47","2012-03-23","2012-03-27","2012-02-01"
"AA-AA-000-0000","S9192","6","Dizziness","Dizziness","Nervous system disorders","MODERATE","2","Y","Y","N","21","31","2012-03-01","2012-03-11","2012-02-01"
"AA-AA-000-0000","S92342","1","Fatigue","Fatigue","General disorders and administration site conditions","SEVERE","3","Y","N","N","7","11","2012-02-25","2012-02-29","2012-02-01"
"AA-AA-000-0000","S92389","1","Platelet count decreased","Platelet count decreased","Investigations","MILD","1","N","Y","Y","24","34","2012-03-18","2012-03-28","2012-02-01"
"AA-AA-000-0000","S92389","2","Dizziness","Dizziness","Nervous system disorders","SEVERE","3","N","Y","N","24","33","2012-03-18","2012-03-27","2012-02-01"
"AA-AA-000-0000","S9242","1","Thrombocytopenia","Thrombocytopenia","Blood and lymphatic system disorders","MODERATE","2","N","N","N","41","46","2012-03-06","2012-03-11","2012-01-01"
"AA-AA-000-0000","S9242","2","Dizziness","Dizziness","Nervous system disorders","MILD","1","N","Y","N","19","20","2012-02-13","2012-02-14","2012-01-01"
"AA-AA-000-0000","S9242","3","Abdominal pain","Abdominal pain","Gastrointestinal disorders","MODERATE","2","N","Y","N","50","54","2012-03-15","2012-03-19","2012-01-01"
"AA-AA-000-0000","S9242","4","Vomiting","Vomiting","Gastrointestinal disorders","SEVERE","3","N","N","N","19","43","2012-02-13","2012-03-08","2012-01-01"
"AA-AA-000-0000","S9242","5","Vomiting","Vomiting","Gastrointestinal disorders","MODERATE","2","N","N","N","40","42","2012-03-05","2012-03-07","2012-01-01"
"AA-AA-000-0000","S9242","6","Vomiting","Vomiting","Gastrointestinal disorders","SEVERE","3","N","Y","N","6","12","2012-01-31","2012-02-06","2012-01-01"
"AA-AA-000-0000","S9242","7","Aspartate aminotransferase increased","Aspartate aminotransferase increased","Investigations","MODERATE","2","N","Y","N","2","8","2012-01-27","2012-02-02","2012-01-01"
"AA-AA-000-0000","S9242","8","Platelet count decreased","Platelet count decreased","Investigations","MILD","1","N","Y","N","17","18","2012-02-11","2012-02-12","2012-01-01"
"AA-AA-000-0000","S92424","1","Aspartate aminotransferase increased","Aspartate aminotransferase increased","Investigations","MODERATE","2","Y","N","N","5","25","2012-02-13","2012-03-04","2012-02-01"
"AA-AA-000-0000","S92424","2","Pyrexia","Pyrexia","General disorders and administration site conditions","SEVERE","3","Y","Y","N","22","37","2012-03-01","2012-03-16","2012-02-01"
"AA-AA-000-0000","S92424","3","Somnolence","Somnolence","Nervous system disorders","MILD","1","N","Y","Y","40","49","2012-03-19","2012-03-28","2012-02-01"
"AA-AA-000-0000","S92424","4","Headache","Headache","Nervous system disorders","MILD","1","N","N","N","28","30","2012-03-07","2012-03-09","2012-02-01"
"AA-AA-000-0000","S92424","5","Chills","Chills","General disorders and administration site conditions","MILD","1","N","Y","N","9","18","2012-02-17","2012-02-26","2012-02-01"
"AA-AA-000-0000","S92424","6","Upper respiratory tract infection","Upper respiratory tract infection","Infections and infestations","SEVERE","3","Y","N","N","13","14","2012-02-21","2012-02-22","2012-02-01"
"AA-AA-000-0000","S92443","1","Hypokalaemia","Hypokalaemia","Metabolism and nutrition disorders","MODERATE","2","N","N","N","2","8","2012-03-18","2012-03-24","2012-03-01"
"AA-AA-000-0000","S92443","2","Fatigue","Fatigue","General disorders and administration site conditions","MILD","1","N","N","N","7","8","2012-03-23","2012-03-24","2012-03-01"
"AA-AA-000-0000","S92443","3","Neutropenia","Neutropenia","Blood and lymphatic system disorders","MODERATE","2","N","N","N","8","10","2012-03-24","2012-03-26","2012-03-01"
"AA-AA-000-0000","S92443","4","Alanine aminotransferase increased","Alanine aminotransferase increased","Investigations","MILD","1","N","Y","N","2","3","2012-03-18","2012-03-19","2012-03-01"
"AA-AA-000-0000","S92734","1","Aspartate aminotransferase increased","Aspartate aminotransferase increased","Investigations","MILD","1","N","Y","Y","5","12","2012-03-21","2012-03-28","2012-03-01"
"AA-AA-000-0000","S92734","2","Abdominal pain","Abdominal pain","Gastrointestinal disorders","MILD","1","N","Y","Y","8","12","2012-03-24","2012-03-28","2012-03-01"
"AA-AA-000-0000","S92789","1","Nausea","Nausea","Gastrointestinal disorders","MODERATE","2","N","Y","N","7","9","2012-02-29","2012-03-02","2012-02-01"
"AA-AA-000-0000","S92789","2","Abdominal pain","Abdominal pain","Gastrointestinal disorders","MODERATE","2","N","Y","N","25","31","2012-03-18","2012-03-24","2012-02-01"
"AA-AA-000-0000","S92789","3","Oedema peripheral","Oedema peripheral","General disorders and administration site conditions","SEVERE","3","N","N","Y","34","35","2012-03-27","2012-03-28","2012-02-01"
"AA-AA-000-0000","S92789","4","Thrombocytopenia","Thrombocytopenia","Blood and lymphatic system disorders","SEVERE","3","N","N","N","13","22","2012-03-06","2012-03-15","2012-02-01"
"AA-AA-000-0000","S92789","5","Alanine aminotransferase increased","Alanine aminotransferase increased","Investigations","MILD","1","N","Y","Y","35","35","2012-03-28","2012-03-28","2012-02-01"
"AA-AA-000-0000","S92817","1","Back pain","Back pain","Musculoskeletal and connective tissue disorders","MILD","1","N","Y","N","26","29","2012-01-31","2012-02-03","2012-01-01"
"AA-AA-000-0000","S92817","2","Alanine aminotransferase increased","Alanine aminotransferase increased","Investigations","SEVERE","3","N","Y","N","17","32","2012-01-22","2012-02-06","2012-01-01"
"AA-AA-000-0000","S92817","3","Abdominal pain","Abdominal pain","Gastrointestinal disorders","SEVERE","3","N","N","N","58","71","2012-03-03","2012-03-16","2012-01-01"
"AA-AA-000-0000","S93256","1","Platelet count decreased","Platelet count decreased","Investigations","LIFE THREATENING","4","Y","Y","N","5","8","2012-02-10","2012-02-13","2012-02-01"
"AA-AA-000-0000","S93256","2","Neutropenia","Neutropenia","Blood and lymphatic system disorders","MILD","1","N","Y","N","38","42","2012-03-14","2012-03-18","2012-02-01"
"AA-AA-000-0000","S93256","3","Platelet count decreased","Platelet count decreased","Investigations","MODERATE","2","N","Y","N","18","32","2012-02-23","2012-03-08","2012-02-01"
"AA-AA-000-0000","S93299","1","Thrombocytopenia","Thrombocytopenia","Blood and lymphatic system disorders","SEVERE","3","Y","N","N","16","25","2012-02-16","2012-02-25","2012-02-01"
"AA-AA-000-0000","S93299","2","Alanine aminotransferase increased","Alanine aminotransferase increased","Investigations","MODERATE","2","N","N","N","30","31","2012-03-01","2012-03-02","2012-02-01"
"AA-AA-000-0000","S93299","3","Fatigue","Fatigue","General disorders and administration site conditions","SEVERE","3","N","N","N","39","42","2012-03-10","2012-03-13","2012-02-01"
"AA-AA-000-0000","S93299","4","Vomiting","Vomiting","Gastrointestinal disorders","MILD","1","N","N","N","23","27","2012-02-23","2012-02-27","2012-02-01"
"AA-AA-000-0000","S93299","5","Neutropenia","Neutropenia","Blood and lymphatic system disorders","SEVERE","3","Y","N","N","7","10","2012-02-07","2012-02-10","2012-02-01"
"AA-AA-000-0000","S93299","6","Fatigue","Fatigue","General disorders and administration site conditions","SEVERE","3","N","Y","N","23","29","2012-02-23","2012-02-29","2012-02-01"
"AA-AA-000-0000","S93299","7","Thrombocytopenia","Thrombocytopenia","Blood and lymphatic system disorders","MODERATE","2","N","Y","N","5","6","2012-02-05","2012-02-06","2012-02-01"
"AA-AA-000-0000","S93299","8","Abdominal pain","Abdominal pain","Gastrointestinal disorders","MILD","1","N","Y","N","30","36","2012-03-01","2012-03-07","2012-02-01"
"AA-AA-000-0000","S93551","1","Nausea","Nausea","Gastrointestinal disorders","MODERATE","2","N","Y","N","33","34","2012-03-17","2012-03-18","2012-02-01"
"AA-AA-000-0000","S93551","2","Paraesthesia","Paraesthesia","Nervous system disorders","MODERATE","2","N","N","Y","37","44","2012-03-21","2012-03-28","2012-02-01"
"AA-AA-000-0000","S93551","3","Diarrhoea","Diarrhoea","Gastrointestinal disorders","MODERATE","2","N","N","N","15","26","2012-02-28","2012-03-10","2012-02-01"
"AA-AA-000-0000","S93551","4","Myalgia","Myalgia","Musculoskeletal and connective tissue disorders","MILD","1","N","Y","N","26","29","2012-03-10","2012-03-13","2012-02-01"
"AA-AA-000-0000","S93551","5","Nausea","Nausea","Gastrointestinal disorders","MODERATE","2","N","Y","N","31","43","2012-03-15","2012-03-27","2012-02-01"
"AA-AA-000-0000","S93551","6","Back pain","Back pain","Musculoskeletal and connective tissue disorders","MODERATE","2","N","N","N","10","24","2012-02-23","2012-03-08","2012-02-01"
"AA-AA-000-0000","S93551","7","Abdominal pain","Abdominal pain","Gastrointestinal disorders","MODERATE","2","N","N","N","3","15","2012-02-16","2012-02-28","2012-02-01"
"AA-AA-000-0000","S93551","8","Blood bilirubin increased","Blood bilirubin increased","Investigations","MILD","1","N","Y","Y","41","44","2012-03-25","2012-03-28","2012-02-01"
"AA-AA-000-0000","S9356","1","Diarrhoea","Diarrhoea","Gastrointestinal disorders","LIFE THREATENING","4","N","N","Y","5","6","2012-03-27","2012-03-28","2012-03-01"
"AA-AA-000-0000","S9356","2","Thrombocytopenia","Thrombocytopenia","Blood and lymphatic system disorders","SEVERE","3","Y","N","Y","6","6","2012-03-28","2012-03-28","2012-03-01"
"AA-AA-000-0000","S9356","3","Anaemia","Anaemia","Blood and lymphatic system disorders","LIFE THREATENING","4","N","N","Y","4","6","2012-03-26","2012-03-28","2012-03-01"
"AA-AA-000-0000","S93758","1","Anaemia","Anaemia","Blood and lymphatic system disorders","MODERATE","2","N","N","N","9","10","2012-03-09","2012-03-10","2012-03-01"
"AA-AA-000-0000","S93758","2","Somnolence","Somnolence","Nervous system disorders","LIFE THREATENING","4","N","Y","N","14","16","2012-03-14","2012-03-16","2012-03-01"
"AA-AA-000-0000","S93758","3","Thrombocytopenia","Thrombocytopenia","Blood and lymphatic system disorders","MODERATE","2","N","Y","N","9","19","2012-03-09","2012-03-19","2012-03-01"
"AA-AA-000-0000","S93758","4","Cough","Cough","Respiratory, thoracic and mediastinal disorders","LIFE THREATENING","4","Y","N","Y","27","28","2012-03-27","2012-03-28","2012-03-01"
"AA-AA-000-0000","S93758","5","Platelet count decreased","Platelet count decreased","Investigations","LIFE THREATENING","4","Y","N","N","12","16","2012-03-12","2012-03-16","2012-03-01"
"AA-AA-000-0000","S93758","6","Platelet count decreased","Platelet count decreased","Investigations","SEVERE","3","N","Y","N","11","16","2012-03-11","2012-03-16","2012-03-01"
"AA-AA-000-0000","S93758","7","Upper respiratory tract infection","Upper respiratory tract infection","Infections and infestations","MILD","1","N","Y","Y","18","28","2012-03-18","2012-03-28","2012-03-01"
"AA-AA-000-0000","S93954","1","Somnolence","Somnolence","Nervous system disorders","LIFE THREATENING","4","Y","N","N","33","37","2012-03-16","2012-03-20","2012-02-01"
"AA-AA-000-0000","S93954","2","Blood bilirubin increased","Blood bilirubin increased","Investigations","MILD","1","N","N","Y","36","45","2012-03-19","2012-03-28","2012-02-01"
"AA-AA-000-0000","S93954","3","Aspartate aminotransferase increased","Aspartate aminotransferase increased","Investigations","MILD","1","N","Y","N","26","28","2012-03-09","2012-03-11","2012-02-01"
"AA-AA-000-0000","S93954","4","Paraesthesia","Paraesthesia","Nervous system disorders","MODERATE","2","N","Y","N","41","42","2012-03-24","2012-03-25","2012-02-01"
"AA-AA-000-0000","S93954","5","Anaemia","Anaemia","Blood and lymphatic system disorders","LIFE THREATENING","4","N","N","N","24","26","2012-03-07","2012-03-09","2012-02-01"
"AA-AA-000-0000","S94084","1","Decreased appetite","Decreased appetite","Metabolism and nutrition disorders","MILD","1","N","Y","N","8","12","2012-03-11","2012-03-15","2012-03-01"
"AA-AA-000-0000","S94352","1","Pyrexia","Pyrexia","General disorders and administration site conditions","SEVERE","3","Y","Y","N","55","66","2012-03-06","2012-03-17","2012-01-01"
"AA-AA-000-0000","S94352","2","Alanine aminotransferase increased","Alanine aminotransferase increased","Investigations","LIFE THREATENING","4","Y","N","N","25","27","2012-02-05","2012-02-07","2012-01-01"
"AA-AA-000-0000","S94352","3","Nausea","Nausea","Gastrointestinal disorders","MODERATE","2","N","N","N","47","52","2012-02-27","2012-03-03","2012-01-01"
"AA-AA-000-0000","S94354","1","Nausea","Nausea","Gastrointestinal disorders","MODERATE","2","N","N","Y","5","9","2012-03-24","2012-03-28","2012-03-01"
"AA-AA-000-0000","S94354","2","Headache","Headache","Nervous system disorders","MILD","1","N","N","Y","8","9","2012-03-27","2012-03-28","2012-03-01"
"AA-AA-000-0000","S94354","3","Upper respiratory tract infection","Upper respiratory tract infection","Infections and infestations","SEVERE","3","Y","Y","N","5","7","2012-03-24","2012-03-26","2012-03-01"
"AA-AA-000-0000","S94354","4","Diarrhoea","Diarrhoea","Gastrointestinal disorders","MODERATE","2","N","Y","Y","9","9","2012-03-28","2012-03-28","2012-03-01"
"AA-AA-000-0000","S94643","1","Headache","Headache","Nervous system disorders","SEVERE","3","Y","N","N","18","23","2012-03-03","2012-03-08","2012-02-01"
"AA-AA-000-0000","S95245","1","Neutropenia","Neutropenia","Blood and lymphatic system disorders","MILD","1","N","Y","N","6","8","2012-03-18","2012-03-20","2012-03-01"
"AA-AA-000-0000","S95245","2","Decreased appetite","Decreased appetite","Metabolism and nutrition disorders","MILD","1","N","Y","N","2","4","2012-03-14","2012-03-16","2012-03-01"
"AA-AA-000-0000","S9553","1","Platelet count decreased","Platelet count decreased","Investigations","MILD","1","N","N","N","7","10","2012-03-23","2012-03-26","2012-03-01"
"AA-AA-000-0000","S95593","1","Anaemia","Anaemia","Blood and lymphatic system disorders","LIFE THREATENING","4","N","Y","N","41","60","2012-03-03","2012-03-22","2012-01-01"
"AA-AA-000-0000","S95593","2","Alanine aminotransferase increased","Alanine aminotransferase increased","Investigations","MILD","1","N","Y","N","3","25","2012-01-25","2012-02-16","2012-01-01"
"AA-AA-000-0000","S95593","3","Platelet count decreased","Platelet count decreased","Investigations","MILD","1","N","N","N","41","45","2012-03-03","2012-03-07","2012-01-01"
"AA-AA-000-0000","S95593","4","Anaemia","Anaemia","Blood and lymphatic system disorders","SEVERE","3","N","Y","N","16","23","2012-02-07","2012-02-14","2012-01-01"
"AA-AA-000-0000","S95593","5","Thrombocytopenia","Thrombocytopenia","Blood and lymphatic system disorders","LIFE THREATENING","4","N","Y","N","16","17","2012-02-07","2012-02-08","2012-01-01"
"AA-AA-000-0000","S95593","6","Cough","Cough","Respiratory, thoracic and mediastinal disorders","MILD","1","N","Y","Y","60","66","2012-03-22","2012-03-28","2012-01-01"
"AA-AA-000-0000","S95593","7","Chills","Chills","General disorders and administration site conditions","LIFE THREATENING","4","N","N","N","30","46","2012-02-21","2012-03-08","2012-01-01"
"AA-AA-000-0000","S95593","8","Neutropenia","Neutropenia","Blood and lymphatic system disorders","MILD","1","N","Y","N","18","19","2012-02-09","2012-02-10","2012-01-01"
"AA-AA-000-0000","S95593","9","Fatigue","Fatigue","General disorders and administration site conditions","MILD","1","N","Y","N","8","19","2012-01-30","2012-02-10","2012-01-01"
"AA-AA-000-0000","S95738","1","Headache","Headache","Nervous system disorders","SEVERE","3","Y","Y","N","2","3","2012-01-26","2012-01-27","2012-01-01"
"AA-AA-000-0000","S95738","2","Abdominal pain","Abdominal pain","Gastrointestinal disorders","MODERATE","2","N","Y","N","5","17","2012-01-29","2012-02-10","2012-01-01"
"AA-AA-000-0000","S95738","3","Neutropenia","Neutropenia","Blood and lymphatic system disorders","MILD","1","N","N","N","47","55","2012-03-11","2012-03-19","2012-01-01"
"AA-AA-000-0000","S95738","4","Platelet count decreased","Platelet count decreased","Investigations","SEVERE","3","N","N","N","44","47","2012-03-08","2012-03-11","2012-01-01"
"AA-AA-000-0000","S95900","1","Diarrhoea","Diarrhoea","Gastrointestinal disorders","SEVERE","3","Y","N","N","29","50","2012-02-13","2012-03-05","2012-01-01"
"AA-AA-000-0000","S95900","2","Fatigue","Fatigue","General disorders and administration site conditions","MILD","1","N","Y","N","56","57","2012-03-11","2012-03-12","2012-01-01"
"AA-AA-000-0000","S95900","3","Diarrhoea","Diarrhoea","Gastrointestinal disorders","MILD","1","N","Y","Y","56","73","2012-03-11","2012-03-28","2012-01-01"
"AA-AA-000-0000","S95900","4","Anaemia","Anaemia","Blood and lymphatic system disorders","SEVERE","3","Y","Y","Y","58","73","2012-03-13","2012-03-28","2012-01-01"
"AA-AA-000-0000","S95900","5","Hypokalaemia","Hypokalaemia","Metabolism and nutrition disorders","LIFE THREATENING","4","Y","Y","N","52","59","2012-03-07","2012-03-14","2012-01-01"
"AA-AA-000-0000","S95900","6","Constipation","Constipation","Gastrointestinal disorders","SEVERE","3","N","N","Y","73","73","2012-03-28","2012-03-28","2012-01-01"
"AA-AA-000-0000","S96053","1","Urinary tract infection","Urinary tract infection","Infections and infestations","MODERATE","2","N","Y","N","5","6","2012-03-20","2012-03-21","2012-03-01"
"AA-AA-000-0000","S96053","2","Thrombocytopenia","Thrombocytopenia","Blood and lymphatic system disorders","MILD","1","N","Y","N","4","9","2012-03-19","2012-03-24","2012-03-01"
"AA-AA-000-0000","S96053","3","Constipation","Constipation","Gastrointestinal disorders","SEVERE","3","N","Y","Y","10","13","2012-03-25","2012-03-28","2012-03-01"
"AA-AA-000-0000","S96070","1","Paraesthesia","Paraesthesia","Nervous system disorders","MILD","1","N","Y","Y","1","6","2012-03-23","2012-03-28","2012-03-01"
"AA-AA-000-0000","S96278","1","Thrombocytopenia","Thrombocytopenia","Blood and lymphatic system disorders","MILD","1","N","N","N","6","9","2012-03-15","2012-03-18","2012-03-01"
"AA-AA-000-0000","S96278","2","Nausea","Nausea","Gastrointestinal disorders","MODERATE","2","N","N","Y","3","19","2012-03-12","2012-03-28","2012-03-01"
"AA-AA-000-0000","S96574","1","Diarrhoea","Diarrhoea","Gastrointestinal disorders","MILD","1","N","N","N","4","6","2012-03-02","2012-03-04","2012-02-01"
"AA-AA-000-0000","S96574","2","Pyrexia","Pyrexia","General disorders and administration site conditions","SEVERE","3","Y","Y","N","20","21","2012-03-18","2012-03-19","2012-02-01"
"AA-AA-000-0000","S9663","1","Platelet count decreased","Platelet count decreased","Investigations","MILD","1","N","Y","Y","38","44","2012-03-22","2012-03-28","2012-02-01"
"AA-AA-000-0000","S96714","1","Constipation","Constipation","Gastrointestinal disorders","MILD","1","Y","Y","Y","30","36","2012-03-22","2012-03-28","2012-02-01"
"AA-AA-000-0000","S96749","1","Headache","Headache","Nervous system disorders","MILD","1","N","Y","N","2","6","2012-02-27","2012-03-02","2012-02-01"
"AA-AA-000-0000","S96749","2","Nasopharyngitis","Nasopharyngitis","Infections and infestations","MILD","1","N","N","N","14","20","2012-03-10","2012-03-16","2012-02-01"
"AA-AA-000-0000","S96757","1","Diarrhoea","Diarrhoea","Gastrointestinal disorders","MODERATE","2","N","N","N","1","3","2012-01-11","2012-01-13","2012-01-01"
"AA-AA-000-0000","S96757","2","Chills","Chills","General disorders and administration site conditions","MILD","1","N","Y","N","31","32","2012-02-10","2012-02-11","2012-01-01"
"AA-AA-000-0000","S96757","3","Pruritus","Pruritus","Skin and subcutaneous tissue disorders","SEVERE","3","N","Y","Y","69","78","2012-03-19","2012-03-28","2012-01-01"
"AA-AA-000-0000","S96757","4","Rash","Rash","Skin and subcutaneous tissue disorders","MODERATE","2","N","N","N","35","55","2012-02-14","2012-03-05","2012-01-01"
"AA-AA-000-0000","S96835","1","Platelet count decreased","Platelet count decreased","Investigations","MILD","1","N","N","Y","20","21","2012-03-27","2012-03-28","2012-03-01"
"AA-AA-000-0000","S97135","1","Aspartate aminotransferase increased","Aspartate aminotransferase increased","Investigations","SEVERE","3","Y","Y","Y","4","7","2012-03-25","2012-03-28","2012-03-01"
"AA-AA-000-0000","S97135","2","Blood bilirubin increased","Blood bilirubin increased","Investigations","SEVERE","3","Y","Y","Y","1","7","2012-03-22","2012-03-28","2012-03-01"
"AA-AA-000-0000","S97280","1","Thrombocytopenia","Thrombocytopenia","Blood and lymphatic system disorders","MILD","1","N","N","Y","10","17","2012-03-21","2012-03-28","2012-03-01"
"AA-AA-000-0000","S97280","2","Blood bilirubin increased","Blood bilirubin increased","Investigations","MILD","1","N","Y","Y","17","17","2012-03-28","2012-03-28","2012-03-01"
"AA-AA-000-0000","S97280","3","Blood bilirubin increased","Blood bilirubin increased","Investigations","MODERATE","2","N","N","Y","5","17","2012-03-16","2012-03-28","2012-03-01"
"AA-AA-000-0000","S97280","4","Nausea","Nausea","Gastrointestinal disorders","SEVERE","3","Y","N","N","8","12","2012-03-19","2012-03-23","2012-03-01"
"AA-AA-000-0000","S97281","1","Vomiting","Vomiting","Gastrointestinal disorders","MILD","1","N","Y","N","2","10","2012-03-17","2012-03-25","2012-03-01"
"AA-AA-000-0000","S97281","2","Blood bilirubin increased","Blood bilirubin increased","Investigations","MILD","1","Y","Y","N","4","7","2012-03-19","2012-03-22","2012-03-01"
"AA-AA-000-0000","S9736","1","Platelet count decreased","Platelet count decreased","Investigations","MILD","1","N","Y","N","3","5","2012-03-21","2012-03-23","2012-03-01"
"AA-AA-000-0000","S97597","1","Anaemia","Anaemia","Blood and lymphatic system disorders","MILD","1","N","Y","Y","25","25","2012-03-28","2012-03-28","2012-03-01"
"AA-AA-000-0000","S97620","1","Diarrhoea","Diarrhoea","Gastrointestinal disorders","SEVERE","3","Y","Y","Y","21","24","2012-03-25","2012-03-28","2012-03-01"
"AA-AA-000-0000","S97790","1","Arthralgia","Arthralgia","Musculoskeletal and connective tissue disorders","SEVERE","3","Y","Y","Y","25","25","2012-03-28","2012-03-28","2012-03-01"
"AA-AA-000-0000","S97790","2","Anaemia","Anaemia","Blood and lymphatic system disorders","MODERATE","2","N","Y","N","13","18","2012-03-16","2012-03-21","2012-03-01"
"AA-AA-000-0000","S97790","3","Platelet count decreased","Platelet count decreased","Investigations","MILD","1","N","N","Y","16","25","2012-03-19","2012-03-28","2012-03-01"
"AA-AA-000-0000","S97790","4","Chills","Chills","General disorders and administration site conditions","MODERATE","2","N","N","Y","17","25","2012-03-20","2012-03-28","2012-03-01"
"AA-AA-000-0000","S97812","1","Blood bilirubin increased","Blood bilirubin increased","Investigations","MODERATE","2","N","N","Y","3","3","2012-03-28","2012-03-28","2012-03-01"
"AA-AA-000-0000","S97812","2","Hypokalaemia","Hypokalaemia","Metabolism and nutrition disorders","MILD","1","Y","N","Y","3","3","2012-03-28","2012-03-28","2012-03-01"
"AA-AA-000-0000","S97812","3","Anaemia","Anaemia","Blood and lymphatic system disorders","MODERATE","2","N","Y","Y","3","3","2012-03-28","2012-03-28","2012-03-01"
"AA-AA-000-0000","S98076","1","Upper respiratory tract infection","Upper respiratory tract infection","Infections and infestations","MODERATE","2","N","N","N","5","17","2012-03-13","2012-03-25","2012-03-01"
"AA-AA-000-0000","S98076","2","Platelet count decreased","Platelet count decreased","Investigations","MODERATE","2","N","N","Y","4","20","2012-03-12","2012-03-28","2012-03-01"
"AA-AA-000-0000","S98076","3","Aspartate aminotransferase increased","Aspartate aminotransferase increased","Investigations","MODERATE","2","N","Y","Y","15","20","2012-03-23","2012-03-28","2012-03-01"
"AA-AA-000-0000","S98076","4","Abdominal pain","Abdominal pain","Gastrointestinal disorders","MILD","1","N","N","N","3","17","2012-03-11","2012-03-25","2012-03-01"
"AA-AA-000-0000","S98168","1","Urinary tract infection","Urinary tract infection","Infections and infestations","MILD","1","N","Y","Y","24","26","2012-03-26","2012-03-28","2012-03-01"
"AA-AA-000-0000","S98168","2","Fatigue","Fatigue","General disorders and administration site conditions","MILD","1","N","Y","Y","1","26","2012-03-03","2012-03-28","2012-03-01"
"AA-AA-000-0000","S98201","1","Anaemia","Anaemia","Blood and lymphatic system disorders","SEVERE","3","Y","Y","N","16","18","2012-03-24","2012-03-26","2012-03-01"
"AA-AA-000-0000","S98267","1","Rash","Rash","Skin and subcutaneous tissue disorders","MILD","1","N","Y","Y","77","78","2012-03-27","2012-03-28","2012-01-01"
"AA-AA-000-0000","S98267","2","Alanine aminotransferase increased","Alanine aminotransferase increased","Investigations","MODERATE","2","N","N","N","36","39","2012-02-15","2012-02-18","2012-01-01"
"AA-AA-000-0000","S98267","3","Blood bilirubin increased","Blood bilirubin increased","Investigations","MILD","1","N","N","N","2","16","2012-01-12","2012-01-26","2012-01-01"
"AA-AA-000-0000","S98330","1","Hypokalaemia","Hypokalaemia","Metabolism and nutrition disorders","MODERATE","2","N","Y","N","4","9","2012-03-20","2012-03-25","2012-03-01"
"AA-AA-000-0000","S98330","2","Rash","Rash","Skin and subcutaneous tissue disorders","LIFE THREATENING","4","Y","Y","N","10","11","2012-03-26","2012-03-27","2012-03-01"
"AA-AA-000-0000","S98330","3","Anaemia","Anaemia","Blood and lymphatic system disorders","SEVERE","3","N","Y","N","6","8","2012-03-22","2012-03-24","2012-03-01"
"AA-AA-000-0000","S98343","1","Pruritus","Pruritus","Skin and subcutaneous tissue disorders","MODERATE","2","N","N","N","4","17","2012-03-02","2012-03-15","2012-02-01"
"AA-AA-000-0000","S98371","1","Dizziness","Dizziness","Nervous system disorders","SEVERE","3","Y","N","Y","53","66","2012-03-15","2012-03-28","2012-01-01"
"AA-AA-000-0000","S98371","2","Diarrhoea","Diarrhoea","Gastrointestinal disorders","MODERATE","2","Y","Y","N","29","32","2012-02-20","2012-02-23","2012-01-01"
"AA-AA-000-0000","S98371","3","Headache","Headache","Nervous system disorders","MODERATE","2","N","N","N","21","22","2012-02-12","2012-02-13","2012-01-01"
"AA-AA-000-0000","S98371","4","Blood bilirubin increased","Blood bilirubin increased","Investigations","MODERATE","2","N","Y","N","10","25","2012-02-01","2012-02-16","2012-01-01"
"AA-AA-000-0000","S98371","5","Nausea","Nausea","Gastrointestinal disorders","MILD","1","N","N","N","4","6","2012-01-26","2012-01-28","2012-01-01"
"AA-AA-000-0000","S98650","1","Hypokalaemia","Hypokalaemia","Metabolism and nutrition disorders","MILD","1","N","Y","N","52","62","2012-02-24","2012-03-05","2012-01-01"
"AA-AA-000-0000","S98650","2","Alanine aminotransferase increased","Alanine aminotransferase increased","Investigations","MODERATE","2","N","Y","N","20","23","2012-01-23","2012-01-26","2012-01-01"
"AA-AA-000-0000","S98650","3","Platelet count decreased","Platelet count decreased","Investigations","MILD","1","N","Y","Y","73","85","2012-03-16","2012-03-28","2012-01-01"
"AA-AA-000-0000","S98650","4","Hypokalaemia","Hypokalaemia","Metabolism and nutrition disorders","MODERATE","2","N","N","N","2","6","2012-01-05","2012-01-09","2012-01-01"
"AA-AA-000-0000","S98650","5","Diarrhoea","Diarrhoea","Gastrointestinal disorders","MODERATE","2","N","Y","N","70","84","2012-03-13","2012-03-27","2012-01-01"
"AA-AA-000-0000","S98650","6","Platelet count decreased","Platelet count decreased","Investigations","SEVERE","3","N","N","Y","79","85","2012-03-22","2012-03-28","2012-01-01"
"AA-AA-000-0000","S98650","7","Thrombocytopenia","Thrombocytopenia","Blood and lymphatic system disorders","SEVERE","3","Y","Y","N","59","80","2012-03-02","2012-03-23","2012-01-01"
"AA-AA-000-0000","S98650","8","Neutropenia","Neutropenia","Blood and lymphatic system disorders","MILD","1","N","Y","N","64","79","2012-03-07","2012-03-22","2012-01-01"
"AA-AA-000-0000","S98650","9","Thrombocytopenia","Thrombocytopenia","Blood and lymphatic system disorders","SEVERE","3","Y","Y","Y","84","85","2012-03-27","2012-03-28","2012-01-01"
"AA-AA-000-0000","S98650","10","Thrombocytopenia","Thrombocytopenia","Blood and lymphatic system disorders","SEVERE","3","Y","Y","N","1","2","2012-01-04","2012-01-05","2012-01-01"
"AA-AA-000-0000","S98650","11","Aspartate aminotransferase increased","Aspartate aminotransferase increased","Investigations","LIFE THREATENING","4","Y","Y","N","8","20","2012-01-11","2012-01-23","2012-01-01"
"AA-AA-000-0000","S98653","1","Platelet count decreased","Platelet count decreased","Investigations","MODERATE","2","N","Y","N","7","8","2012-01-31","2012-02-01","2012-01-01"
"AA-AA-000-0000","S98653","2","Alanine aminotransferase increased","Alanine aminotransferase increased","Investigations","MILD","1","Y","N","Y","54","64","2012-03-18","2012-03-28","2012-01-01"
"AA-AA-000-0000","S98653","3","Aspartate aminotransferase increased","Aspartate aminotransferase increased","Investigations","MODERATE","2","N","Y","N","3","13","2012-01-27","2012-02-06","2012-01-01"
"AA-AA-000-0000","S98653","4","Platelet count decreased","Platelet count decreased","Investigations","MODERATE","2","N","Y","N","41","43","2012-03-05","2012-03-07","2012-01-01"
"AA-AA-000-0000","S98653","5","Aspartate aminotransferase increased","Aspartate aminotransferase increased","Investigations","SEVERE","3","Y","N","N","6","23","2012-01-30","2012-02-16","2012-01-01"
"AA-AA-000-0000","S98820","1","Platelet count decreased","Platelet count decreased","Investigations","SEVERE","3","N","N","N","42","57","2012-02-23","2012-03-09","2012-01-01"
"AA-AA-000-0000","S98820","2","Nausea","Nausea","Gastrointestinal disorders","MILD","1","N","Y","N","55","63","2012-03-07","2012-03-15","2012-01-01"
"AA-AA-000-0000","S98839","1","Arthralgia","Arthralgia","Musculoskeletal and connective tissue disorders","SEVERE","3","Y","Y","N","2","5","2012-02-24","2012-02-27","2012-02-01"
"AA-AA-000-0000","S98839","2","Alanine aminotransferase increased","Alanine aminotransferase increased","Investigations","LIFE THREATENING","4","N","Y","Y","30","35","2012-03-23","2012-03-28","2012-02-01"
"AA-AA-000-0000","S98839","3","Platelet count decreased","Platelet count decreased","Investigations","MODERATE","2","N","Y","N","22","23","2012-03-15","2012-03-16","2012-02-01"
"AA-AA-000-0000","S98839","4","Anaemia","Anaemia","Blood and lymphatic system disorders","SEVERE","3","N","N","Y","6","35","2012-02-28","2012-03-28","2012-02-01"
"AA-AA-000-0000","S98839","5","Anaemia","Anaemia","Blood and lymphatic system disorders","MILD","1","N","N","Y","26","35","2012-03-19","2012-03-28","2012-02-01"
"AA-AA-000-0000","S99475","1","Nausea","Nausea","Gastrointestinal disorders","MILD","1","N","Y","N","33","41","2012-02-12","2012-02-20","2012-01-01"
"AA-AA-000-0000","S99475","2","Vomiting","Vomiting","Gastrointestinal disorders","LIFE THREATENING","4","Y","N","Y","67","78","2012-03-17","2012-03-28","2012-01-01"
"AA-AA-000-0000","S99475","3","Platelet count decreased","Platelet count decreased","Investigations","MODERATE","2","N","Y","N","58","68","2012-03-08","2012-03-18","2012-01-01"
"AA-AA-000-0000","S99475","4","Paraesthesia","Paraesthesia","Nervous system disorders","MILD","1","N","N","N","63","73","2012-03-13","2012-03-23","2012-01-01"
"AA-AA-000-0000","S99475","5","Alanine aminotransferase increased","Alanine aminotransferase increased","Investigations","MODERATE","2","N","Y","N","45","53","2012-02-24","2012-03-03","2012-01-01"
"AA-AA-000-0000","S99475","6","Vomiting","Vomiting","Gastrointestinal disorders","MODERATE","2","N","Y","N","51","74","2012-03-01","2012-03-24","2012-01-01"
"AA-AA-000-0000","S99475","7","Dizziness","Dizziness","Nervous system disorders","MILD","1","N","Y","Y","78","78","2012-03-28","2012-03-28","2012-01-01"
"AA-AA-000-0000","S99475","8","Neutropenia","Neutropenia","Blood and lymphatic system disorders","SEVERE","3","Y","Y","N","76","77","2012-03-26","2012-03-27","2012-01-01"
"AA-AA-000-0000","S99475","9","Blood bilirubin increased","Blood bilirubin increased","Investigations","SEVERE","3","Y","Y","N","45","46","2012-02-24","2012-02-25","2012-01-01"
"AA-AA-000-0000","S99475","10","Chills","Chills","General disorders and administration site conditions","MILD","1","N","Y","Y","67","78","2012-03-17","2012-03-28","2012-01-01"
"AA-AA-000-0000","S99639","1","Vomiting","Vomiting","Gastrointestinal disorders","MODERATE","2","N","Y","N","22","32","2012-02-13","2012-02-23","2012-01-01"
"AA-AA-000-0000","S99639","2","Neutropenia","Neutropenia","Blood and lymphatic system disorders","SEVERE","3","N","Y","N","63","64","2012-03-25","2012-03-26","2012-01-01"
"AA-AA-000-0000","S99639","3","Rash","Rash","Skin and subcutaneous tissue disorders","SEVERE","3","N","Y","Y","54","66","2012-03-16","2012-03-28","2012-01-01"
"AA-AA-000-0000","S99639","4","Platelet count decreased","Platelet count decreased","Investigations","MILD","1","N","Y","N","45","46","2012-03-07","2012-03-08","2012-01-01"
"AA-AA-000-0000","S99639","5","Alanine aminotransferase increased","Alanine aminotransferase increased","Investigations","LIFE THREATENING","4","Y","Y","N","53","54","2012-03-15","2012-03-16","2012-01-01"
"AA-AA-000-0000","S99639","6","Anaemia","Anaemia","Blood and lymphatic system disorders","MODERATE","2","N","Y","N","19","27","2012-02-10","2012-02-18","2012-01-01"
"AA-AA-000-0000","S99904","1","Chills","Chills","General disorders and administration site conditions","MODERATE","2","N","N","Y","10","11","2012-03-27","2012-03-28","2012-03-01"
"AA-AA-000-0000","S44278","11","Constipation","Constipation","Gastrointestinal disorders","LIFE THREATENING","4","N","N","N","31","48","2012-04-20","2012-04-27","2012-04-26"
"AA-AA-000-0000","S7833","4","Thrombocytopenia","Thrombocytopenia","Blood and lymphatic system disorders","SEVERE","3","N","Y","N","48","51","2012-04-26","2012-04-28","2012-04-26"
"AA-AA-000-0000","S34157","13","Neutropenia","Neutropenia","Blood and lymphatic system disorders","MILD","1","N","N","Y","122","125","2012-04-24","2012-04-26","2012-04-26"
"AA-AA-000-0000","S6022","13","Platelet count decreased","Platelet count decreased","Investigations","SEVERE","3","Y","N","N","68","87","2012-04-12","2012-04-14","2012-04-26"
"AA-AA-000-0000","S7559","18","Vomiting","Vomiting","Gastrointestinal disorders","MILD","1","N","Y","N","38","44","2012-04-15","2012-04-22","2012-04-26"
"AA-AA-000-0000","S68947","18","Anaemia","Anaemia","Blood and lymphatic system disorders","MODERATE","2","N","Y","N","92","94","2012-04-26","2012-05-09","2012-04-26"
"AA-AA-000-0000","S85279","25","Diarrhoea","Diarrhoea","Gastrointestinal disorders","LIFE THREATENING","4","Y","Y","N","100","117","2012-04-13","2012-04-27","2012-04-26"
"AA-AA-000-0000","S49115","14","Platelet count decreased","Platelet count decreased","Investigations","SEVERE","3","Y","Y","N","69","86","2012-04-23","2012-05-13","2012-04-26"
"AA-AA-000-0000","S67498","32","Alanine aminotransferase increased","Alanine aminotransferase increased","Investigations","SEVERE","3","N","N","N","114","134","2012-04-11","2012-04-17","2012-04-26"
"AA-AA-000-0000","S23519","17","Alanine aminotransferase increased","Alanine aminotransferase increased","Investigations","MODERATE","2","N","N","N","111","114","2012-04-14","2012-05-03","2012-04-26"
"AA-AA-000-0000","S67498","34","Platelet count decreased","Platelet count decreased","Investigations","MILD","1","Y","N","N","54","70","2012-04-25","2012-04-28","2012-04-26"
"AA-AA-000-0000","S62190","20","Vomiting","Vomiting","Gastrointestinal disorders","MILD","1","N","N","N","71","82","2012-04-11","2012-04-29","2012-04-26"
"AA-AA-000-0000","S80969","17","Upper respiratory tract infection","Upper respiratory tract infection","Infections and infestations","MILD","1","N","Y","Y","98","104","2012-04-20","2012-05-09","2012-04-26"
"AA-AA-000-0000","S57691","20","Aspartate aminotransferase increased","Aspartate aminotransferase increased","Investigations","MILD","1","N","Y","N","45","63","2012-04-15","2012-04-27","2012-04-26"
"AA-AA-000-0000","S80107","24","Blood bilirubin increased","Blood bilirubin increased","Investigations","MILD","1","N","N","N","69","83","2012-04-11","2012-04-27","2012-04-26"
"AA-AA-000-0000","S22366","23","Dyspnoea","Dyspnoea","Respiratory, thoracic and mediastinal disorders","MODERATE","2","N","N","N","105","123","2012-04-23","2012-04-25","2012-04-26"
"AA-AA-000-0000","S47153","25","Blood bilirubin increased","Blood bilirubin increased","Investigations","MILD","1","N","Y","N","105","107","2012-04-09","2012-04-18","2012-04-26"
"AA-AA-000-0000","S63470","27","Abdominal pain","Abdominal pain","Gastrointestinal disorders","SEVERE","3","N","Y","Y","102","111","2012-04-14","2012-04-23","2012-04-26"
"AA-AA-000-0000","S90711","28","Thrombocytopenia","Thrombocytopenia","Blood and lymphatic system disorders","MILD","1","N","Y","N","103","110","2012-04-20","2012-05-04","2012-04-26"
"AA-AA-000-0000","S77607","24","Abdominal pain","Abdominal pain","Gastrointestinal disorders","SEVERE","3","N","Y","N","59","68","2012-04-11","2012-04-14","2012-04-26"
"AA-AA-000-0000","S7775","35","Blood bilirubin increased","Blood bilirubin increased","Investigations","SEVERE","3","Y","N","N","98","117","2012-04-26","2012-05-07","2012-04-26"
"AA-AA-000-0000","S6557","26","Arthralgia","Arthralgia","Musculoskeletal and connective tissue disorders","MILD","1","N","N","N","49","65","2012-04-24","2012-05-05","2012-04-26"
"AA-AA-000-0000","S65424","25","Myalgia","Myalgia","Musculoskeletal and connective tissue disorders","SEVERE","3","N","N","N","53","64","2012-04-13","2012-04-20","2012-04-26"
"AA-AA-000-0000","S23661","30","Hypokalaemia","Hypokalaemia","Metabolism and nutrition disorders","MILD","1","N","Y","N","53","65","2012-04-16","2012-04-19","2012-04-26"
"AA-AA-000-0000","S43101","31","Constipation","Constipation","Gastrointestinal disorders","MODERATE","2","Y","N","N","106","125","2012-04-09","2012-04-16","2012-04-26"
"AA-AA-000-0000","S900001","1","Oedema peripheral","Oedema peripheral","General disorders and administration site conditions","MILD","1","N","N","N","7","15","2012-04-26","2012-05-03","2012-04-26"
"AA-AA-000-0000","S900002","1","Alanine aminotransferase increased","Alanine aminotransferase increased","Investigations","MILD","1","N","Y","N","17","29","2012-04-26","2012-05-03","2012-04-26"
"AA-AA-000-0000","S900003","1","Headache","Headache","Nervous system disorders","MILD","1","N","N","N","20","31","2012-04-26","2012-05-03","2012-04-26"
"AA-AA-000-0000","S900004","1","Dyspnoea","Dyspnoea","Respiratory, thoracic and mediastinal disorders","MODERATE","2","N","N","N","4","13","2012-04-26","2012-05-03","2012-04-26"
"AA-AA-000-0000","S900005","1","Neutropenia","Neutropenia","Blood and lymphatic system disorders","MODERATE","2","N","Y","N","5","10","2012-04-26","2012-05-03","2012-04-26"
